"id","备注","宝箱库ID","宝箱类型","奖励id","开启次数","提示ID","队伍开启模式","开启等级"
"180225","貌似无用","1","1","6290","10","166003","1","1"
"180354","公会宝箱","2","1","6293","1","166003","0","1"
"180404","公会宝箱","3","1","6293","1","166003","0","1"
"180320","世界宝箱","4","1","5210","5","166003","1","20"
"300002","纳鲁恩赐宝箱","5","1","6550","1","180024","0","1"
"300003","公会战胜利宝箱","6","1","6733","1","410048","0","1"
"300004","公会战庆贺宝箱","7","1","6734","1","410048","0","1"
"","","","","","","","",""
"","","","","","","","",""
"","","","","","","","",""
"","","","","","","","",""
"","","","","","","","",""
"","","","","","","","",""
"","","","","","","","",""
"","","","","","","","",""
"","","","","","","","",""
"","","","","","","","",""
"","","","","","","","",""
"","","","","","","","",""
"","","","","","","","",""
"","","","","","","","",""
"","","","","","","","",""
"","","","","","","","",""
"","","","","","","","",""
"","","","","","","","",""
"","","","","","","","",""
"","","","","","","","",""
"","","","","","","","",""
"","","","","","","","",""
"","","","","","","","",""
"","","","","","","","",""
"","","","","","","","",""
