"造型id","造型","全身像","半身像id","小头像id","小地图头像","描述","几个方向","影子尺寸","攻击音效","施法音效","是否远程","是否进行位移","是否染色","部件1","部件2","部件3","显示武器ID","显示坐骑ID","秘境头像","透明化半身像","圆形头像","站位点专用"
"1","role-jianxiake","","9000","30200","30217","剑侠客","4","2","at-jxkgj","at-jxksf","0","1","1","0","0","0","6100101","","913","1848","",""
"2","role-xiaoyaosheng","","9001","30201","30218","逍遥生","4","2","at-xysgj","at-xyssf","0","1","1","0","0","0","6100104","","914","1849","",""
"3","role-moshaojun","","9002","30202","30219","漠少君","4","2","at-msjgj","at-msjsf","0","1","1","0","0","0","6100117","","915","1850","",""
"4","role-feiyannv","","9003","30203","30220","飞燕女","4","2","at-fyngj","at-fynsf","0","1","1","0","0","0","6100109","","916","1851","",""
"5","role-yingnvxia","","9004","30204","30221","英女侠","4","2","at-ynxgj","at-ynxsf","0","1","1","0","0","0","6100114","","917","1852","",""
"6","role-wumaner","","9005","30205","30222","巫蛮儿","4","2","at-wmegj","at-wmesf","0","1","1","0","0","0","6100116","","918","1853","",""
"7","role-longtaizi","","9006","30206","30223","龙太子","4","2","at-ltzgj","at-ltzsf","0","1","1","0","0","0","6100102","","919","1854","",""
"8","role-shentianbing","","9007","30207","30224","神天兵","4","2","at-stbgj","at-stbsf","0","1","1","0","0","0","6100107","","920","1855","",""
"9","role-yulingshen","","9008","30208","30225","羽灵神","4","2","at-ylsgj","at-ylssf","0","1","1","0","0","0","6100115","","921","1856","",""
"10","role-wutianji","","9009","30209","30226","舞天姬","4","2","at-wtjgj","at-wtjsf","0","1","1","0","0","0","6100111","","922","1857","",""
"11","role-menglinglong","","9010","30210","30227","梦玲珑","4","2","at-mllgj","at-mllsf","0","1","1","0","0","0","6100112","","923","1858","",""
"12","role-xuancaie","","9011","30211","30228","玄彩娥","4","2","at-xcegj","at-xcesf","0","1","1","0","0","0","6100105","","924","1859","",""
"13","role-shapolang","","9012","30212","30229","杀破狼","4","2","at-splgj","at-splsf","1","1","1","0","0","0","6100110","","929","1864","",""
"14","role-hutouguai","","9013","30213","30230","虎头怪","4","2","at-htggj","at-htgsf","0","1","1","0","0","0","6100103","","930","1865","",""
"15","role-jumowang","","9014","30214","30231","巨魔王","4","2","at-jmwgj","at-jmwsf","0","1","1","0","0","0","6100113","","931","1866","",""
"16","role-gujingling","","9015","30215","30232","骨精灵","4","2","at-gjlgj","at-gjlsf","0","1","1","0","0","0","6100106","","932","1867","",""
"17","role-humeiren","","9016","30216","30233","狐美人","4","2","at-hmrgj","at-hmrsf","0","1","1","0","0","0","6100108","","933","1868","",""
"1070101","paopao","","9130","30395","30395","下面是门派师傅模型：4方向","8","2","mt-_niutouren_gongji1","mt-_niutouren_shifa2","0","0","0","0","0","0","","","","","",""
"1000101","npc-chengyaojin","","9035","30413","30413","程咬金-不可用于战斗","4","2","","BB-tongyong1-sf","0","1","0","0","0","0","","","","","",""
"1000102","npc-putilaozu","","9036","30410","30410","菩提祖师","4","2","","BB-tongyong2-sf","0","1","0","0","0","0","","","","","",""
"1000103","zz18-guanyinpusa","","9038","30385","30385","观音菩萨","2","2","","BB-tongyong3-sf","0","1","0","0","0","0","","","","","",""
"1000104","zz09-jiulingyuansheng","","9037","30376","30376","大大王","4","2","","BB-tongyong4-sf","0","1","0","0","0","0","","","","","",""
"1000105","zz15-donghailongwang","","9040","30382","30382","东海龙王","4","2","","BB-tongyong5-sf","0","1","0","0","0","0","","","","","",""
"1000106","zz12-dizangpusa","","9039","30379","30379","地藏菩萨","4","2","","BB-tongyong6-sf","0","1","0","0","0","0","","","","","",""
"1000107","zz21-niumowang","","9041","30388","30388","牛魔王","4","2","","BB-tongyong6-sf","0","1","0","0","0","0","","","","","",""
"1000108","zz23-change","","9043","30390","30390","月灵","4","2","","BB-tongyong6-sf","0","1","0","0","0","0","","","","","",""
"1000109","zz26-kongducanshi","","9042","30393","30393","空度禅师","4","2","","BB-tongyong6-sf","0","1","0","0","0","0","","","","","",""
"1888289","paopao","","9130","30332","","下面是主角模型：4方向","8","2","mt-_niutouren_gongji1","mt-_niutouren_shifa2","0","0","0","0","0","0","","","","","",""
"1010101","role-jianxiake","","9000","30200","30217","剑侠客","4","2","at-jxkgj","at-jxksf","0","1","1","0","0","0","6100101","","913","1848","",""
"1010102","role-xiaoyaosheng","","9001","30201","30218","逍遥生","4","2","at-xysgj","at-xyssf","0","1","1","0","0","0","6100104","","914","1849","",""
"1010103","role-moshaojun","","9002","30202","30219","漠少君","4","2","at-msjgj","at-msjsf","0","1","1","0","0","0","6100117","","915","1850","",""
"1010104","role-feiyannv","","9003","30203","30220","飞燕女","4","2","at-fyngj","at-fynsf","0","1","1","0","0","0","6100109","","916","1851","",""
"1010105","role-yingnvxia","","9004","30204","30221","英女侠","4","2","at-ynxgj","at-ynxsf","0","1","1","0","0","0","6100114","","917","1852","",""
"1010106","role-wumaner","","9005","30205","30222","巫蛮儿","4","2","at-wmegj","at-wmesf","0","1","1","0","0","0","6100116","","918","1853","",""
"1010107","role-longtaizi","","9006","30206","30223","龙太子","4","2","at-ltzgj","at-ltzsf","0","1","1","0","0","0","6100102","","919","1854","",""
"1010108","role-shentianbing","","9007","30207","30224","神天兵","4","2","at-stbgj","at-stbsf","0","1","1","0","0","0","6100107","","920","1855","",""
"1010109","role-yulingshen","","9008","30208","30225","羽灵神","4","2","at-ylsgj","at-ylssf","0","1","1","0","0","0","6100115","","921","1856","",""
"1010110","role-wutianji","","9009","30209","30226","舞天姬","4","2","at-wtjgj","at-wtjsf","0","1","1","0","0","0","6100111","","922","1857","",""
"1010111","role-menglinglong","","9010","30210","30227","梦玲珑","4","2","at-mllgj","at-mllsf","0","1","1","0","0","0","6100112","","923","1858","",""
"1010112","role-xuancaie","","9011","30211","30228","玄彩娥","4","2","at-xcegj","at-xcesf","0","1","1","0","0","0","6100105","","924","1859","",""
"1010113","role-shapolang","","9012","30212","30229","杀破狼","4","2","at-splgj","at-splsf","1","1","1","0","0","0","6100110","","929","1864","",""
"1010114","role-hutouguai","","9013","30213","30230","虎头怪","4","2","at-htggj","at-htgsf","0","1","1","0","0","0","6100103","","930","1865","",""
"1010115","role-jumowang","","9014","30214","30231","巨魔王","4","2","at-jmwgj","at-jmwsf","0","1","1","0","0","0","6100113","","931","1866","",""
"1010116","role-gujingling","","9015","30215","30232","骨精灵","4","2","at-gjlgj","at-gjlsf","0","1","1","0","0","0","6100106","","932","1867","",""
"1010117","role-humeiren","","9016","30216","30233","狐美人","4","2","at-hmrgj","at-hmrsf","0","1","1","0","0","0","6100108","","933","1868","",""
"1888389","paopao","","9130","30332","","下面是主角模型：4方向，用于战斗","8","2","mt-_niutouren_gongji1","mt-_niutouren_shifa2","0","0","0","0","0","0","","","","","",""
"1011101","role-jianxiake","","9000","30200","30217","剑侠客","4","2","at-jxkgj","at-jxksf","0","1","1","0","0","0","6100101","","913","1848","",""
"1011102","role-xiaoyaosheng","","9001","30201","30218","逍遥生","4","2","at-xysgj","at-xyssf","0","1","1","0","0","0","6100104","","914","1849","",""
"1011103","role-moshaojun","","9002","30202","30219","漠少君","4","2","at-msjgj","at-msjsf","0","1","1","0","0","0","6100117","","915","1850","",""
"1011104","role-feiyannv","","9003","30203","30220","飞燕女","4","2","at-fyngj","at-fynsf","0","1","1","0","0","0","6100109","","916","1851","",""
"1011105","role-yingnvxia","","9004","30204","30221","英女侠","4","2","at-ynxgj","at-ynxsf","0","1","1","0","0","0","6100114","","917","1852","",""
"1011106","role-wumaner","","9005","30205","30222","巫蛮儿","4","2","at-wmegj","at-wmesf","0","1","1","0","0","0","6100116","","918","1853","",""
"1011107","role-longtaizi","","9006","30206","30223","龙太子","4","2","at-ltzgj","at-ltzsf","0","1","1","0","0","0","6100102","","919","1854","",""
"1011108","role-shentianbing","","9007","30207","30224","神天兵","4","2","at-stbgj","at-stbsf","0","1","1","0","0","0","6100107","","920","1855","",""
"1011109","role-yulingshen","","9008","30208","30225","羽灵神","4","2","at-ylsgj","at-ylssf","0","1","1","0","0","0","6100115","","921","1856","",""
"1011110","role-wutianji","","9009","30209","30226","舞天姬","4","2","at-wtjgj","at-wtjsf","0","1","1","0","0","0","6100111","","922","1857","",""
"1011111","role-menglinglong","","9010","30210","30227","梦玲珑","4","2","at-mllgj","at-mllsf","0","1","1","0","0","0","6100112","","923","1858","",""
"1011112","role-xuancaie","","9011","30211","30228","玄彩娥","4","2","at-xcegj","at-xcesf","0","1","1","0","0","0","6100105","","924","1859","",""
"1011113","role-shapolang","","9012","30212","30229","杀破狼","4","2","at-splgj","at-splsf","1","1","1","0","0","0","6100110","","929","1864","",""
"1011114","role-hutouguai","","9013","30213","30230","虎头怪","4","2","at-htggj","at-htgsf","0","1","1","0","0","0","6100103","","930","1865","",""
"1011115","role-jumowang","","9014","30214","30231","巨魔王","4","2","at-jmwgj","at-jmwsf","0","1","1","0","0","0","6100113","","931","1866","",""
"1011116","role-gujingling","","9015","30215","30232","骨精灵","4","2","at-gjlgj","at-gjlsf","0","1","1","0","0","0","6100106","","932","1867","",""
"1011117","role-humeiren","","9016","30216","30233","狐美人","4","2","at-hmrgj","at-hmrsf","0","1","1","0","0","0","6100108","","933","1868","",""
"1011118","role-jianxiake","","9000","30200","30217","剑侠客-100级武器","4","2","at-jxkgj","at-jxksf","0","1","1","0","0","0","6120101","","913","1848","",""
"1011119","role-xiaoyaosheng","","9001","30201","30218","逍遥生-100级武器","4","2","at-xysgj","at-xyssf","0","1","1","0","0","0","6120102","","914","1849","",""
"1011120","role-moshaojun","","9002","30202","30219","漠少君-100级武器","4","2","at-msjgj","at-msjsf","0","1","1","0","0","0","6120103","","915","1850","",""
"1011121","role-feiyannv","","9003","30203","30220","飞燕女-100级武器","4","2","at-fyngj","at-fynsf","0","1","1","0","0","0","6120104","","916","1851","",""
"1011122","role-yingnvxia","","9004","30204","30221","英女侠-100级武器","4","2","at-ynxgj","at-ynxsf","0","1","1","0","0","0","6120105","","917","1852","",""
"1011123","role-wumaner","","9005","30205","30222","巫蛮儿-100级武器","4","2","at-wmegj","at-wmesf","0","1","1","0","0","0","6120106","","918","1853","",""
"1011124","role-longtaizi","","9006","30206","30223","龙太子-100级武器","4","2","at-ltzgj","at-ltzsf","0","1","1","0","0","0","6120107","","919","1854","",""
"1011125","role-shentianbing","","9007","30207","30224","神天兵-100级武器","4","2","at-stbgj","at-stbsf","0","1","1","0","0","0","6120108","","920","1855","",""
"1011126","role-yulingshen","","9008","30208","30225","羽灵神-100级武器","4","2","at-ylsgj","at-ylssf","0","1","1","0","0","0","6120109","","921","1856","",""
"1011127","role-wutianji","","9009","30209","30226","舞天姬-100级武器","4","2","at-wtjgj","at-wtjsf","0","1","1","0","0","0","6120110","","922","1857","",""
"1011128","role-menglinglong","","9010","30210","30227","梦玲珑-100级武器","4","2","at-mllgj","at-mllsf","0","1","1","0","0","0","6120111","","923","1858","",""
"1011129","role-xuancaie","","9011","30211","30228","玄彩娥-100级武器","4","2","at-xcegj","at-xcesf","0","1","1","0","0","0","6120112","","924","1859","",""
"1011130","role-shapolang","","9012","30212","30229","杀破狼-100级武器","4","2","at-splgj","at-splsf","1","1","1","0","0","0","6120113","","929","1864","",""
"1011131","role-hutouguai","","9013","30213","30230","虎头怪-100级武器","4","2","at-htggj","at-htgsf","0","1","1","0","0","0","6120114","","930","1865","",""
"1011132","role-jumowang","","9014","30214","30231","巨魔王-100级武器","4","2","at-jmwgj","at-jmwsf","0","1","1","0","0","0","6120115","","931","1866","",""
"1011133","role-gujingling","","9015","30215","30232","骨精灵-100级武器","4","2","at-gjlgj","at-gjlsf","0","1","1","0","0","0","6120116","","932","1867","",""
"1011134","role-humeiren","","9016","30216","30233","狐美人-100级武器","4","2","at-hmrgj","at-hmrsf","0","1","1","0","0","0","6120117","","933","1868","",""
"1988239","paopao","","9130","30332","","下面是锦衣","8","2","mt-_niutouren_gongji1","mt-_niutouren_shifa2","0","0","0","0","0","0","","","","","",""
"3000001","fashion-jianxiake1","","9000","30200","30217","剑侠客","4","2","at-jxkgj","at-jxksf","0","1","1","0","0","0","6070101","","916","1851","",""
"3001001","fashion-jianxiake2","","9000","30200","30217","剑侠客","4","2","at-jxkgj","at-jxksf","0","1","1","0","0","0","6070101","","916","1851","",""
"3002001","fashion-jianxiake3","","9000","30200","30217","剑侠客","4","2","at-jxkgj","at-jxksf","0","1","1","0","0","0","6070101","","916","1851","",""
"3003001","fashion-jianxiake4","","9000","30200","30217","剑侠客","4","2","at-jxkgj","at-jxksf","0","1","1","0","0","0","6070101","","916","1851","",""
"3004001","fashion-jianxiake5","","9000","30200","30217","剑侠客","4","2","at-jxkgj","at-jxksf","0","1","1","0","0","0","6070101","","916","1851","",""
"3005001","fashion-jianxiake6","","9000","30200","30217","剑侠客","4","2","at-jxkgj","at-jxksf","0","1","1","0","0","0","6070101","","916","1851","",""
"3006001","fashion-jianxiake7","","9000","30200","30217","剑侠客","4","2","at-jxkgj","at-jxksf","0","1","1","0","0","0","6070101","","916","1851","",""
"3007001","fashion-jianxiake8","","9000","30200","30217","剑侠客","4","2","at-jxkgj","at-jxksf","0","1","1","0","0","0","6070101","","916","1851","",""
"3008001","fashion-jianxiake9","","9000","30200","30217","剑侠客","4","2","at-jxkgj","at-jxksf","0","1","1","0","0","0","6070101","","916","1851","",""
"3009001","fashion-jianxiake10","","9000","30200","30217","剑侠客","4","2","at-jxkgj","at-jxksf","0","1","1","0","0","0","6070101","","916","1851","",""
"3000002","fashion-xiaoyaosheng1","","9001","30201","30218","逍遥生","4","2","at-xysgj","at-xyssf","0","1","1","0","0","0","6070104","","932","1867","",""
"3001002","fashion-xiaoyaosheng2","","9001","30201","30218","逍遥生","4","2","at-xysgj","at-xyssf","0","1","1","0","0","0","6070104","","932","1867","",""
"3002002","fashion-xiaoyaosheng3","","9001","30201","30218","逍遥生","4","2","at-xysgj","at-xyssf","0","1","1","0","0","0","6070104","","932","1867","",""
"3003002","fashion-xiaoyaosheng4","","9001","30201","30218","逍遥生","4","2","at-xysgj","at-xyssf","0","1","1","0","0","0","6070104","","932","1867","",""
"3004002","fashion-xiaoyaosheng5","","9001","30201","30218","逍遥生","4","2","at-xysgj","at-xyssf","0","1","1","0","0","0","6070104","","932","1867","",""
"3005002","fashion-xiaoyaosheng6","","9001","30201","30218","逍遥生","4","2","at-xysgj","at-xyssf","0","1","1","0","0","0","6070104","","932","1867","",""
"3006002","fashion-xiaoyaosheng7","","9001","30201","30218","逍遥生","4","2","at-xysgj","at-xyssf","0","1","1","0","0","0","6070104","","932","1867","",""
"3007002","fashion-xiaoyaosheng8","","9001","30201","30218","逍遥生","4","2","at-xysgj","at-xyssf","0","1","1","0","0","0","6070104","","932","1867","",""
"3008002","fashion-xiaoyaosheng9","","9001","30201","30218","逍遥生","4","2","at-xysgj","at-xyssf","0","1","1","0","0","0","6070104","","932","1867","",""
"3009002","fashion-xiaoyaosheng10","","9001","30201","30218","逍遥生","4","2","at-xysgj","at-xyssf","0","1","1","0","0","0","6070104","","932","1867","",""
"3000003","fashion-moshaojun1","","9002","30202","30219","漠少君","4","2","at-msjgj","at-msjsf","0","1","1","0","0","0","6070117","","933","1868","",""
"3001003","fashion-moshaojun2","","9002","30202","30219","漠少君","4","2","at-msjgj","at-msjsf","0","1","1","0","0","0","6070117","","933","1868","",""
"3002003","fashion-moshaojun3","","9002","30202","30219","漠少君","4","2","at-msjgj","at-msjsf","0","1","1","0","0","0","6070117","","933","1868","",""
"3003003","fashion-moshaojun4","","9002","30202","30219","漠少君","4","2","at-msjgj","at-msjsf","0","1","1","0","0","0","6070117","","933","1868","",""
"3004003","fashion-moshaojun5","","9002","30202","30219","漠少君","4","2","at-msjgj","at-msjsf","0","1","1","0","0","0","6070117","","933","1868","",""
"3005003","fashion-moshaojun6","","9002","30202","30219","漠少君","4","2","at-msjgj","at-msjsf","0","1","1","0","0","0","6070117","","933","1868","",""
"3006003","fashion-moshaojun7","","9002","30202","30219","漠少君","4","2","at-msjgj","at-msjsf","0","1","1","0","0","0","6070117","","933","1868","",""
"3007003","fashion-moshaojun8","","9002","30202","30219","漠少君","4","2","at-msjgj","at-msjsf","0","1","1","0","0","0","6070117","","933","1868","",""
"3008003","fashion-moshaojun9","","9002","30202","30219","漠少君","4","2","at-msjgj","at-msjsf","0","1","1","0","0","0","6070117","","933","1868","",""
"3009003","fashion-moshaojun10","","9002","30202","30219","漠少君","4","2","at-msjgj","at-msjsf","0","1","1","0","0","0","6070117","","933","1868","",""
"3000004","fashion-feiyannv1","","9003","30203","30220","飞燕女","4","2","at-fyngj","at-fynsf","0","1","1","0","0","0","6070109","","930","1865","",""
"3001004","fashion-feiyannv2","","9003","30203","30220","飞燕女","4","2","at-fyngj","at-fynsf","0","1","1","0","0","0","6070109","","930","1865","",""
"3002004","fashion-feiyannv3","","9003","30203","30220","飞燕女","4","2","at-fyngj","at-fynsf","0","1","1","0","0","0","6070109","","930","1865","",""
"3003004","fashion-feiyannv4","","9003","30203","30220","飞燕女","4","2","at-fyngj","at-fynsf","0","1","1","0","0","0","6070109","","930","1865","",""
"3004004","fashion-feiyannv5","","9003","30203","30220","飞燕女","4","2","at-fyngj","at-fynsf","0","1","1","0","0","0","6070109","","930","1865","",""
"3005004","fashion-feiyannv6","","9003","30203","30220","飞燕女","4","2","at-fyngj","at-fynsf","0","1","1","0","0","0","6070109","","930","1865","",""
"3006004","fashion-feiyannv7","","9003","30203","30220","飞燕女","4","2","at-fyngj","at-fynsf","0","1","1","0","0","0","6070109","","930","1865","",""
"3007004","fashion-feiyannv8","","9003","30203","30220","飞燕女","4","2","at-fyngj","at-fynsf","0","1","1","0","0","0","6070109","","930","1865","",""
"3008004","fashion-feiyannv9","","9003","30203","30220","飞燕女","4","2","at-fyngj","at-fynsf","0","1","1","0","0","0","6070109","","930","1865","",""
"3009004","fashion-feiyannv10","","9003","30203","30220","飞燕女","4","2","at-fyngj","at-fynsf","0","1","1","0","0","0","6070109","","930","1865","",""
"3000005","fashion-yingnvxia1","","9004","30204","30221","英女侠","4","2","at-ynxgj","at-ynxsf","0","1","1","0","0","0","6050114","","913","1848","",""
"3001005","fashion-yingnvxia2","","9004","30204","30221","英女侠","4","2","at-ynxgj","at-ynxsf","0","1","1","0","0","0","6050114","","913","1848","",""
"3002005","fashion-yingnvxia3","","9004","30204","30221","英女侠","4","2","at-ynxgj","at-ynxsf","0","1","1","0","0","0","6050114","","913","1848","",""
"3003005","fashion-yingnvxia4","","9004","30204","30221","英女侠","4","2","at-ynxgj","at-ynxsf","0","1","1","0","0","0","6050114","","913","1848","",""
"3004005","fashion-yingnvxia5","","9004","30204","30221","英女侠","4","2","at-ynxgj","at-ynxsf","0","1","1","0","0","0","6050114","","913","1848","",""
"3005005","fashion-yingnvxia6","","9004","30204","30221","英女侠","4","2","at-ynxgj","at-ynxsf","0","1","1","0","0","0","6050114","","913","1848","",""
"3006005","fashion-yingnvxia7","","9004","30204","30221","英女侠","4","2","at-ynxgj","at-ynxsf","0","1","1","0","0","0","6050114","","913","1848","",""
"3007005","fashion-yingnvxia8","","9004","30204","30221","英女侠","4","2","at-ynxgj","at-ynxsf","0","1","1","0","0","0","6050114","","913","1848","",""
"3008005","fashion-yingnvxia9","","9004","30204","30221","英女侠","4","2","at-ynxgj","at-ynxsf","0","1","1","0","0","0","6050114","","913","1848","",""
"3009005","fashion-yingnvxia10","","9004","30204","30221","英女侠","4","2","at-ynxgj","at-ynxsf","0","1","1","0","0","0","6050114","","913","1848","",""
"3000006","fashion-wumaner1","","9005","30205","30222","巫蛮儿","4","2","at-wmegj","at-wmesf","0","1","1","0","0","0","6050116","","931","1866","",""
"3001006","fashion-wumaner2","","9005","30205","30222","巫蛮儿","4","2","at-wmegj","at-wmesf","0","1","1","0","0","0","6050116","","931","1866","",""
"3002006","fashion-wumaner3","","9005","30205","30222","巫蛮儿","4","2","at-wmegj","at-wmesf","0","1","1","0","0","0","6050116","","931","1866","",""
"3003006","fashion-wumaner4","","9005","30205","30222","巫蛮儿","4","2","at-wmegj","at-wmesf","0","1","1","0","0","0","6050116","","931","1866","",""
"3004006","fashion-wumaner5","","9005","30205","30222","巫蛮儿","4","2","at-wmegj","at-wmesf","0","1","1","0","0","0","6050116","","931","1866","",""
"3005006","fashion-wumaner6","","9005","30205","30222","巫蛮儿","4","2","at-wmegj","at-wmesf","0","1","1","0","0","0","6050116","","931","1866","",""
"3006006","fashion-wumaner7","","9005","30205","30222","巫蛮儿","4","2","at-wmegj","at-wmesf","0","1","1","0","0","0","6050116","","931","1866","",""
"3007006","fashion-wumaner8","","9005","30205","30222","巫蛮儿","4","2","at-wmegj","at-wmesf","0","1","1","0","0","0","6050116","","931","1866","",""
"3008006","fashion-wumaner9","","9005","30205","30222","巫蛮儿","4","2","at-wmegj","at-wmesf","0","1","1","0","0","0","6050116","","931","1866","",""
"3009006","fashion-wumaner10","","9005","30205","30222","巫蛮儿","4","2","at-wmegj","at-wmesf","0","1","1","0","0","0","6050116","","931","1866","",""
"3000007","fashion-longtaizi1","","9006","30206","30223","龙太子","4","2","at-ltzgj","at-ltzsf","0","1","1","0","0","0","6050102","","919","1854","",""
"3001007","fashion-longtaizi2","","9006","30206","30223","龙太子","4","2","at-ltzgj","at-ltzsf","0","1","1","0","0","0","6050102","","919","1854","",""
"3002007","fashion-longtaizi3","","9006","30206","30223","龙太子","4","2","at-ltzgj","at-ltzsf","0","1","1","0","0","0","6050102","","919","1854","",""
"3003007","fashion-longtaizi4","","9006","30206","30223","龙太子","4","2","at-ltzgj","at-ltzsf","0","1","1","0","0","0","6050102","","919","1854","",""
"3004007","fashion-longtaizi5","","9006","30206","30223","龙太子","4","2","at-ltzgj","at-ltzsf","0","1","1","0","0","0","6050102","","919","1854","",""
"3005007","fashion-longtaizi6","","9006","30206","30223","龙太子","4","2","at-ltzgj","at-ltzsf","0","1","1","0","0","0","6050102","","919","1854","",""
"3006007","fashion-longtaizi7","","9006","30206","30223","龙太子","4","2","at-ltzgj","at-ltzsf","0","1","1","0","0","0","6050102","","919","1854","",""
"3007007","fashion-longtaizi8","","9006","30206","30223","龙太子","4","2","at-ltzgj","at-ltzsf","0","1","1","0","0","0","6050102","","919","1854","",""
"3008007","fashion-longtaizi9","","9006","30206","30223","龙太子","4","2","at-ltzgj","at-ltzsf","0","1","1","0","0","0","6050102","","919","1854","",""
"3009007","fashion-longtaizi10","","9006","30206","30223","龙太子","4","2","at-ltzgj","at-ltzsf","0","1","1","0","0","0","6050102","","919","1854","",""
"3000008","fashion-shentianbing1","","9007","30207","30224","神天兵","4","2","at-stbgj","at-stbsf","0","1","1","0","0","0","6050107","","923","1858","",""
"3001008","fashion-shentianbing2","","9007","30207","30224","神天兵","4","2","at-stbgj","at-stbsf","0","1","1","0","0","0","6050107","","923","1858","",""
"3002008","fashion-shentianbing3","","9007","30207","30224","神天兵","4","2","at-stbgj","at-stbsf","0","1","1","0","0","0","6050107","","923","1858","",""
"3003008","fashion-shentianbing4","","9007","30207","30224","神天兵","4","2","at-stbgj","at-stbsf","0","1","1","0","0","0","6050107","","923","1858","",""
"3004008","fashion-shentianbing5","","9007","30207","30224","神天兵","4","2","at-stbgj","at-stbsf","0","1","1","0","0","0","6050107","","923","1858","",""
"3005008","fashion-shentianbing6","","9007","30207","30224","神天兵","4","2","at-stbgj","at-stbsf","0","1","1","0","0","0","6050107","","923","1858","",""
"3006008","fashion-shentianbing7","","9007","30207","30224","神天兵","4","2","at-stbgj","at-stbsf","0","1","1","0","0","0","6050107","","923","1858","",""
"3007008","fashion-shentianbing8","","9007","30207","30224","神天兵","4","2","at-stbgj","at-stbsf","0","1","1","0","0","0","6050107","","923","1858","",""
"3008008","fashion-shentianbing9","","9007","30207","30224","神天兵","4","2","at-stbgj","at-stbsf","0","1","1","0","0","0","6050107","","923","1858","",""
"3009008","fashion-shentianbing10","","9007","30207","30224","神天兵","4","2","at-stbgj","at-stbsf","0","1","1","0","0","0","6050107","","923","1858","",""
"3000009","fashion-yulingshen1","","9008","30208","30225","羽灵神","4","2","at-ylsgj","at-ylssf","0","1","1","0","0","0","6050115","","915","1850","",""
"3001009","fashion-yulingshen2","","9008","30208","30225","羽灵神","4","2","at-ylsgj","at-ylssf","0","1","1","0","0","0","6050115","","915","1850","",""
"3002009","fashion-yulingshen3","","9008","30208","30225","羽灵神","4","2","at-ylsgj","at-ylssf","0","1","1","0","0","0","6050115","","915","1850","",""
"3003009","fashion-yulingshen4","","9008","30208","30225","羽灵神","4","2","at-ylsgj","at-ylssf","0","1","1","0","0","0","6050115","","915","1850","",""
"3004009","fashion-yulingshen5","","9008","30208","30225","羽灵神","4","2","at-ylsgj","at-ylssf","0","1","1","0","0","0","6050115","","915","1850","",""
"3005009","fashion-yulingshen6","","9008","30208","30225","羽灵神","4","2","at-ylsgj","at-ylssf","0","1","1","0","0","0","6050115","","915","1850","",""
"3006009","fashion-yulingshen7","","9008","30208","30225","羽灵神","4","2","at-ylsgj","at-ylssf","0","1","1","0","0","0","6050115","","915","1850","",""
"3007009","fashion-yulingshen8","","9008","30208","30225","羽灵神","4","2","at-ylsgj","at-ylssf","0","1","1","0","0","0","6050115","","915","1850","",""
"3008009","fashion-yulingshen9","","9008","30208","30225","羽灵神","4","2","at-ylsgj","at-ylssf","0","1","1","0","0","0","6050115","","915","1850","",""
"3009009","fashion-yulingshen10","","9008","30208","30225","羽灵神","4","2","at-ylsgj","at-ylssf","0","1","1","0","0","0","6050115","","915","1850","",""
"3000010","fashion-wutianji1","","9009","30209","30226","舞天姬","4","2","at-wtjgj","at-wtjsf","0","1","1","0","0","0","6050111","","929","1864","",""
"3001010","fashion-wutianji2","","9009","30209","30226","舞天姬","4","2","at-wtjgj","at-wtjsf","0","1","1","0","0","0","6050111","","929","1864","",""
"3002010","fashion-wutianji3","","9009","30209","30226","舞天姬","4","2","at-wtjgj","at-wtjsf","0","1","1","0","0","0","6050111","","929","1864","",""
"3003010","fashion-wutianji4","","9009","30209","30226","舞天姬","4","2","at-wtjgj","at-wtjsf","0","1","1","0","0","0","6050111","","929","1864","",""
"3004010","fashion-wutianji5","","9009","30209","30226","舞天姬","4","2","at-wtjgj","at-wtjsf","0","1","1","0","0","0","6050111","","929","1864","",""
"3005010","fashion-wutianji6","","9009","30209","30226","舞天姬","4","2","at-wtjgj","at-wtjsf","0","1","1","0","0","0","6050111","","929","1864","",""
"3006010","fashion-wutianji7","","9009","30209","30226","舞天姬","4","2","at-wtjgj","at-wtjsf","0","1","1","0","0","0","6050111","","929","1864","",""
"3007010","fashion-wutianji8","","9009","30209","30226","舞天姬","4","2","at-wtjgj","at-wtjsf","0","1","1","0","0","0","6050111","","929","1864","",""
"3008010","fashion-wutianji9","","9009","30209","30226","舞天姬","4","2","at-wtjgj","at-wtjsf","0","1","1","0","0","0","6050111","","929","1864","",""
"3009010","fashion-wutianji10","","9009","30209","30226","舞天姬","4","2","at-wtjgj","at-wtjsf","0","1","1","0","0","0","6050111","","929","1864","",""
"3000011","fashion-menglinglong1","","9010","30210","30227","梦玲珑","4","2","at-mllgj","at-mllsf","0","1","1","0","0","0","6050112","","920","1855","",""
"3001011","fashion-menglinglong2","","9010","30210","30227","梦玲珑","4","2","at-mllgj","at-mllsf","0","1","1","0","0","0","6050112","","920","1855","",""
"3002011","fashion-menglinglong3","","9010","30210","30227","梦玲珑","4","2","at-mllgj","at-mllsf","0","1","1","0","0","0","6050112","","920","1855","",""
"3003011","fashion-menglinglong4","","9010","30210","30227","梦玲珑","4","2","at-mllgj","at-mllsf","0","1","1","0","0","0","6050112","","920","1855","",""
"3004011","fashion-menglinglong5","","9010","30210","30227","梦玲珑","4","2","at-mllgj","at-mllsf","0","1","1","0","0","0","6050112","","920","1855","",""
"3005011","fashion-menglinglong6","","9010","30210","30227","梦玲珑","4","2","at-mllgj","at-mllsf","0","1","1","0","0","0","6050112","","920","1855","",""
"3006011","fashion-menglinglong7","","9010","30210","30227","梦玲珑","4","2","at-mllgj","at-mllsf","0","1","1","0","0","0","6050112","","920","1855","",""
"3007011","fashion-menglinglong8","","9010","30210","30227","梦玲珑","4","2","at-mllgj","at-mllsf","0","1","1","0","0","0","6050112","","920","1855","",""
"3008011","fashion-menglinglong9","","9010","30210","30227","梦玲珑","4","2","at-mllgj","at-mllsf","0","1","1","0","0","0","6050112","","920","1855","",""
"3009011","fashion-menglinglong10","","9010","30210","30227","梦玲珑","4","2","at-mllgj","at-mllsf","0","1","1","0","0","0","6050112","","920","1855","",""
"3000012","fashion-xuancaie1","","9011","30211","30228","玄彩娥","4","2","at-xcegj","at-xcesf","0","1","1","0","0","0","6050105","","918","1853","",""
"3001012","fashion-xuancaie2","","9011","30211","30228","玄彩娥","4","2","at-xcegj","at-xcesf","0","1","1","0","0","0","6050105","","918","1853","",""
"3002012","fashion-xuancaie3","","9011","30211","30228","玄彩娥","4","2","at-xcegj","at-xcesf","0","1","1","0","0","0","6050105","","918","1853","",""
"3003012","fashion-xuancaie4","","9011","30211","30228","玄彩娥","4","2","at-xcegj","at-xcesf","0","1","1","0","0","0","6050105","","918","1853","",""
"3004012","fashion-xuancaie5","","9011","30211","30228","玄彩娥","4","2","at-xcegj","at-xcesf","0","1","1","0","0","0","6050105","","918","1853","",""
"3005012","fashion-xuancaie6","","9011","30211","30228","玄彩娥","4","2","at-xcegj","at-xcesf","0","1","1","0","0","0","6050105","","918","1853","",""
"3006012","fashion-xuancaie7","","9011","30211","30228","玄彩娥","4","2","at-xcegj","at-xcesf","0","1","1","0","0","0","6050105","","918","1853","",""
"3007012","fashion-xuancaie8","","9011","30211","30228","玄彩娥","4","2","at-xcegj","at-xcesf","0","1","1","0","0","0","6050105","","918","1853","",""
"3008012","fashion-xuancaie9","","9011","30211","30228","玄彩娥","4","2","at-xcegj","at-xcesf","0","1","1","0","0","0","6050105","","918","1853","",""
"3009012","fashion-xuancaie10","","9011","30211","30228","玄彩娥","4","2","at-xcegj","at-xcesf","0","1","1","0","0","0","6050105","","918","1853","",""
"3000013","fashion-shapolang1","","9012","30212","30229","杀破狼","4","2","at-splgj","at-splsf","1","1","1","0","0","0","6050110","","922","1857","",""
"3001013","fashion-shapolang2","","9012","30212","30229","杀破狼","4","2","at-splgj","at-splsf","1","1","1","0","0","0","6050110","","922","1857","",""
"3002013","fashion-shapolang3","","9012","30212","30229","杀破狼","4","2","at-splgj","at-splsf","1","1","1","0","0","0","6050110","","922","1857","",""
"3003013","fashion-shapolang4","","9012","30212","30229","杀破狼","4","2","at-splgj","at-splsf","1","1","1","0","0","0","6050110","","922","1857","",""
"3004013","fashion-shapolang5","","9012","30212","30229","杀破狼","4","2","at-splgj","at-splsf","1","1","1","0","0","0","6050110","","922","1857","",""
"3005013","fashion-shapolang6","","9012","30212","30229","杀破狼","4","2","at-splgj","at-splsf","1","1","1","0","0","0","6050110","","922","1857","",""
"3006013","fashion-shapolang7","","9012","30212","30229","杀破狼","4","2","at-splgj","at-splsf","1","1","1","0","0","0","6050110","","922","1857","",""
"3007013","fashion-shapolang8","","9012","30212","30229","杀破狼","4","2","at-splgj","at-splsf","1","1","1","0","0","0","6050110","","922","1857","",""
"3008013","fashion-shapolang9","","9012","30212","30229","杀破狼","4","2","at-splgj","at-splsf","1","1","1","0","0","0","6050110","","922","1857","",""
"3009013","fashion-shapolang10","","9012","30212","30229","杀破狼","4","2","at-splgj","at-splsf","1","1","1","0","0","0","6050110","","922","1857","",""
"3000014","fashion-hutouguai1","","9013","30213","30230","虎头怪","4","2","at-htggj","at-htgsf","0","1","1","0","0","0","6050103","","914","1849","",""
"3001014","fashion-hutouguai2","","9013","30213","30230","虎头怪","4","2","at-htggj","at-htgsf","0","1","1","0","0","0","6050103","","914","1849","",""
"3002014","fashion-hutouguai3","","9013","30213","30230","虎头怪","4","2","at-htggj","at-htgsf","0","1","1","0","0","0","6050103","","914","1849","",""
"3003014","fashion-hutouguai4","","9013","30213","30230","虎头怪","4","2","at-htggj","at-htgsf","0","1","1","0","0","0","6050103","","914","1849","",""
"3004014","fashion-hutouguai5","","9013","30213","30230","虎头怪","4","2","at-htggj","at-htgsf","0","1","1","0","0","0","6050103","","914","1849","",""
"3005014","fashion-hutouguai6","","9013","30213","30230","虎头怪","4","2","at-htggj","at-htgsf","0","1","1","0","0","0","6050103","","914","1849","",""
"3006014","fashion-hutouguai7","","9013","30213","30230","虎头怪","4","2","at-htggj","at-htgsf","0","1","1","0","0","0","6050103","","914","1849","",""
"3007014","fashion-hutouguai8","","9013","30213","30230","虎头怪","4","2","at-htggj","at-htgsf","0","1","1","0","0","0","6050103","","914","1849","",""
"3008014","fashion-hutouguai9","","9013","30213","30230","虎头怪","4","2","at-htggj","at-htgsf","0","1","1","0","0","0","6050103","","914","1849","",""
"3009014","fashion-hutouguai10","","9013","30213","30230","虎头怪","4","2","at-htggj","at-htgsf","0","1","1","0","0","0","6050103","","914","1849","",""
"3000015","fashion-jumowang1","","9014","30214","30231","巨魔王","4","2","at-jmwgj","at-jmwsf","0","1","1","0","0","0","6050113","","924","1859","",""
"3001015","fashion-jumowang2","","9014","30214","30231","巨魔王","4","2","at-jmwgj","at-jmwsf","0","1","1","0","0","0","6050113","","924","1859","",""
"3002015","fashion-jumowang3","","9014","30214","30231","巨魔王","4","2","at-jmwgj","at-jmwsf","0","1","1","0","0","0","6050113","","924","1859","",""
"3003015","fashion-jumowang4","","9014","30214","30231","巨魔王","4","2","at-jmwgj","at-jmwsf","0","1","1","0","0","0","6050113","","924","1859","",""
"3004015","fashion-jumowang5","","9014","30214","30231","巨魔王","4","2","at-jmwgj","at-jmwsf","0","1","1","0","0","0","6050113","","924","1859","",""
"3005015","fashion-jumowang6","","9014","30214","30231","巨魔王","4","2","at-jmwgj","at-jmwsf","0","1","1","0","0","0","6050113","","924","1859","",""
"3006015","fashion-jumowang7","","9014","30214","30231","巨魔王","4","2","at-jmwgj","at-jmwsf","0","1","1","0","0","0","6050113","","924","1859","",""
"3007015","fashion-jumowang8","","9014","30214","30231","巨魔王","4","2","at-jmwgj","at-jmwsf","0","1","1","0","0","0","6050113","","924","1859","",""
"3008015","fashion-jumowang9","","9014","30214","30231","巨魔王","4","2","at-jmwgj","at-jmwsf","0","1","1","0","0","0","6050113","","924","1859","",""
"3009015","fashion-jumowang10","","9014","30214","30231","巨魔王","4","2","at-jmwgj","at-jmwsf","0","1","1","0","0","0","6050113","","924","1859","",""
"3000016","fashion-gujingling1","","9015","30215","30232","骨精灵","4","2","at-gjlgj","at-gjlsf","0","1","1","0","0","0","6050106","","917","1852","",""
"3001016","fashion-gujingling2","","9015","30215","30232","骨精灵","4","2","at-gjlgj","at-gjlsf","0","1","1","0","0","0","6050106","","917","1852","",""
"3002016","fashion-gujingling3","","9015","30215","30232","骨精灵","4","2","at-gjlgj","at-gjlsf","0","1","1","0","0","0","6050106","","917","1852","",""
"3003016","fashion-gujingling4","","9015","30215","30232","骨精灵","4","2","at-gjlgj","at-gjlsf","0","1","1","0","0","0","6050106","","917","1852","",""
"3004016","fashion-gujingling5","","9015","30215","30232","骨精灵","4","2","at-gjlgj","at-gjlsf","0","1","1","0","0","0","6050106","","917","1852","",""
"3005016","fashion-gujingling6","","9015","30215","30232","骨精灵","4","2","at-gjlgj","at-gjlsf","0","1","1","0","0","0","6050106","","917","1852","",""
"3006016","fashion-gujingling7","","9015","30215","30232","骨精灵","4","2","at-gjlgj","at-gjlsf","0","1","1","0","0","0","6050106","","917","1852","",""
"3007016","fashion-gujingling8","","9015","30215","30232","骨精灵","4","2","at-gjlgj","at-gjlsf","0","1","1","0","0","0","6050106","","917","1852","",""
"3008016","fashion-gujingling9","","9015","30215","30232","骨精灵","4","2","at-gjlgj","at-gjlsf","0","1","1","0","0","0","6050106","","917","1852","",""
"3009016","fashion-gujingling10","","9015","30215","30232","骨精灵","4","2","at-gjlgj","at-gjlsf","0","1","1","0","0","0","6050106","","917","1852","",""
"3000017","fashion-humeiren1","","9016","30216","30233","狐美人","4","2","at-hmrgj","at-hmrsf","0","1","1","0","0","0","6050108","","921","1856","",""
"3001017","fashion-humeiren2","","9016","30216","30233","狐美人","4","2","at-hmrgj","at-hmrsf","0","1","1","0","0","0","6050108","","921","1856","",""
"3002017","fashion-humeiren3","","9016","30216","30233","狐美人","4","2","at-hmrgj","at-hmrsf","0","1","1","0","0","0","6050108","","921","1856","",""
"3003017","fashion-humeiren4","","9016","30216","30233","狐美人","4","2","at-hmrgj","at-hmrsf","0","1","1","0","0","0","6050108","","921","1856","",""
"3004017","fashion-humeiren5","","9016","30216","30233","狐美人","4","2","at-hmrgj","at-hmrsf","0","1","1","0","0","0","6050108","","921","1856","",""
"3005017","fashion-humeiren6","","9016","30216","30233","狐美人","4","2","at-hmrgj","at-hmrsf","0","1","1","0","0","0","6050108","","921","1856","",""
"3006017","fashion-humeiren7","","9016","30216","30233","狐美人","4","2","at-hmrgj","at-hmrsf","0","1","1","0","0","0","6050108","","921","1856","",""
"3007017","fashion-humeiren8","","9016","30216","30233","狐美人","4","2","at-hmrgj","at-hmrsf","0","1","1","0","0","0","6050108","","921","1856","",""
"3008017","fashion-humeiren9","","9016","30216","30233","狐美人","4","2","at-hmrgj","at-hmrsf","0","1","1","0","0","0","6050108","","921","1856","",""
"3009017","fashion-humeiren10","","9016","30216","30233","狐美人","4","2","at-hmrgj","at-hmrsf","0","1","1","0","0","0","6050108","","921","1856","",""
"","恢复原始造型","","","","","","","","","","","","","","","","","","","","",""
"3010001","role-jianxiake","","9000","30200","30217","剑侠客","4","2","at-jxkgj","at-jxksf","0","1","1","0","0","0","6100101","","","","",""
"3010002","role-xiaoyaosheng","","9001","30201","30218","逍遥生","4","2","at-xysgj","at-xyssf","0","1","1","0","0","0","6100104","","","","",""
"3010003","role-moshaojun","","9002","30202","30219","漠少君","4","2","at-msjgj","at-msjsf","0","1","1","0","0","0","6100117","","","","",""
"3010004","role-feiyannv","","9003","30203","30220","飞燕女","4","2","at-fyngj","at-fynsf","0","1","1","0","0","0","6100109","","","","",""
"3010005","role-yingnvxia","","9004","30204","30221","英女侠","4","2","at-ynxgj","at-ynxsf","0","1","1","0","0","0","6100114","","","","",""
"3010006","role-wumaner","","9005","30205","30222","巫蛮儿","4","2","at-wmegj","at-wmesf","0","1","1","0","0","0","6100116","","","","",""
"3010007","role-longtaizi","","9006","30206","30223","龙太子","4","2","at-ltzgj","at-ltzsf","0","1","1","0","0","0","6100102","","","","",""
"3010008","role-shentianbing","","9007","30207","30224","神天兵","4","2","at-stbgj","at-stbsf","0","1","1","0","0","0","6100107","","","","",""
"3010009","role-yulingshen","","9008","30208","30225","羽灵神","4","2","at-ylsgj","at-ylssf","0","1","1","0","0","0","6100115","","","","",""
"3010010","role-wutianji","","9009","30209","30226","舞天姬","4","2","at-wtjgj","at-wtjsf","0","1","1","0","0","0","6100111","","","","",""
"3010011","role-menglinglong","","9010","30210","30227","梦玲珑","4","2","at-mllgj","at-mllsf","0","1","1","0","0","0","6100112","","","","",""
"3010012","role-xuancaie","","9011","30211","30228","玄彩娥","4","2","at-xcegj","at-xcesf","0","1","1","0","0","0","6100105","","","","",""
"3010013","role-shapolang","","9012","30212","30229","杀破狼","4","2","at-splgj","at-splsf","1","1","1","0","0","0","6100110","","","","",""
"3010014","role-hutouguai","","9013","30213","30230","虎头怪","4","2","at-htggj","at-htgsf","0","1","1","0","0","0","6100103","","","","",""
"3010015","role-jumowang","","9014","30214","30231","巨魔王","4","2","at-jmwgj","at-jmwsf","0","1","1","0","0","0","6100113","","","","",""
"3010016","role-gujingling","","9015","30215","30232","骨精灵","4","2","at-gjlgj","at-gjlsf","0","1","1","0","0","0","6100106","","","","",""
"3010017","role-humeiren","","9016","30216","30233","狐美人","4","2","at-hmrgj","at-hmrsf","0","1","1","0","0","0","6100108","","","","",""
"1888239","paopao","","9130","30332","","下面是助战","8","2","mt-_niutouren_gongji1","mt-_niutouren_shifa2","0","0","0","0","0","0","","","","","",""
"1020001","zz01-zhubajie","","9012","30368","30368","猪八戒","4","2","","BB-tongyong1-sf","0","1","0","0","0","0","","","","","",""
"1020002","zz02-litianwang","","9039","30369","30369","李天王","4","2","","BB-tongyong2-sf","0","1","0","0","0","0","","","","","",""
"1020003","zz03-sunwukong","","9053","30370","30370","孙悟空","4","2","","BB-tongyong3-sf","0","1","0","0","0","0","","","","","",""
"1020004","zz04-zixiaxianzi","","9083","30371","30371","紫霞仙子","4","2","","BB-tongyong4-sf","0","1","0","0","0","0","","","","","",""
"1020005","zz05-zhenyuanzi","","9116","30372","30372","镇元子","4","2","","BB-tongyong5-sf","0","1","0","0","0","0","","","","","",""
"1020006","zz06-taibaijinxing","","9029","30373","30373","太白金星","4","2","","BB-tongyong6-sf","0","1","0","0","0","0","","","","","",""
"1020007","zz07-dapengwang","","9096","30374","30374","大鹏王","4","2","","BB-tongyong1-sf","0","1","0","0","0","0","","","","","",""
"1020008","zz08-baixiangwang","","9112","30375","30375","白象王","4","2","","BB-tongyong2-sf","0","1","0","0","0","0","","","","","",""
"1020009","zz09-jiulingyuansheng","","9140","30376","30376","九灵元圣","4","2","","BB-tongyong3-sf","0","1","0","0","0","0","","","","","",""
"1020010","zz10-heiwuchang","","9129","30377","30377","黑无常","4","2","","BB-tongyong4-sf","0","1","0","0","0","0","","","","","",""
"1020011","zz11-yanluowang","","9026","30378","30378","阎罗王","4","2","","BB-tongyong5-sf","0","1","0","0","0","0","","","","","",""
"1020012","zz12-dizangpusa","","9014","30379","30379","地藏菩萨","4","2","","BB-tongyong6-sf","0","1","0","0","0","0","","","","","",""
"1020013","zz13-xiaobailong","","9101","30380","30380","小白龙","4","2","","BB-tongyong1-sf","0","1","0","0","0","0","","","","","",""
"1020014","zz14-beihailongwang","","9021","30381","30381","北海龙王","4","2","","BB-tongyong2-sf","0","1","0","0","0","0","","","","","",""
"1020015","zz15-donghailongwang","","9081","30382","30382","东海龙王","4","2","","BB-tongyong3-sf","0","1","0","0","0","0","","","","","",""
"1020016","zz16-huianxingzhe","","9033","30383","30383","惠岸行者","2","2","","BB-tongyong4-sf","0","1","0","0","0","0","","","","","",""
"1020017","zz17-wangegongzhu","","9020","30384","30384","挽歌公主","4","2","","BB-tongyong5-sf","0","1","0","0","0","0","","","","","",""
"1020018","zz18-guanyinpusa","","9094","30385","30385","观音菩萨","2","2","","BB-tongyong6-sf","0","1","0","0","0","0","","","","","",""
"1020019","zz19-honghaier","","9051","30386","30386","红孩儿","4","2","","BB-tongyong1-sf","0","1","0","0","0","0","","","","","",""
"1020020","zz20-tieshangongzhu","","9100","30387","30387","铁扇公主","4","2","","BB-tongyong2-sf","0","1","0","0","0","0","","","","","",""
"1020021","zz21-niumowang","","9128","30388","30388","牛魔王","4","2","","BB-tongyong3-sf","0","1","0","0","0","0","","","","","",""
"1020022","zz22-dadangjia","","9104","30389","30389","大当家","4","2","","BB-tongyong4-sf","0","1","0","0","0","0","","","","","",""
"1020023","zz23-change","","9035","30390","30390","嫦娥","4","2","","BB-tongyong5-sf","0","1","0","0","0","0","","","","","",""
"1020024","zz24-yangjian","","9030","30391","30391","杨戬","4","2","","BB-tongyong6-sf","0","1","0","0","0","0","","","","","",""
"1020025","zz25-siyaoyushi","","9075","30392","30392","司药御侍","4","2","","BB-tongyong3-sf","0","1","0","0","0","0","","","","","",""
"1020026","zz26-kongducanshi","","9108","30393","30393","空度禅师","4","2","","BB-tongyong4-sf","0","1","0","0","0","0","","","","","",""
"1020027","zz27-tangseng","","9057","30394","30394","唐僧","4","2","","BB-tongyong5-sf","0","1","0","0","0","0","","","","","",""
"1020028","zz28-yutujing","","9093","30404","30404","玉兔","4","2","","BB-tongyong6-sf","0","1","0","0","0","0","","","","","",""
"1020029","zz29-jiurouheshang","","9093","30404","30404","酒肉和尚","4","2","","BB-tongyong6-sf","0","1","0","0","0","0","","","","","",""
"1020030","npc-bailongtaizi","","9006","30206","30223","NPC白龙太子","2","2","at-ltzgj","at-ltzsf","0","1","0","0","0","0","","","","","",""
"1020031","npc-gujingling","","9015","30215","30232","npc粉骨精灵","2","2","at-gjlgj","at-gjlsf","0","1","0","0","0","0","","","","","",""
"1020032","npc-heilongtaizi","","9006","30206","30223","npc黑龙太子","2","2","at-ltzgj","at-ltzsf","0","1","0","0","0","0","","","","","",""
"1020033","npc-jianxiake1","","9000","30200","30217","npc深红剑侠客","2","2","at-jxkgj","at-jxksf","0","1","0","0","0","0","","","","","",""
"1020034","npc-jianxiake2","","9000","30200","30217","npc绿剑侠客","2","2","at-jxkgj","at-jxksf","0","1","0","0","0","0","","","","","",""
"1020035","npc-jianxiake3","","9000","30200","30217","npc紫剑侠客","2","2","at-jxkgj","at-jxksf","0","1","0","0","0","0","","","","","",""
"1020036","npc-jianxiake4","","9000","30200","30217","npc蓝白剑侠客","2","2","at-jxkgj","at-jxksf","0","1","0","0","0","0","","","","","",""
"1020037","npc-jianxiake5","","9000","30200","30217","npc红剑侠客","2","2","at-jxkgj","at-jxksf","0","1","0","0","0","0","","","","","",""
"1020038","npc-jianxiake6","","9000","30200","30217","npc篮剑侠客","2","2","at-jxkgj","at-jxksf","0","1","0","0","0","0","","","","","",""
"1888229","paopao","","9130","30332","","下面是NPC与怪物类模型","8","2","mt-_niutouren_gongji1","mt-_niutouren_shifa2","0","0","0","0","0","0","","","","","",""
"1030000","ts1-yingji","","","","","魔王专用召唤模型","4","2","","","0","1","0","0","0","0","","","","","",""
"1030001","mt_baoxiangjin","","","","","福缘宝箱-金","2","2","","","0","1","0","0","0","0","","","","","",""
"1030002","mt_baoxiangyin","","","","","福缘宝箱-银","2","2","","","0","1","0","0","0","0","","","","","",""
"1030003","npc-baixiaoxianzi","","9017","30397","30397","百晓仙子","4","2","","","0","1","0","0","0","0","","","","","",""
"1030004","npc-huaxiangxiang","","9018","30398","30398","花香香","4","2","","","0","1","0","0","0","0","","","","","",""
"1030005","npc-zhongkui","","9019","30399","30399","钟馗","4","2","","","0","1","0","0","0","0","","","","","",""
"1030006","npc-zhanglaocai","","9020","30401","30401","商会总管-张老财","4","2","","","0","1","0","0","0","0","","","","","",""
"1030007","npc-jiudianlaoban","","9021","30403","30403","酒店老板","4","2","","","0","1","0","0","0","0","","","","","",""
"1030008","npc-dianxiaoer","","9022","30400","30400","店小二","4","2","","","0","1","0","0","0","0","","","","","",""
"1030009","npc-yaodianlaoban","","9023","30405","30405","药店老板","4","2","","","0","1","0","0","0","0","","","","","",""
"1030010","npc-shouwei","","9024","30409","30409","守卫","4","2","","","0","1","0","0","0","0","","","","","",""
"1030011","npc-luxiaoran","","9025","30406","30406","陆萧然-吴举人","4","2","","","0","1","0","0","0","0","","","","","",""
"1030012","npc-luodaoren","","9026","30408","30408","袁天罡-罗道人","4","2","","","0","1","0","0","0","0","","","","","",""
"1030013","npc-guozijian","","9027","30407","30407","官员-魏征","4","2","","","0","1","0","0","0","0","","","","","",""
"1030014","npc-lanhu","","9028","30402","30402","兰虎-擂台PK","4","2","","","0","1","0","0","0","0","","","","","",""
"1030015","npc-jianxiake","","9000","30200","30200","剑侠客-特殊造型","2","2","at-jxkgj","at-jxksf","0","1","0","0","0","0","","","","","",""
"1030016","npc-yangjian","","9030","30391","30391","杨戬-NPC造型，无攻击等","4","2","","","0","1","0","0","0","0","","","","","",""
"1030017","npc-chuansongyong","","","","","特殊-用于传送标识","1","0","","","0","1","0","0","0","0","","","","","",""
"1030018","npc-tudiye","","9044","30414","30414","土地爷-无攻击等","4","2","","","0","1","0","0","0","0","","","","","",""
"1030019","npc-baidaxian","","9095","30394","30394","老鼠大仙-用于元辰-子鼠","2","2","","BB-tongyong1-sf","0","1","0","0","0","0","","","","","",""
"1030020","npc-zhuque","","9094","30394","30394","凤凰-用于元辰-酉鸡","4","2","","BB-tongyong2-sf","0","1","0","0","0","0","","","","","",""
"1030021","npc-fanritu","","9093","30394","30394","房日兔-用于星宿","4","2","","BB-tongyong3-sf","0","1","0","0","0","0","","","","","",""
"1030022","npc-yinjiaodawang","","9098","30394","30394","银角大王-用于星宿","4","2","","BB-tongyong4-sf","0","1","0","0","0","0","","","","","",""
"1030023","npc-jinjiaodawang","","9097","30394","30394","金角大王-用于星宿","4","2","","BB-tongyong5-sf","0","1","0","0","0","0","","","","","",""
"1030024","npc-jiutouchong","","9099","30394","30394","九头虫-用于九曜星官罗侯","4","2","","BB-tongyong6-sf","0","1","0","0","0","0","","","","","",""
"1030025","npc-wangmu","","9103","30411","30411","王母-不可用于战斗","4","2","","","0","1","0","0","0","0","","","","","",""
"1030026","npc-yuhuandadi","","9102","30412","30412","玉皇大帝-不可用于战斗","4","2","","","0","0","0","0","0","0","","","","","",""
"1030027","npc-youmingkuan","","9102","30412","30412","幽冥矿-不可用于战斗","1","2","","","0","0","0","0","0","0","","","","","",""
"1030028","mt_caoyao","","9102","30412","30412","草药-不可用于战斗","1","2","","","0","0","0","0","0","0","","","","","",""
"1030029","npc-dutu","","9099","30394","30394","赌徒-用于明雷等","4","2","","BB-tongyong6-sf","0","1","0","0","0","0","","","","","",""
"1030030","npc-yuelao","","9154","30294","30294","月老","4","2","","","0","1","0","0","0","0","","","","","",""
"1030031","boss-nianshou","","","","","年兽","2","2","","","0","1","0","0","0","0","","","","","",""
"1030032","boss-chiyou","","","","","蚩尤","2","2","","","0","1","0","0","0","0","","","","","",""
"1030033","boss-diyuxieling","","","","","地狱邪灵","2","2","","","0","1","0","0","0","0","","","","","",""
"1030034","boss-elong","","","","","恶龙","2","2","","","0","1","0","0","0","0","","","","","",""
"1030035","boss-huolingshengmu","","","","","火灵圣母","2","2","","","0","1","0","0","0","0","","","","","",""
"1030036","boss-mojiang","","","","","魔将","2","2","","","0","1","0","0","0","0","","","","","",""
"1030037","boss-qingxuan","","","","","青玄","2","2","","","0","1","0","0","0","0","","","","","",""
"1030038","boss-shengjiedijun","","","","","圣界帝君","2","2","","","0","1","0","0","0","0","","","","","",""
"1030039","boss-wukongxinmo","","","","","悟空心魔","2","2","","","0","1","0","0","0","0","","","","","",""
"1030040","boss-xingtian","","","","","刑天","2","2","","","0","1","0","0","0","0","","","","","",""
"1030041","boss-yuhuangdadi","","","","","玉皇大帝","2","2","","","0","1","0","0","0","0","","","","","",""
"1030042","boss-ziweidadi","","","","","紫薇大帝","2","2","","","0","1","0","0","0","0","","","","","",""
"1030043","boss-zixiaxinmo","","","","","圣母心魔","2","2","","","0","1","0","0","0","0","","","","","",""
"1030044","boss-zizaitianmo","","","","","自在天魔","2","2","","","0","1","0","0","0","0","","","","","",""
"1030045","boss-xiangshen","","","","","祥晟","2","2","","","0","1","0","0","0","0","","","","","",""
"1030046","Ams-110","","","","","舞女1","2","2","","","0","1","0","0","0","0","","","9145","","",""
"1030047","Ams-111","","","","","舞女2","2","2","","","0","1","0","0","0","0","","","9145","","",""
"1030048","Ams-112","","","","","舞女3","2","2","","","0","1","0","0","0","0","","","9145","","",""
"1030049","Ams-113","","","","","舞女4","2","2","","","0","1","0","0","0","0","","","9145","","",""
"1030050","Ams-114","","","","","舞女5","2","2","","","0","1","0","0","0","0","","","9145","","",""
"1030051","Ams-115","","","","","舞女6","2","2","","","0","1","0","0","0","0","","","9145","","",""
"1030052","Ams-116","","","","","舞女7","2","2","","","0","1","0","0","0","0","","","9145","","",""
"1030053","Ams-117","","","","","舞女8","2","2","","","0","1","0","0","0","0","","","9145","","",""
"1030054","Ams-118","","","","","舞女9","2","2","","","0","1","0","0","0","0","","","9145","","",""
"1030055","Ams-119","","","","","舞女10","2","2","","","0","1","0","0","0","0","","","9145","","",""
"1030056","Ams-120","","","","","舞女11","2","2","","","0","1","0","0","0","0","","","9145","","",""
"1030057","biaojinpc-1","","","","","传送图标1","2","2","","","0","1","0","0","0","0","","","9145","","",""
"1030058","biaojinpc-2","","","","","传送图标2","2","2","","","0","1","0","0","0","0","","","9145","","",""
"1030059","biaojinpc-3","","","","","传送图标3","2","2","","","0","1","0","0","0","0","","","9145","","",""
"1030060","biaojinpc-4","","","","","传送图标4","2","2","","","0","1","0","0","0","0","","","9145","","",""
"1030061","biaojinpc-5","","","","","传送图标5","2","2","","","0","1","0","0","0","0","","","9145","","",""
"1030062","biaojinpc-6","","","","","传送图标6","2","2","","","0","1","0","0","0","0","","","9145","","",""
"1030063","biaojinpc-7","","","","","传送图标7","2","2","","","0","1","0","0","0","0","","","9145","","",""
"1030064","biaojinpc-8","","","","","传送图标8","2","2","","","0","1","0","0","0","0","","","9145","","",""
"1030065","biaojinpc-9","","","","","传送图标9","2","2","","","0","1","0","0","0","0","","","9145","","",""
"1030066","biaojinpc-10","","","","","传送图标10","2","2","","","0","1","0","0","0","0","","","9145","","",""
"1030067","biaojinpc-11","","","","","通天塔","2","2","","","0","1","0","0","0","0","","","9145","","",""
"1030069","haizi-01","","","","","虎头男孩","2","2","","","0","1","0","0","0","0","","","9145","","",""
"1030070","haizi-02","","","","","人族女孩","2","2","","","0","1","0","0","0","0","","","9145","","",""
"1030071","haizi-03","","","","","魔族男孩","2","2","","","0","1","0","0","0","0","","","9145","","",""
"1030072","haizi-04","","","","","魔族女孩","2","2","","","0","1","0","0","0","0","","","9145","","",""
"1030073","haizi-05","","","","","魔族男孩","2","2","","","0","1","0","0","0","0","","","9145","","",""
"1030074","haizi-06","","","","","人族男孩","2","2","","","0","1","0","0","0","0","","","9145","","",""
"1030075","haizi-07","","","","","仙族男孩","2","2","","","0","1","0","0","0","0","","","9145","","",""
"1030076","haizi-08","","","","","人族女孩","2","2","","","0","1","0","0","0","0","","","9145","","",""
"1030077","haizi-09","","","","","仙族女孩","2","2","","","0","1","0","0","0","0","","","9145","","",""
"1030079","haizi-11","","","","","仙族女孩","2","2","","","0","1","0","0","0","0","","","9145","","",""
"1030080","haizi-12","","","","","人族女孩","2","2","","","0","1","0","0","0","0","","","9145","","",""
"1030081","haizi-13","","","","","魔族女孩","2","2","","","0","1","0","0","0","0","","","9145","","",""
"1030082","haizi-14","","","","","人族女孩","2","2","","","0","1","0","0","0","0","","","9145","","",""
"1030083","boss-xin","","","","","哥斯拉","2","2","","","0","1","0","0","0","0","","","9145","","",""
"1030084","boss-xin1","","","","","七彩战将","2","2","","","0","1","0","0","0","0","","","9145","","",""
"1030085","boss-xin2","","","","","七彩战将2","2","2","","","0","1","0","0","0","0","","","9145","","",""
"1030086","boss-xin3","","","","","七彩龙女","2","2","","","0","1","0","0","0","0","","","9145","","",""
"1030087","boss-xin4","","","","","七彩吕布","2","2","","","0","1","0","0","0","0","","","9145","","",""
"1030088","boss-xin5","","","","","七彩关羽","2","2","","","0","1","0","0","0","0","","","9145","","",""
"1030089","boss-xin6","","","","","红温哪吒","2","2","","","0","1","0","0","0","0","","","9145","","",""
"1030090","boss-xin7","","","","","绿甲武士","2","2","","","0","1","0","0","0","0","","","9145","","",""
"1030091","boss-xin8","","","","","黑麒麟","2","2","","","0","1","0","0","0","0","","","9145","","",""
"1030092","boss-xin9","","","","","白龙战士","2","2","","","0","1","0","0","0","0","","","9145","","",""
"1030093","boss-xin10","3160","9049","30419","9060","三太子敖烈","2","2","","","0","1","0","0","0","0","","","9145","","",""
"1030094","boss-xin11","3166","9049","30426","9060","七公主熬凌","4","2","","","0","1","0","0","0","0","","","9145","","",""
"1030095","boss-xin12","3164","9049","30422","9060","东皇太一","2","2","","","0","1","0","0","0","0","","","9145","","",""
"1030096","boss-xin13","3165","9049","30427","9060","白虎战神","2","2","","","0","1","0","0","0","0","","","9145","","",""
"1030097","boss-xin14","3167","9049","30420","9060","伽罗灵女","2","2","","","0","1","0","0","0","0","","","9145","","",""
"1030098","boss-xin15","3161","9049","30429","9060","二郎圣君","2","2","","","0","1","0","0","0","0","","","9145","","",""
"1030099","xin-heianzhishen","3176","9049","30321","9060","终末之瞳☆","2","2","","","0","1","0","0","0","0","","","9145","","",""
"1030100","xin-hongguijiang","3175","9049","30324","9060","归墟之主☆","4","2","","","0","1","0","0","0","0","","","9145","","",""
"1030101","xin-taiyangshen","3170","9049","30325","9060","太阳神","2","2","","","0","1","0","0","0","0","","","9145","","",""
"1030102","boss-xin16","3180","9049","2417","9060","九尾妖狐（怪物）","2","2","","","0","1","0","0","0","0","","","9145","","",""
"1030103","boss-xin17","3181","9049","2407","9060","戏子男（怪物）","2","2","","","0","1","0","0","0","0","","","9145","","",""
"1030104","boss-xin18","3182","9049","2411","9060","戏子女（怪物）","2","2","","","0","1","0","0","0","0","","","9145","","",""
"1030105","boss-xin19","3177","9049","2418","9060","翅膀吕布","2","2","","","0","1","0","0","0","0","","","9145","","",""
"1030106","boss-xin20","3183","9049","2412","9060","翅膀龙女","2","2","","","0","1","0","0","0","0","","","9145","","",""
"1030107","boss-xin21","3186","9049","2422","9060","白骨精","2","2","","","0","1","0","0","0","0","","","9145","","",""
"1888888","paopao","","9130","30332","","下面是宝宝模型：每个等级段需要隔开","8","2","mt-_niutouren_gongji1","mt-_niutouren_shifa2","0","0","0","0","0","0","","","","","",""
"1100001","bb-0paopao","40410","9049","30242","9060","泡泡","2","2","","","0","1","0","0","0","0","","","","","",""
"1100002","bb-0yezhu","40411","9050","30243","9060","野猪","2","2","BB-yezhu-gj","BB-yezhu-sf","0","1","0","0","0","0","","","","","",""
"1100101","bb-10dahaigui","40412","9051","30244","9060","大海龟","2","2","BB-laohu-gj","BB-tongyong1-sf","0","1","0","0","0","0","","","","","",""
"1100102","bb-10haimaochong","40413","9052","30245","9060","海毛虫","2","2","BB-laohu-gj","BB-tongyong2-sf","0","1","0","0","0","0","","","","","",""
"1100103","bb-10laohu","40414","9053","30246","9060","老虎","2","2","BB-laohu-gj","BB-tongyong2-sf","0","1","0","0","0","0","","","","","",""
"1100201","bb-25yangtouguai","40415","9054","30247","9060","羊头怪","2","2","BB-yangtouguai-gj","BB-houxiaoxian-sf","0","1","0","0","0","0","","","","","",""
"1100202","bb-25huayao","40416","9055","30248","9060","花妖","2","2","BB-xiaonvhai-gj","BB-tongyong2-sf","0","1","0","0","0","0","","","","","",""
"1100301","bb-35niutou","40417","9056","30249","9060","牛头","2","2","BB-niutou-gj","BB-tongyong3-sf","0","1","0","0","0","0","","","","","",""
"1100302","bb-35mamian","40418","9057","30250","9060","马面","2","2","BB-mamian-gj","BB-tongyong3-sf","0","1","0","0","0","0","","","","","",""
"1100303","bb-35guichengxiang","40419","9058","30251","9060","龟丞相","2","2","BB-yezhu-gj","BB-houxiaoxian-sf","0","1","0","0","0","0","","","","","",""
"1100401","bb-45xiabin","40420","9059","30252","9060","虾兵","2","2","BB-yezhu-gj","BB-yezhu-sf","0","1","0","0","0","0","","","","","",""
"1100402","bb-45xiejiang","40421","9060","30253","9060","蟹将","2","2","BB-yezhu-gj","BB-yezhu-sf","0","1","0","0","0","0","","","","","",""
"1100403","bb-45ruishou","40422","9061","30254","9060","古代瑞兽","2","2","BB-yezhu-gj","BB-tongyong4-sf","0","1","0","0","0","0","","","","","",""
"1100501","bb-55jiaojiangjun","40423","9062","30255","9060","鲛将军","2","2","BB-nan-gj","BB-tongyong5-sf","0","1","0","0","0","0","","","","","",""
"1100502","bb-55bangxianzi","40424","9063","30256","9060","蚌仙子","2","2","BB-boxianzi-gj","BB-tongyong6-sf","0","1","0","0","0","0","","","","","",""
"1100503","bb-55longnv","40425","9064","30257","9060","龙女","2","2","BB-xiaonvhai-gj","BB-tongyong4-sf","0","1","0","0","0","0","","","","","",""
"1100601","bb-60jiangshi","40426","9065","30258","9060","千年僵尸","2","2","BB-yecha-gj","BB-xxgsf","0","1","0","0","0","0","","","","","",""
"1100602","bb-60guhunyegui","40427","9066","30259","9060","孤魂野鬼","2","2","BB-yecha-gj","BB-xxgsf","0","1","0","0","0","0","","","","","",""
"1100603","bb-65wangchuantongzi","40428","9067","30260","9060","忘川童子","2","2","BB-wangchuantongzi-gj","BB-wangchuantongzi-sf","0","1","0","0","0","0","","","","","",""
"1100604","bb-65xixuegui","40429","9068","30261","9060","吸血鬼","2","2","BB-xixuegui-gj","BB-xxgsf","0","1","0","0","0","0","","","","","",""
"1100605","bb-65zheshe","40430","9069","30262","9060","蜃蛇","2","2","","BB-tongyong4-sf","0","1","0","0","0","0","","","","","",""
"1100701","bb-75yecha","40431","9070","30263","30261","夜叉","2","2","BB-yecha-gj","BB-yecha-sf","0","1","0","0","0","0","","","","","",""
"1100702","bb-75youyingwawa","40432","9071","30264","30264","幽莹娃娃","2","2","BB-youyinwawa-gj","BB-jiaolong-sf","0","1","0","0","0","0","","","","","",""
"1100703","bb-75guijiang","40433","9072","30265","30265","鬼将","2","2","BB-yecha-gj","BB-yecha-sf","0","1","0","0","0","0","","","","","",""
"1100704","bb-75youmingshusheng","40434","9073","30266","30267","幽冥书生","2","2","BB-nan-gj","BB-youmingshusheng-sf","0","1","0","0","0","0","","","","","",""
"1100801","bb-80pantaotongzi","40435","9074","30267","30271","蟠桃童子","2","2","BB-pantaotongzi-gj","BB-tongyong1-sf","0","1","0","0","0","0","","","","","",""
"1100802","bb-80tianbin","40436","9075","30268","30235","天兵","2","2","BB-tianbing-gj","BB-tianbing-sf","0","1","0","0","0","0","","","","","",""
"1100803","bb-80julingshenjiang","40437","9076","30269","30277","巨灵神将","2","2","BB-xunyoutianshen-gj","BB-tongyong5-sf","0","1","0","0","0","0","","","","","",""
"1100804","bb-85zhenluxianzi","40438","9077","30270","30278","珍露童子","2","2","BB-nvhai-gj","BB-tongyong1-sf","0","1","0","0","0","0","","","","","",""
"1100805","bb-85yufengtongzi","40439","9078","30271","30289","御风童子","2","2","BB-nvhai-gj","BB-tongyong4-sf","0","1","0","0","0","0","","","","","",""
"1100806","bb-85furongxianzi","40440","9079","30272","30281","芙蓉仙子","2","2","BB-furongxianzi-gj","BB-furongxianzi-sf","0","1","0","0","0","0","","","","","",""
"1100807","bb-85xunyoutianshen","40441","9080","30273","30282","巡游天神","2","2","BB-xunyoutianshen-gj","BB-tongyong1-sf","0","1","0","0","0","0","","","","","",""
"1100808","bb-85houxiaoxian","40442","9081","30274","30254","猴小仙","2","2","BB-houxiaoxian-gj","BB-houxiaoxian-sf","0","1","0","0","0","0","","","","","",""
"1100901","bb-90jiaolong","40443","9082","30275","30262","蛟龙","2","2","BB-jiaolong-gj","BB-jiaolong-sf","0","1","0","0","0","0","","","","","",""
"1100902","bb-90fenghuangxianzi","40444","9083","30276","30263","凤凰仙子","2","2","BB-fenghuangxianzi-gj","BB-fenghuangxianzi-sf","0","1","0","0","0","0","","","","","",""
"1100903","bb-95shitianhu","40445","9084","30277","30266","噬天虎","2","2","BB-shitianhu-gj","BB-tongyong2-sf","0","1","0","0","0","0","","","","","",""
"1100904","bb-95wuzhongxian","40446","9085","30278","30268","雾中仙","2","2","BB-nvhai-gj","BB-tongyong4-sf","0","1","0","0","0","0","","","","","",""
"1100905","bb-95buyushenjun","40447","9086","30279","30269","布雨神君","2","2","BB-gj_nan","BB-tongyong1-sf","0","1","0","0","0","0","","","","","",""
"1100906","bb-95wuluoxianzi","40448","9087","30280","30269","武罗仙子","2","2","BB-wuluoxianzi-gj","BB-wuluoxianzi-sf","0","1","0","0","0","0","","","","","",""
"1101001","bb-105jingpingnvwa","40449","9088","30281","30269","净瓶女娲","2","2","BB-jinpinnvwa-gj","BB-jinpinnvwa-sf","0","1","0","0","0","0","","","","","",""
"1101002","bb-105lingfunvwa","40505","9089","30282","30269","灵符女娲","2","2","BB-lingfunvwa-gj","BB-lingfunvwa-sf","0","1","0","0","0","0","","","","","",""
"1101003","bb-105lvfanvwa","40508","9090","30283","30269","律法女娲","2","2","BB-lvfanvwa-gj","BB-tongyong4-sf","0","1","0","0","0","0","","","","","",""
"1101004","bb-105yuyunxianzi","40512","9091","30290","30269","羽云仙子","2","2","BB-yyxzgj","BB-yyxzsf","0","1","0","0","0","0","","","","","",""
"1101005","bb-105guijian","40502","9146","30291","30269","鬼剑","2","2","","","0","1","0","0","0","0","","","","","",""
"1101006","bb-105chaofeng","40500","9153","30292","30269","嘲风","2","2","","","0","1","0","0","0","0","","","","","",""
"1101007","bb-105lingxinxianzi","40506","9092","30293","30269","菱心仙子","2","2","BB-tynv1-gj","","0","1","0","0","0","0","","","","","",""
"1101008","cc_hulidaxian","40503","9049","30300","9060","虎力大仙","2","2","mt-_niutouren_gongji1","mt-_niutouren_shifa3","0","1","0","0","0","0","","","","","",""
"1101009","cc_dalijingang","40501","9049","30347","9060","大力金刚","2","2","mt3_xuejingling_gongji1","mt3_xuejingling_shifa1","0","1","0","0","0","0","","","","","",""
"1101010","cc_longgui","40507","9049","30348","9060","龙龟","2","2","mt3_xuejingling_gongji1","mt3_xuejingling_shifa1","0","1","0","0","0","0","","","","","",""
"1101011","cc_huiwutiannv","40504","9049","30346","9060","绘舞天女","2","2","mt3_xuejingling_gongji1","mt3_xuejingling_shifa1","0","1","0","0","0","0","","","","","",""
"1101012","cc_sumoluo","40510","9049","30349","9060","苏摩罗","2","2","mt3_xuejingling_gongji1","mt3_xuejingling_shifa1","0","1","0","0","0","0","","","","","",""
"1101013","cc_tongbi","40511","9049","30350","9060","铜臂","2","2","mt3_xuejingling_gongji1","mt3_xuejingling_shifa1","0","1","0","0","0","0","","","","","",""
"1101014","cc_qimingxing","40509","9049","30351","9060","启明星","2","2","mt3_xuejingling_gongji1","mt3_xuejingling_shifa1","0","1","0","0","0","0","","","","","",""
"1101015","cc_yuanbaodawang","40514","9049","30352","9060","元宝大王","2","2","mt3_xuejingling_gongji1","mt3_xuejingling_shifa1","0","1","0","0","0","0","","","","","",""
"1100200","paopao","","9130","30288","","下面是神兽宝宝模型","8","2","mt-_niutouren_gongji1","mt-_niutouren_shifa2","0","0","0","0","0","0","","","","","",""
"1200001","Ass1-shenyang","40519","9032","30326","30326","超级神羊","2","2","TY-gj","CW-shenyangsf","0","1","0","0","0","0","","","","","",""
"1200002","Ass2-paopao","40527","9031","30327","30327","超级泡泡","2","2","CW-paopaogj","","0","1","0","0","0","0","","","","","",""
"1200003","Ass3-jiuselu","40524","9034","30328","30328","超级九色鹿","2","2","TY-gj","","0","1","0","0","0","0","","","","","",""
"1200004","Ass4-xiongmao","40520","9033","30329","30329","超级大熊猫","2","2","BB-dxmgj","BB-dxmsf","0","1","0","0","0","0","","","","","",""
"1200005","Ass5-shenji","40525","9048","30330","30330","超级神鸡","2","2","CW-shenjigj","CW-shenjisf","0","1","0","0","0","0","","","","","",""
"1200006","Ass6-shenhou","40528","9046","30331","30331","超级神猴","2","2","CW-shenshougj","","0","1","0","0","0","0","","","","","",""
"1200007","Ass7-chiyanshou","40522","9045","30332","30332","超级赤焰兽","2","2","TY-gj","CW-chiyanshousf","0","1","0","0","0","0","","","","","",""
"1200008","Ass8-shenlong","40516","9047","30333","30333","超级神龙","2","2","TY-gj","","0","1","0","0","0","0","","","","","",""
"1200009","cw_chaojishenshu","40517","9047","30336","30333","超级神鼠","2","2","TY-gj","","0","1","0","0","0","0","","","","","",""
"1200010","cw_chaojishenhu","40523","9047","30334","30333","超级神虎","2","2","TY-gj","","0","1","0","0","0","0","","","","","",""
"1200011","cw_chaojishenzhu","40515","9047","30335","30333","超级神猪","2","2","TY-gj","","0","1","0","0","0","0","","","","","",""
"1200012","cc_chaojishenniu","40521","9047","30342","30333","超级神牛","2","2","TY-gj","","0","1","0","0","0","0","","","","","",""
"","ls_huoyuanshu","","9125","30361","","火灵下面是灵兽宝宝模型","2","2","mt3_jinglingnv_gongji1","mt3_jinglingnv_shifa2","0","1","0","0","0","0","","","","","",""
"1300001","bb-106huolingshou","40529","9149","30284","30269","火灵兽","2","2","mt3_jinglingnv_gongji1","mt3_jinglingnv_shifa2","0","1","1","0","0","0","","","","","",""
"1300002","bb-106leilingshou","40530","9147","30285","30269","雷灵兽","2","2","mt-_niutouren_gongji1","mt-_niutouren_shifa3","0","1","1","0","0","0","","","","","",""
"1300003","bb-106shuilingshou","40532","9148","30286","30269","水灵兽","2","2","mt3_jinglingnv_gongji1","mt3_jinglingnv_shifa2","0","1","1","0","0","0","","","","","",""
"1300004","bb-106tulingshou","40533","9150","30287","30269","土灵兽","2","2","mt3_xuejingling_gongji1","mt3_xuejingling_shifa1","0","1","1","0","0","0","","","","","",""
"1300007","paopao","40449","9049","30242","9060","大泡泡王","2","2","mt3_jinglingnv_gongji1","mt3_jinglingnv_shifa2","0","1","0","0","0","0","","","","","",""
"1300008","cc_jili","40518","9049","30343","9060","吉里吉里","4","2","mt3_jinglingnv_gongji1","mt3_jinglingnv_shifa2","0","1","0","0","0","0","","","","","",""
"1300009","cc_gulu","40526","9049","30345","9060","咕噜咕噜","2","2","mt3_jinglingnv_gongji1","mt3_jinglingnv_shifa2","0","1","0","0","0","0","","","","","",""
"1300010","cc_qitiandasheng","40531","9049","30353","9060","齐天大圣","2","2","mt3_jinglingnv_gongji1","mt3_jinglingnv_shifa2","0","1","0","0","0","0","","","","","",""
"1300011","cw_emopaopao","40534","9049","30299","9060","恶魔泡泡","2","2","mt3_jinglingnv_gongji1","mt3_jinglingnv_shifa2","0","1","0","0","0","0","","","","","",""
"1300012","xin-binling","2365","9049","30442","9060","冰之守护☆","2","2","mt3_jinglingnv_gongji1","mt3_jinglingnv_shifa2","0","1","0","0","0","0","","","","","",""
"1300013","xin-qinxian","2377","9049","30446","9060","琴仙☆","4","2","mt3_jinglingnv_gongji1","mt3_jinglingnv_shifa2","0","1","0","0","0","0","","","","","",""
"1300014","xin-waner","2380","9049","30443","9060","冰澜妖姬☆","2","2","mt3_jinglingnv_gongji1","mt3_jinglingnv_shifa2","0","1","0","0","0","0","","","","","",""
"1300015","xin-xiaohuli","2386","9049","30435","9060","影舞苍灵☆","2","2","mt3_jinglingnv_gongji1","mt3_jinglingnv_shifa2","0","1","0","0","0","0","","","","","",""
"1300016","xin-xiaoli","2389","9049","30445","9060","画中仙☆","2","2","mt3_jinglingnv_gongji1","mt3_jinglingnv_shifa2","0","1","0","0","0","0","","","","","",""
"1300017","xin-yueling","2366","9049","30437","9060","月影灵仙☆","4","2","mt3_jinglingnv_gongji1","mt3_jinglingnv_shifa2","0","1","0","0","0","0","","","","","",""
"1300018","xin-zhaoge","2124","9049","30434","9060","朝歌","2","2","mt3_jinglingnv_gongji1","mt3_jinglingnv_shifa2","0","1","0","0","0","0","","","","","",""
"1300019","xin-ningmeng","2126","9049","30423","9060","蝶衣☆","2","2","mt3_jinglingnv_gongji1","mt3_jinglingnv_shifa2","0","1","0","0","0","0","","","","","",""
"1300020","xin-sichenshinv","2364","9049","30344","9060","青鸾仕女☆","4","2","mt3_jinglingnv_gongji1","mt3_jinglingnv_shifa2","0","1","0","0","0","0","","","","","",""
"1300021","bb_qhc_xixiegui","2360","9049","2414","9060","星悟空☆","2","2","mt3_jinglingnv_gongji1","mt3_jinglingnv_shifa2","0","1","0","0","0","0","","","","","",""
"1300022","bb_qhc_guijiang","2367","9049","2410","9060","暗神☆","2","2","mt3_jinglingnv_gongji1","mt3_jinglingnv_shifa2","0","1","0","0","0","0","","","","","",""
"1300023","bb_qhc_huahun","2376","9049","2413","9060","紫玲珑☆","2","2","mt3_jinglingnv_gongji1","mt3_jinglingnv_shifa2","0","1","0","0","0","0","","","","","",""
"1300024","bb_qhc_yuemei","2382","9049","2420","9060","灵灯童子☆","2","2","mt3_jinglingnv_gongji1","mt3_jinglingnv_shifa2","0","1","0","0","0","0","","","","","",""
"1300025","bb_qhc_kuangbao","2370","9049","2416","9060","驭龙☆","2","2","mt3_jinglingnv_gongji1","mt3_jinglingnv_shifa2","0","1","0","0","0","0","","","","","",""
"1300026","bb_qhc_maoling","2375","9049","2409","9060","觉醒雪☆","2","2","mt3_jinglingnv_gongji1","mt3_jinglingnv_shifa2","0","1","0","0","0","0","","","","","",""
"1300027","bb_qhc_mohuatongzi","2383","9049","2415","9060","司雷☆","2","2","mt3_jinglingnv_gongji1","mt3_jinglingnv_shifa2","0","1","0","0","0","0","","","","","",""
"1300028","bb_qhc_chiguoxunshou","2361","9049","2408","9060","紫镰魅灵☆","2","2","mt3_jinglingnv_gongji1","mt3_jinglingnv_shifa2","0","1","0","0","0","0","","","","","",""
"1300029","bb_qhc_diting","2381","9049","2417","9060","黑夜谛听","2","2","mt3_jinglingnv_gongji1","mt3_jinglingnv_shifa2","0","1","0","0","0","0","","","","","",""
"","","","","","","下面是人物模型","","","","","","","","","","","","","","","",""
"1080101","spinemh_jxk","","9000","30329","30217","剑侠客","8","2","at-jxkgj","at-jxksf","0","1","0","0","0","0","","","","","",""
"1080102","spinemh_wme","","9005","30204","30221","英女侠","8","2","at-ynxgj","at-ynxsf","0","1","0","0","0","0","","","","","",""
"1080103","spinemh_xys","","9001","30201","30218","逍遥生","8","2","at-xysgj","at-xyssf","0","1","0","0","0","0","","","","","",""
"1080104","spinemh_fyn","","9003","30203","30220","飞燕女","8","2","at-fyngj","at-fynsf","0","1","0","0","0","0","","","","","",""
"1080105","spinemh_msj","","9002","30202","30219","漠少君","8","2","at-msjgj","at-msjsf","0","1","0","0","0","0","","","","","",""
"1080106","spinemh_ynx","","9004","30204","30221","英女侠","8","2","at-ynxgj","at-ynxsf","0","1","0","0","0","0","","","","","",""
"1080107","spine_ltz","","9006","30206","30223","龙太子","8","2","at-ltzgj","at-ltzsf","0","1","0","0","0","0","","","","","",""
"1080108","spinemh_xce","","9011","30211","30228","玄彩娥","8","2","at-xcegj","at-xcesf","0","1","0","0","0","0","","","","","",""
"1080109","spinemh_stb","","9007","30207","30224","神天兵","8","2","at-stbgj","at-stbsf","0","1","0","0","0","0","","","","","",""
"1080110","spinemh_wtj","","9009","30209","30226","舞天姬","8","2","at-wtjgj","at-wtjsf","0","1","0","0","0","0","","","","","",""
"1080111","spinemh_yls","","9008","30208","30225","羽灵神","8","2","at-ylsgj","at-ylssf","0","1","0","0","0","0","","","","","",""
"1080112","spinemh_mll","","9010","30210","30227","梦玲珑","8","2","at-mllgj","at-mllsf","0","1","0","0","0","0","","","","","",""
"1080113","spinemh_spl","","9012","30212","30229","杀破狼","4","2","at-splgj","at-splsf","1","1","0","0","0","0","","","","","",""
"1080114","spinemh_gjl","","9015","30215","30232","骨精灵","4","2","at-gjlgj","at-gjlsf","0","1","0","0","0","0","","","","","",""
"1080115","spinemh_htg","","9013","30213","30230","虎头怪","4","2","at-htggj","at-htgsf","0","1","0","0","0","0","","","","","",""
"1080116","spinemh_hmr","","9016","30216","30233","狐美人","4","2","at-hmrgj","at-hmrsf","0","1","0","0","0","0","","","","","",""
"1080117","spinemh_jmw","","9014","30214","30231","巨魔王","4","2","at-jmwgj","at-jmwsf","0","1","0","0","0","0","","","","","",""
"1090174","npc-sunpopo","","9022","30256","","孙婆婆","4","2","mt3_xuejingling_gongji1","mt3_xuejingling_shifa1","0","0","0","0","0","0","","","","","",""
"","","","","","","下面是宠物时装模型","","","","","","","","","","","","","","","",""
"1400001","cwsz_furongxianzi","","9032","30272","30326","时装芙蓉仙子","2","2","TY-gj","CW-shenyangsf","0","1","0","0","0","0","","","","","",""
"1400002","cwsz_guijiang","","9031","30265","30327","时装鬼将","2","2","CW-paopaogj","","0","1","0","0","0","0","","","","","",""
"1400003","cwsz_gulugulu","","9034","30345","30328","时装咕噜咕噜","2","2","TY-gj","","0","1","0","0","0","0","","","","","",""
"1400004","cwsz_jilijili","","9033","30343","30329","时装吉里吉里","2","2","BB-dxmgj","BB-dxmsf","0","1","0","0","0","0","","","","","",""
"1400005","cwsz_huolingshou","","9048","30284","30330","时装火灵兽","2","2","CW-shenjigj","CW-shenjisf","0","1","0","0","0","0","","","","","",""
"1400006","cwsz_shuilingshou","","9046","30286","30331","时装水灵兽","2","2","CW-shenshougj","","0","1","0","0","0","0","","","","","",""
"1400007","cwsz_jiaolong","","9045","30275","30332","时装蛟龙","2","2","TY-gj","CW-chiyanshousf","0","1","0","0","0","0","","","","","",""
"1400008","cwsz_longgui","","9047","30348","30333","时装龙龟","2","2","TY-gj","","0","1","0","0","0","0","","","","","",""
"1400009","cwsz_qiannianjiangshi","","9047","30258","30333","时装千年僵尸","2","2","TY-gj","","0","1","0","0","0","0","","","","","",""
"1400010","cwsz_wuluoxianzi","","9047","30280","30333","时装武罗仙子","2","2","TY-gj","","0","1","0","0","0","0","","","","","",""
"1400011","cwsz_xixuegui","","9047","30261","30333","时装吸血鬼","2","2","TY-gj","","0","1","0","0","0","0","","","","","",""
"1400012","cwsz_xunyoutianshen","","9047","30273","30333","时装巡游天神","2","2","TY-gj","","0","1","0","0","0","0","","","","","",""
"1400013","cwsz_yegui","","9047","30259","30333","时装野鬼","2","2","TY-gj","","0","1","0","0","0","0","","","","","",""
"1400014","cwsz_yufengtongzi","","9047","30271","30333","时装御风童子","2","2","TY-gj","","0","1","0","0","0","0","","","","","",""
"1500010","xueren","","9047","30271","30333","雪人","2","2","TY-gj","","0","1","0","0","0","0","","","","","",""
