技能id,技能名称,产出级别,产出级别2,装备打造,练功区,降服灵兽,魔法入口,图标编号,主动被动,消耗显示,消耗数量,消耗属性编号,技能描述,目标类型,是否付魔大法显示,附魔大法需求道具id,附魔大法需求道具数量,经脉值
420001,气疗术,0,150,0,0,0,0,233,2,消耗：$parameter1$愤怒,30,120,"<T t=""回复己方单体3%+200点生命。""></T>",4127,1,340160,10,
420002,心疗术,0,150,0,0,0,0,234,2,消耗：$parameter1$愤怒,60,120,"<T t=""回复己方单体6%+400点生命。""></T>",4127,1,340160,10,
420003,命疗术,0,150,0,0,0,0,235,2,消耗：$parameter1$愤怒,90,120,"<T t=""回复己方单体9%+600点生命。""></T>",4127,1,340160,10,
420004,凝气决,0,150,0,0,0,0,209,2,消耗：$parameter1$愤怒,60,120,"<T t=""回复自身10%+150点魔法。""></T>",1,1,340160,10,
420005,凝神决,0,150,0,0,0,0,210,2,消耗：$parameter1$愤怒,90,120,"<T t=""回复自身15%+250点魔法。""></T>",1,1,340160,10,
420006,气归术,0,150,0,0,0,0,236,2,消耗：$parameter1$愤怒,60,120,"<T t=""回复自身25%生命，不超过角色等级*12。""></T>",1,1,340160,10,
420007,命归术,0,150,0,0,0,0,237,2,消耗：$parameter1$愤怒,130,120,"<T t=""回复自身50%生命，不超过角色等级*20。""></T>",1,1,340160,10,
420008,四海升平,0,150,0,0,0,0,238,2,消耗：$parameter1$愤怒,135,120,"<T t=""回复己方全体25%生命，不超过被回复者等级*12。""></T>",4127,1,340160,10,
420009,回魂咒,0,150,0,0,0,0,239,2,消耗：$parameter1$愤怒,100,120,"<T t=""复活己方死亡队员，回复150点生命。""></T>",4127,1,340160,10,
420010,起死回生,0,150,0,0,0,0,240,2,消耗：$parameter1$愤怒,100,120,"<T t=""复活己方死亡队员，回复50%生命，不超过被回复者等级*20。""></T>",4127,1,340160,10,
420011,慈航普度,0,150,0,0,0,0,241,2,消耗：$parameter1$愤怒,150,120,"<T t=""复活己方全体死亡队员，完全回复其生命，使用者生命变为上限的10%，损失全部魔法。""></T>",4127,1,340160,10,
420012,水清诀,0,150,0,0,0,0,211,2,消耗：$parameter1$愤怒,50,120,"<T t=""解除己方单体的异常状态。""></T>",4127,1,340160,10,
420013,冰清诀,0,150,0,0,0,0,212,2,消耗：$parameter1$愤怒,100,120,"<T t=""解除己方单体的异常状态，并回复其25%生命，不超过被回复者等级*12。""></T>",4127,1,340160,10,
420014,玉清诀,0,150,0,0,0,0,213,2,消耗：$parameter1$愤怒,125,120,"<T t=""解除己方全体的异常状态。""></T>",4127,1,340160,10,
420015,晶清诀,0,150,0,0,0,0,214,2,消耗：$parameter1$愤怒,150,120,"<T t=""解除己方全体的异常状态，并恢复其15%生命，不超过被回复者等级*12。""></T>",4127,1,340160,10,
420016,笑里藏刀,0,150,0,0,0,0,215,2,消耗：$parameter1$愤怒,40,120,"<T t=""减少敌方单体目标70点愤怒。""></T>",480,1,340160,10,
420017,野兽之力,0,150,0,0,0,0,216,2,消耗：$parameter1$愤怒,40,120,"<T t=""提高己方单体10%物理攻击，持续到战斗结束，同类状态不叠加。""></T>",4127,1,340160,10,
420018,魔兽之印,0,150,0,0,0,0,217,2,消耗：$parameter1$愤怒,120,120,"<T t=""提高己方全体8%物理攻击，持续到战斗结束，同类状态不叠加。""></T>",4127,1,340160,10,
420019,放下屠刀,0,150,0,0,0,0,222,2,消耗：$parameter1$愤怒,30,120,"<T t=""降低敌方单体10%物理攻击，持续到战斗结束，同类状态不叠加。""></T>",480,1,340160,10,
420020,河东狮吼,0,150,0,0,0,0,223,2,消耗：$parameter1$愤怒,120,120,"<T t=""降低敌方全体8%物理攻击，持续到战斗结束，同类状态不叠加。""></T>",480,1,340160,10,
420021,光辉之甲,0,150,0,0,0,0,218,2,消耗：$parameter1$愤怒,40,120,"<T t=""提高己方单体10%物理防御，持续到战斗结束，同类状态不叠加。""></T>",4127,1,340160,10,
420022,圣灵之甲,0,150,0,0,0,0,219,2,消耗：$parameter1$愤怒,80,120,"<T t=""提高己方全体6%物理防御，持续到战斗结束，同类状态不叠加。""></T>",4127,1,340160,10,
420023,破甲术,0,150,0,0,0,0,224,2,消耗：$parameter1$愤怒,35,120,"<T t=""降低敌方单体10%物理防御，持续到战斗结束，同类状态不叠加。""></T>",480,1,340160,10,
420024,碎甲术,0,150,0,0,0,0,225,2,消耗：$parameter1$愤怒,80,120,"<T t=""降低敌方全体6%物理防御，持续到战斗结束，同类状态不叠加。""></T>",480,1,340160,10,
420025,流云诀,0,150,0,0,0,0,228,2,消耗：$parameter1$愤怒,40,120,"<T t=""提高己方单体10%速度，次回合生效，持续到战斗结束，同类状态不叠加。""></T>",4127,1,340160,10,
420026,啸风诀,0,150,0,0,0,0,229,2,消耗：$parameter1$愤怒,80,120,"<T t=""提高己方全体6%速度，次回合生效，持续到战斗结束，同类状态不叠加。""></T>",4127,1,340160,10,
420027,凝滞术,0,150,0,0,0,0,226,2,消耗：$parameter1$愤怒,40,120,"<T t=""降低对方单体10%速度，次回合生效，持续到战斗结束，同类状态不叠加。""></T>",480,1,340160,10,
420028,停陷术,0,150,0,0,0,0,227,2,消耗：$parameter1$愤怒,80,120,"<T t=""降低对方全体6%速度，次回合生效，持续到战斗结束，同类状态不叠加。""></T>",480,1,340160,10,
420029,太极护法,0,150,0,0,0,0,220,2,消耗：$parameter1$愤怒,60,120,"<T t=""使己方单体受到的法术伤害减少50%,持续3回合，同类状态不叠加。""></T>",4127,1,340160,10,
420030,罗汉金钟,0,150,0,0,0,0,221,2,消耗：$parameter1$愤怒,150,120,"<T t=""使己方全体受到的法术伤害减少50%，持续3回合，同类状态不叠加。""></T>",4127,1,340160,10,
420031,破血狂攻,0,150,0,0,0,0,230,2,消耗：$parameter1$愤怒,80,120,"<T t=""对敌方单体连续发动两次强力物理攻击，不可被防御。""></T>",480,1,340160,10,
420032,弱点击破,0,150,0,0,0,0,231,2,消耗：$parameter1$愤怒,50,120,"<T t=""临时提高伤害力绕到敌方身后攻击对手，适用于对付高防御者。""></T>",480,1,340160,10,
420033,破碎无双,0,150,0,0,0,0,232,2,消耗：$parameter1$愤怒,80,120,"<T t=""物理攻击敌方单体，同时减少敌方魔法值。""></T>",480,1,340160,10,
420034,盘古之力,0,150,0,0,0,0,216,2,消耗：$parameter1$愤怒,100,120,"<T t=""提高己方单体25%物理攻击，持续到5回合，同类状态不叠加。""></T>",4127,1,340160,10,
420035,女娲玄力,0,150,0,0,0,0,217,2,消耗：$parameter1$愤怒,100,120,"<T t=""提高己方全体100%法术攻击，持续5回合，同类状态不叠加。""></T>",4127,1,340160,10,
420036,盘古意志,0,150,0,0,0,0,216,2,消耗：$parameter1$愤怒,150,120,"<T t=""提高己方单体50%物理暴击，持续7回合，同类状态不叠加。""></T>",4127,1,340160,10,
420037,女娲神识,0,150,0,0,0,0,217,2,消耗：$parameter1$愤怒,150,120,"<T t=""提高己方全体80%法术攻击，持续7回合，同类状态不叠加。""></T>",4127,1,340160,10,
430001,物理暴击+1%,0,150,0,0,0,0,342,1,,,-1,"<T t=""提升人物物理暴击1%（面板体现+10）""></T>",1,1,340160,10,
430002,物理抗暴+1%,0,150,0,0,0,0,342,1,,,-1,"<T t=""提升人物物理暴抗1%（面板体现+10）""></T>",1,1,340160,10,
430003,法术暴击+1%,0,150,0,0,0,0,342,1,,,-1,"<T t=""提升人物法术暴击1%（面板体现+10）""></T>",1,1,340160,10,
430004,法术抗暴+1%,0,150,0,0,0,0,342,1,,,-1,"<T t=""提升人物法术暴抗1%（面板体现+10）""></T>",1,1,340160,10,
430005,封印命中+1%,0,150,0,0,0,0,342,1,,,-1,"<T t=""提升人物封印命中1%""></T>",1,1,340160,10,
430006,封印抵抗+1%,0,150,0,0,0,0,342,1,,,-1,"<T t=""提升人物封印抵抗1%""></T>",1,1,340160,10,
430007,忽视物防+1%,0,150,0,0,0,0,342,1,,,-1,"<T t=""忽视敌方物理防御1%""></T>",1,1,340160,10,
430008,忽视法防+1%,0,150,0,0,0,0,342,1,,,-1,"<T t=""忽视敌方法术防御1%""></T>",1,1,340160,10,
430009,法术连击+1%,0,150,0,0,0,0,342,1,,,-1,"<T t=""增加人物法术连击概率1%""></T>",1,1,340160,10,
430010,治疗暴击+1%,0,150,0,0,0,0,342,1,,,-1,"<T t=""增加人物治疗暴击1%""></T>",1,1,340160,10,
430011,物理暴击+2%,0,150,0,0,0,0,342,1,,,-1,"<T t=""提升人物物理暴击2%（面板体现+20）""></T>",1,1,340160,10,
430012,物理抗暴+2%,0,150,0,0,0,0,342,1,,,-1,"<T t=""提升人物物理暴抗2%（面板体现+20）""></T>",1,1,340160,10,
430013,法术暴击+2%,0,150,0,0,0,0,342,1,,,-1,"<T t=""提升人物法术暴击2%（面板体现+20）""></T>",1,1,340160,10,
430014,法术抗暴+2%,0,150,0,0,0,0,342,1,,,-1,"<T t=""提升人物法术暴抗2%（面板体现+20）""></T>",1,1,340160,10,
430015,封印命中+2%,0,150,0,0,0,0,342,1,,,-1,"<T t=""提升人物封印命中2%""></T>",1,1,340160,10,
430016,封印抵抗+2%,0,150,0,0,0,0,342,1,,,-1,"<T t=""提升人物封印抵抗2%""></T>",1,1,340160,10,
430017,忽视物防+2%,0,150,0,0,0,0,342,1,,,-1,"<T t=""忽视敌方物理防御2%""></T>",1,1,340160,10,
430018,忽视法防+2%,0,150,0,0,0,0,342,1,,,-1,"<T t=""忽视敌方法术防御2%""></T>",1,1,340160,10,
430019,法术连击+2%,0,150,0,0,0,0,342,1,,,-1,"<T t=""增加人物法术连击概率2%""></T>",1,1,340160,10,
430020,治疗暴击+2%,0,150,0,0,0,0,342,1,,,-1,"<T t=""增加人物治疗暴击2%""></T>",1,1,340160,10,
430025,愤怒,0,150,0,0,0,0,342,1,,,-1,"<T t=""战斗中消耗的愤怒下降20%。""></T>",1,1,340160,10,
430026,暴怒,0,150,0,0,0,0,343,1,,,-1,"<T t=""战斗中受到伤害转化的怒气值增加20%。""></T>",1,1,340160,10,
430027,神佑,0,150,0,0,0,0,344,1,,,-1,"<T t=""战斗中死亡时有3%概率触发涅槃效果，自动复活并回复一定生命。""></T>",1,1,340160,10,
430028,神农,0,150,0,0,0,0,345,1,,,-1,"<T t=""战斗中使用物品效果增加20%。""></T>",1,1,340160,10,
430029,再生,0,150,0,0,0,0,346,1,,,-1,"<T t=""每回合结束时回复少量生命。""></T>",1,1,340160,10,
430030,专注,0,150,0,0,0,0,347,1,,,-1,"<T t=""施法时有15%概率不消耗魔法。""></T>",1,1,340160,10,
430031,斩杀,0,150,0,0,0,0,348,1,,,-1,"<T t=""PVE战斗攻击濒死（30%以下生命）的怪物时，暴击率临时提升25%。""></T>",1,1,340160,10,
430032,迷踪,0,150,0,0,0,0,346,1,,,-1,"<T t=""逃跑几率提升到100%。""></T>",1,1,340160,10,
430033,狩猎,0,150,0,0,0,0,377,1,,,-1,"<T t=""捕捉宝宝时成功率提升20%。""></T>",1,1,340160,10,
430034,简易,0,150,0,0,0,0,346,1,,,-1,"<T t=""玩家等级低于该装备等级5级以内，也可以穿戴此装备。""></T>",1,1,340160,10,
430035,无级别限,0,150,0,0,0,0,347,1,,,-1,"<T t=""该装备穿戴时没有角色等级要求。""></T>",1,1,340160,10,
430036,感知,0,150,0,0,0,0,380,1,,,-1,"<T t=""能探知隐身单位并直接对其发起攻击。""></T>",1,1,340160,10,
430158,反震,0,150,0,0,0,0,128,1,,,-1,"<T t=""受到物理攻击时有33%概率进行反弹，反弹伤害结果等于自己受到伤害的25%。""></T>",1,1,340160,10,
430159,偷袭,0,150,0,0,0,0,128,1,,,-1,"<T t=""物理攻击不会受到反击和反弹，并提高6%的物理伤害结果。""></T>",1,1,340160,10,
430163,反击,0,150,0,0,0,0,128,1,,,-1,"<T t=""受到普通物理攻击时有10%概率自动反击，反击的伤害是正常伤害的75%。""></T>",1,1,340160,10,
430164,驱鬼,0,150,0,0,0,0,128,1,,,-1,"<T t=""对敌方拥有鬼魂术单位的物理、法术伤害效果增加50%，并能将其打飞出场外。""></T>",1,1,340160,10,
430165,天神下凡,0,150,0,0,0,0,832,1,,,-1,"<T t=""战斗中死亡时有25%概率复活并回复一定生命。""></T>",1,1,340160,10,
430166,钢铁之躯,0,150,0,0,0,0,832,1,,,-1,"<T t=""物理防御+5%""></T>",1,1,340160,10,
430167,血海无量,0,150,0,0,0,0,832,1,,,-1,"<T t=""生命+10%""></T>",1,1,340160,10,
430168,兔子快跑,0,150,0,0,0,0,832,1,,,-1,"<T t=""速度+5%""></T>",1,1,340160,10,
430169,法力无边,0,150,0,0,0,0,832,1,,,-1,"<T t=""法术防御+5%""></T>",1,1,340160,10,
532001,临兵,0,150,0,0,0,0,2760,1,,,-1,增加自身物理伤害,1,1,340160,10,0.000000
532002,行神,0,150,0,0,0,0,2761,1,,,-1,增加自身法术防御,1,1,340160,10,0.000000
532003,将魂,0,150,0,0,0,0,2762,1,,,-1,如果队伍中只有一个大唐时，横扫千军增加物理伤害,1,1,340160,10,0.000000
532004,行气,0,150,0,0,0,0,2763,1,,,-1,自身气血越低，物理攻击附加的伤害越高,1,1,340160,10,0.000000
532005,朔风,0,150,0,0,0,0,2764,1,,,-1,增加自身体质属性,1,1,340160,10,0.000000
532006,追云,0,150,0,0,0,0,2767,1,,,-1,增加自身敏捷属性点,1,1,340160,10,0.000000
532007,惊鸿,0,150,0,0,0,0,2769,1,,,-1,通过物理技能每击败一个单位增加一层惊鸿增益状态，每层增加物理暴击，死亡则层数清空，每回合最多增加1层,1,1,340160,10,0.000000
532008,凌尘,0,150,0,0,0,0,2770,1,,,-1,横扫千军击败召唤灵时，降低其神佑复生概率。,1,1,340160,10,0.000000
532009,破势,0,150,0,0,0,0,2768,1,,,-1,破釜沉舟的伤害结果衰减降低,1,1,340160,10,0.000000
532010,杀伐,0,150,0,0,0,0,2775,1,,,-1,使用单刀直入时，临时提升物理伤害,1,1,340160,10,0.000000
532011,重挫,0,150,0,0,0,0,2776,1,,,-1,单刀直入造成的重伤的每回合额外增加扣除目标气血,1,1,340160,10,0.000000
532012,意冲九霄,0,150,0,0,0,0,2779,1,,,-1,物理攻击+5%,1,1,340160,10,0.000000
532101,临兵,0,150,0,0,0,0,2760,1,,,-1,增加自身物理伤害,1,1,340160,10,0.000000
532102,行神,0,150,0,0,0,0,2761,1,,,-1,增加自身法术防御,1,1,340160,10,0.000000
532103,将魂,0,150,0,0,0,0,2762,1,,,-1,如果队伍中只有一个大唐时，横扫千军增加物理伤害,1,1,340160,10,0.000000
532104,行气,0,150,0,0,0,0,2763,1,,,-1,自身气血越低，物理攻击附加的伤害越高,1,1,340160,10,0.000000
532105,朔风,0,150,0,0,0,0,2764,1,,,-1,增加自身体质属性,1,1,340160,10,0.000000
532106,追云,0,150,0,0,0,0,2767,1,,,-1,增加自身敏捷属性点,1,1,340160,10,0.000000
532107,破势,0,150,0,0,0,0,2768,1,,,-1,破釜沉舟的伤害结果衰减降低,1,1,340160,10,0.000000
532108,战意,0,150,0,0,0,0,2771,1,,,-1,过物理技能每击败一个单位增加一层战意增益状态，每层忽视目标物理防御，死亡则层数清空，每回合最多增加1层,1,1,340160,10,0.000000
532109,弑神,0,150,0,0,0,0,2772,1,,,-1,处于杀气诀状态，额外忽视目标一定比例的物理防御,1,1,340160,10,0.000000
532110,杀伐,0,150,0,0,0,0,2775,1,,,-1,使用单刀直入时，临时提升物理伤害,1,1,340160,10,0.000000
532111,重挫,0,150,0,0,0,0,2776,1,,,-1,单刀直入造成的重伤的每回合额外增加扣除目标气血,1,1,340160,10,0.000000
532112,意冲九霄,0,150,0,0,0,0,2779,1,,,-1,物理攻击+5%,1,1,340160,10,0.000000
532201,临兵,0,150,0,0,0,0,2760,1,,,-1,增加自身物理伤害,1,1,340160,10,0.000000
532202,行神,0,150,0,0,0,0,2761,1,,,-1,增加自身法术防御,1,1,340160,10,0.000000
532203,将魂,0,150,0,0,0,0,2762,1,,,-1,如果队伍中只有一个大唐时，横扫千军增加物理伤害,1,1,340160,10,0.000000
532204,行气,0,150,0,0,0,0,2763,1,,,-1,自身气血越低，物理攻击附加的伤害越高,1,1,340160,10,0.000000
532205,朔风,0,150,0,0,0,0,2764,1,,,-1,增加自身体质属性,1,1,340160,10,0.000000
532206,无锋,0,150,0,0,0,0,2765,1,,,-1,增加自身耐力属性点,1,1,340160,10,0.000000
532207,翩鸿,0,150,0,0,0,0,2766,1,,,-1,翩鸿一击持续回合增加1,1,1,340160,10,0.000000
532208,狂戈,0,150,0,0,0,0,2773,1,,,-1,通过物理技能每击败一个单位增加一层狂戈增益状态，每层增加物理伤害结果，死亡则层数清空，每回合最多增加1层,1,1,340160,10,0.000000
532209,蓄势,0,150,0,0,0,0,2774,1,,,-1,后发制人状态下如果有护盾存在且血量低于50%时，可以破除护盾发动横扫千军,1,1,340160,10,0.000000
532210,越阵,0,150,0,0,0,0,2777,1,,,-1,使用特技、万剑归一忽视目标一定物理防御,1,1,340160,10,0.000000
532211,冲冠,0,150,0,0,0,0,2778,1,,,-1,使用特技、万剑归一击败目标，获得一定愤怒值,1,1,340160,10,0.000000
532212,气吞山河,0,150,0,0,0,0,2780,1,,,-1,物理防御+5%,1,1,340160,10,0.000000
532301,临兵,0,150,0,0,0,0,2760,1,,,-1,增加自身物理伤害,1,1,340160,10,0.000000
532302,行神,0,150,0,0,0,0,2761,1,,,-1,增加自身法术防御,1,1,340160,10,0.000000
532303,将魂,0,150,0,0,0,0,2762,1,,,-1,如果队伍中只有一个大唐时，横扫千军增加物理伤害,1,1,340160,10,0.000000
532304,行气,0,150,0,0,0,0,2763,1,,,-1,自身气血越低，物理攻击附加的伤害越高,1,1,340160,10,0.000000
532305,朔风,0,150,0,0,0,0,2764,1,,,-1,增加自身体质属性,1,1,340160,10,0.000000
532306,追云,0,150,0,0,0,0,2767,1,,,-1,增加自身敏捷属性点,1,1,340160,10,0.000000
532307,破势,0,150,0,0,0,0,2768,1,,,-1,破釜沉舟的伤害结果衰减降低,1,1,340160,10,0.000000
532308,战意,0,150,0,0,0,0,2771,1,,,-1,过物理技能每击败一个单位增加一层战意增益状态，每层忽视目标物理防御，死亡则层数清空，每回合最多增加1层,1,1,340160,10,0.000000
532309,弑神,0,150,0,0,0,0,2772,1,,,-1,处于杀气诀状态，额外忽视目标一定比例的物理防御,1,1,340160,10,0.000000
532310,越阵,0,150,0,0,0,0,2777,1,,,-1,使用特技、万剑归一忽视目标一定物理防御,1,1,340160,10,0.000000
532311,冲冠,0,150,0,0,0,0,2778,1,,,-1,使用特技、万剑归一击败目标，获得一定愤怒值,1,1,340160,10,0.000000
532312,气吞山河,0,150,0,0,0,0,2780,1,,,-1,物理防御+5%,1,1,340160,10,0.000000
532400,韬略,0,150,0,0,0,0,2781,1,,,-1,增加自身法术防御。,1,1,340160,10,0.000000
532401,行一,0,150,0,0,0,0,2783,1,,,-1,增加自身物理伤害。,1,1,340160,10,0.000000
532402,必退,0,150,0,0,0,0,2785,1,,,-1,自身受到召唤灵的物理伤害结果降低。,1,1,340160,10,0.000000
532403,兵者勇,0,150,0,0,0,0,2787,1,,,-1,全属性+3%,1,1,340160,10,0.000000
532404,藏兵,0,150,0,0,0,0,2782,1,,,-1,增加自身物理防御。,1,1,340160,10,0.000000
532405,伐崇,0,150,0,0,0,0,2784,1,,,-1,增加自身速度。,1,1,340160,10,0.000000
532406,祈胜,0,150,0,0,0,0,2786,1,,,-1,自身受到召唤灵的法术伤害结果降低。,1,1,340160,10,0.000000
532407,武者圣,0,150,0,0,0,0,2788,1,,,-1,全属性+3%,1,1,340160,10,0.000000
533001,灵山,0,150,0,0,0,0,2789,1,,,-1,自身气血高于50%时，减免受到的物理伤害结果,1,1,340160,10,0.000000
533002,朝晖,0,150,0,0,0,0,2790,1,,,-1,增加自身法术防御,1,1,340160,10,0.000000
533003,鼎峰,0,150,0,0,0,0,2791,1,,,-1,如果队伍中只有一个方寸时，失心符命中率提升,1,1,340160,10,0.000000
533004,顽石,0,150,0,0,0,0,2792,1,,,-1,自身处于被封印状态时，临时额外物理防御,1,1,340160,10,0.000000
533005,辟邪,0,150,0,0,0,0,2793,1,,,-1,增加当前穿戴武器法术伤害相关的封印命中,1,1,340160,10,0.000000
533006,飞鸟,0,150,0,0,0,0,2796,1,,,-1,增加自身敏捷属性点,1,1,340160,10,0.000000
533007,风翼,0,150,0,0,0,0,2797,1,,,-1,增加自身体质属性点,1,1,340160,10,0.000000
533008,幻月,0,150,0,0,0,0,2800,1,,,-1,增加自身物理防御,1,1,340160,10,0.000000
533009,寒蝉,0,150,0,0,0,0,2801,1,,,-1,处于失忆符封印状态的目标额外降低抵抗封印,1,1,340160,10,0.000000
533010,回生,0,150,0,0,0,0,2804,1,,,-1,自身死亡倒地后，有概率在回合结束后复活并获得部分最大气血，每场战斗限触发1次,1,1,340160,10,0.000000
533011,追思,0,150,0,0,0,0,2805,1,,,-1,使用基础愤怒消耗&gt;=135的特技后，获得愤怒值,1,1,340160,10,0.000000
533012,光风霁月,0,150,0,0,0,0,2808,1,,,-1,封印命中+5%,1,1,340160,10,0.000000
533101,灵山,0,150,0,0,0,0,2789,1,,,-1,自身气血高于50%时，减免受到的物理伤害结果,1,1,340160,10,0.000000
533102,朝晖,0,150,0,0,0,0,2790,1,,,-1,增加自身法术防御,1,1,340160,10,0.000000
533103,鼎峰,0,150,0,0,0,0,2791,1,,,-1,如果队伍中只有一个方寸时，失心符命中率提升,1,1,340160,10,0.000000
533104,顽石,0,150,0,0,0,0,2792,1,,,-1,自身处于被封印状态时，临时额外物理防御,1,1,340160,10,0.000000
533105,辟邪,0,150,0,0,0,0,2793,1,,,-1,增加当前穿戴武器法术伤害相关的封印命中,1,1,340160,10,0.000000
533106,飞鸟,0,150,0,0,0,0,2796,1,,,-1,增加自身敏捷属性点,1,1,340160,10,0.000000
533107,风翼,0,150,0,0,0,0,2797,1,,,-1,增加自身体质属性点,1,1,340160,10,0.000000
533108,轻影,0,150,0,0,0,0,2802,1,,,-1,增加自身物理防御,1,1,340160,10,0.000000
533109,虚幻,0,150,0,0,0,0,2803,1,,,-1,虚幻咒状态持续期间，减免受到的法术伤害结果,1,1,340160,10,0.000000
533110,回生,0,150,0,0,0,0,2804,1,,,-1,自身死亡倒地后，有概率在回合结束后复活并获得部分最大气血，每场战斗限触发1次,1,1,340160,10,0.000000
533111,追思,0,150,0,0,0,0,2805,1,,,-1,使用基础愤怒消耗&gt;=135的特技后，获得愤怒值,1,1,340160,10,0.000000
533112,光风霁月,0,150,0,0,0,0,2808,1,,,-1,封印命中+5%,1,1,340160,10,0.000000
533201,灵山,0,150,0,0,0,0,2789,1,,,-1,自身气血高于50%时，减免受到的物理伤害结果,1,1,340160,10,0.000000
533202,朝晖,0,150,0,0,0,0,2790,1,,,-1,增加自身法术防御,1,1,340160,10,0.000000
533203,鼎峰,0,150,0,0,0,0,2791,1,,,-1,如果队伍中只有一个方寸时，失心符命中率提升,1,1,340160,10,0.000000
533204,顽石,0,150,0,0,0,0,2792,1,,,-1,自身处于被封印状态时，临时额外物理防御,1,1,340160,10,0.000000
533205,辟邪,0,150,0,0,0,0,2793,1,,,-1,增加当前穿戴武器法术伤害相关的封印命中,1,1,340160,10,0.000000
533206,暝石,0,150,0,0,0,0,2794,1,,,-1,增加自身魔力属性点,1,1,340160,10,0.000000
533207,灵慧,0,150,0,0,0,0,2795,1,,,-1,佩戴附灵玉时，战斗中两仪属性效果临时增加,1,1,340160,10,0.000000
533208,雷行,0,150,0,0,0,0,2798,1,,,-1,增加自身法术伤害,1,1,340160,10,0.000000
533209,雷厉,0,150,0,0,0,0,2799,1,,,-1,五雷咒造成封印，则有概率追加一次五雷咒，优先选择尚未被封印单位，伤害结果、触发概率依次减半,1,1,340160,10,0.000000
533210,雷霆,0,150,0,0,0,0,2806,1,,,-1,使用单体封印技能后，临时增加法术伤害，持续3回合,1,1,340160,10,0.000000
533211,惊雷,0,150,0,0,0,0,2807,1,,,-1,五雷咒目标上限限定为3个，释放五雷咒时额外提升法术伤害结果,1,1,340160,10,0.000000
533212,运转乾坤,0,150,0,0,0,0,2809,1,,,-1,速度+5%,1,1,340160,10,0.000000
533301,灵山,0,150,0,0,0,0,2789,1,,,-1,自身气血高于50%时，减免受到的物理伤害结果,1,1,340160,10,0.000000
533302,朝晖,0,150,0,0,0,0,2790,1,,,-1,增加自身法术防御,1,1,340160,10,0.000000
533303,鼎峰,0,150,0,0,0,0,2791,1,,,-1,如果队伍中只有一个方寸时，失心符命中率提升,1,1,340160,10,0.000000
533304,顽石,0,150,0,0,0,0,2792,1,,,-1,自身处于被封印状态时，临时额外物理防御,1,1,340160,10,0.000000
533305,辟邪,0,150,0,0,0,0,2793,1,,,-1,增加当前穿戴武器法术伤害相关的封印命中,1,1,340160,10,0.000000
533306,飞鸟,0,150,0,0,0,0,2796,1,,,-1,增加自身敏捷属性点,1,1,340160,10,0.000000
533307,风翼,0,150,0,0,0,0,2797,1,,,-1,增加自身气血属性点,1,1,340160,10,0.000000
533308,幻月,0,150,0,0,0,0,2800,1,,,-1,增加自身物理防御,1,1,340160,10,0.000000
533309,寒蝉,0,150,0,0,0,0,2801,1,,,-1,处于失忆符封印状态的目标额外降低抵抗封印,1,1,340160,10,0.000000
533310,雷霆,0,150,0,0,0,0,2806,1,,,-1,使用单体封印技能后，临时增加法术伤害，持续3回合,1,1,340160,10,0.000000
533311,惊雷,0,150,0,0,0,0,2807,1,,,-1,五雷咒目标上限限定为3个，释放五雷咒时额外提升法术伤害结果,1,1,340160,10,0.000000
533312,运转乾坤,0,150,0,0,0,0,2809,1,,,-1,速度+5%,1,1,340160,10,0.000000
533400,法生,0,150,0,0,0,0,2810,1,,,-1,增加自身法术防御。,1,1,340160,10,0.000000
533401,翩然,0,150,0,0,0,0,2812,1,,,-1,增加自身物理伤害。,1,1,340160,10,0.000000
533402,不工,0,150,0,0,0,0,2814,1,,,-1,自身受到召唤灵的物理伤害结果降低。,1,1,340160,10,0.000000
533403,聚万灵,0,150,0,0,0,0,2816,1,,,-1,全属性+3%,1,1,340160,10,0.000000
533404,济柔,0,150,0,0,0,0,2811,1,,,-1,增加自身物理防御。,1,1,340160,10,0.000000
533405,逍遥,0,150,0,0,0,0,2813,1,,,-1,增加自身速度。,1,1,340160,10,0.000000
533406,藏锋,0,150,0,0,0,0,2815,1,,,-1,自身受到召唤灵的法术伤害结果降低。,1,1,340160,10,0.000000
533407,慑四方,0,150,0,0,0,0,2817,1,,,-1,全属性+3%,1,1,340160,10,0.000000
534001,狮心,0,150,0,0,0,0,2818,1,,,-1,变身状态下，额外忽视目标物理防御,1,1,340160,10,0.000000
534002,腾云,0,150,0,0,0,0,2819,1,,,-1,增加自身法术防御,1,1,340160,10,0.000000
534003,兽王,0,150,0,0,0,0,2820,1,,,-1,如果队伍中只有一个狮驼时，鹰击额外增加物理伤害,1,1,340160,10,0.000000
534004,捕风,0,150,0,0,0,0,2821,1,,,-1,增加自身物理防御,1,1,340160,10,0.000000
534005,狮魂,0,150,0,0,0,0,2822,1,,,-1,鹰击出手时，如果目标不足6个，则额外增加伤害结果，队伍中每多一个狮驼岭则减弱部分该加成,1,1,340160,10,0.000000
534006,劈山,0,150,0,0,0,0,2825,1,,,-1,增加自身力量属性点,1,1,340160,10,0.000000
534007,嗜血,0,150,0,0,0,0,2826,1,,,-1,有概率吸取造成物理伤害结果的3%作为自身气血回复,1,1,340160,10,0.000000
534008,狂袭,0,150,0,0,0,0,2829,1,,,-1,每物理击败一个单位，增加一层狂袭增益状态，每层增加忽视物理防御，死亡则层数减半，每回合最多增加1层,1,1,340160,10,0.000000
534009,力拔,0,150,0,0,0,0,2830,1,,,-1,连环击如果击败目标则消耗1回合变身状态，如果回合数不足则取消变身状态,1,1,340160,10,0.000000
534010,暝空,0,150,0,0,0,0,2835,1,,,-1,气冲牛斗获得的变身状态有概率增加一回合,1,1,340160,10,0.000000
534011,贪狼,0,150,0,0,0,0,2836,1,,,-1,释放特技、鹰击长空忽视目标物理防御,1,1,340160,10,0.000000
534012,叱咤洪荒,0,150,0,0,0,0,2838,1,,,-1,物理伤害+5%,1,1,340160,10,0.000000
534101,狮心,0,150,0,0,0,0,2818,1,,,-1,变身状态下，额外忽视目标物理防御,1,1,340160,10,0.000000
534102,腾云,0,150,0,0,0,0,2819,1,,,-1,增加自身法术防御,1,1,340160,10,0.000000
534103,兽王,0,150,0,0,0,0,2820,1,,,-1,如果队伍中只有一个狮驼时，鹰击额外增加物理伤害,1,1,340160,10,0.000000
534104,捕风,0,150,0,0,0,0,2821,1,,,-1,增加自身物理防御,1,1,340160,10,0.000000
534105,狮魂,0,150,0,0,0,0,2822,1,,,-1,鹰击出手时，如果目标不足6个，则额外增加伤害结果，队伍中每多一个狮驼岭则减弱部分该加成,1,1,340160,10,0.000000
534106,劈山,0,150,0,0,0,0,2825,1,,,-1,增加自身力量属性点,1,1,340160,10,0.000000
534107,嗜血,0,150,0,0,0,0,2826,1,,,-1,有概率吸取造成物理伤害结果的15%作为自身气血回复,1,1,340160,10,0.000000
534108,猎禽,0,150,0,0,0,0,2831,1,,,-1,每物理击败一个单位增加一层猎禽增益状态，每层增加物理暴击，死亡则层数清空，每回合最多增加1层,1,1,340160,10,0.000000
534109,长空,0,150,0,0,0,0,2832,1,,,-1,使用鹰击时，额外提升物理暴击概率,1,1,340160,10,0.000000
534110,暝空,0,150,0,0,0,0,2835,1,,,-1,气冲牛斗获得的变身状态有概率增加一回合,1,1,340160,10,0.000000
534111,贪狼,0,150,0,0,0,0,2836,1,,,-1,释放特技、鹰击长空忽视目标物理防御,1,1,340160,10,0.000000
534112,叱咤洪荒,0,150,0,0,0,0,2838,1,,,-1,物理伤害+5%,1,1,340160,10,0.000000
534201,狮心,0,150,0,0,0,0,2818,1,,,-1,变身状态下，额外忽视目标物理防御,1,1,340160,10,0.000000
534202,腾云,0,150,0,0,0,0,2819,1,,,-1,增加自身法术防御,1,1,340160,10,0.000000
534203,兽王,0,150,0,0,0,0,2820,1,,,-1,如果队伍中只有一个狮驼时，鹰击额外增加物理伤害,1,1,340160,10,0.000000
534204,捕风,0,150,0,0,0,0,2821,1,,,-1,增加自身物理防御,1,1,340160,10,0.000000
534205,狮魂,0,150,0,0,0,0,2822,1,,,-1,鹰击出手时，如果目标不足6个，则额外增加伤害结果，队伍中每多一个狮驼岭则减弱部分该加成,1,1,340160,10,0.000000
534206,镇山,0,150,0,0,0,0,2823,1,,,-1,增加自身体质属性点,1,1,340160,10,0.000000
534207,狂枭,0,150,0,0,0,0,2824,1,,,-1,加自身对宠物造成的伤害结果,1,1,340160,10,0.000000
534208,莽兽,0,150,0,0,0,0,2827,1,,,-1,场上每死亡一只宠物单位增加一层莽兽增益状态，每层增加物理伤害，死亡则层数清空，每回合最多增加1层,1,1,340160,10,0.000000
534209,狮吼,0,150,0,0,0,0,2828,1,,,-1,狮搏击败目标单位则增加1回合变身状态,1,1,340160,10,0.000000
534210,魔印,0,150,0,0,0,0,2833,1,,,-1,魔息术持续状态下，使用特技、门派绝技后额外回复自身一定愤怒值,1,1,340160,10,0.000000
534211,同心,0,150,0,0,0,0,2834,1,,,-1,自己宠物有概率保护自己，每回合限1次,1,1,340160,10,0.000000
534212,鹏程万里,0,150,0,0,0,0,2837,1,,,-1,物理暴击+5%,1,1,340160,10,0.000000
534301,狮心,0,150,0,0,0,0,2818,1,,,-1,变身状态下，额外忽视目标物理防御,1,1,340160,10,0.000000
534302,腾云,0,150,0,0,0,0,2819,1,,,-1,增加自身法术防御,1,1,340160,10,0.000000
534303,兽王,0,150,0,0,0,0,2820,1,,,-1,如果队伍中只有一个狮驼时，鹰击额外增加物理伤害,1,1,340160,10,0.000000
534304,捕风,0,150,0,0,0,0,2821,1,,,-1,增加自身物理防御,1,1,340160,10,0.000000
534305,狮魂,0,150,0,0,0,0,2822,1,,,-1,鹰击出手时，如果目标不足6个，则额外增加伤害结果，队伍中每多一个狮驼岭则减弱部分该加成,1,1,340160,10,0.000000
534306,劈山,0,150,0,0,0,0,2825,1,,,-1,增加自身力量属性点,1,1,340160,10,0.000000
534307,嗜血,0,150,0,0,0,0,2826,1,,,-1,有概率吸取造成物理伤害结果的15%作为自身气血回复,1,1,340160,10,0.000000
534308,狂袭,0,150,0,0,0,0,2829,1,,,-1,每物理击败一个单位，增加一层狂袭增益状态，每层增加忽视物理防御，死亡则层数减半，每回合最多增加1层,1,1,340160,10,0.000000
534309,力拔,0,150,0,0,0,0,2830,1,,,-1,连环击如果击败目标则消耗1回合变身状态，如果回合数不足则取消变身状态,1,1,340160,10,0.000000
534310,魔印,0,150,0,0,0,0,2833,1,,,-1,魔息术持续状态下，使用特技、门派绝技后额外回复自身一定愤怒值,1,1,340160,10,0.000000
534311,同心,0,150,0,0,0,0,2834,1,,,-1,自己宠物有概率保护自己，每回合限1次,1,1,340160,10,0.000000
534312,鹏程万里,0,150,0,0,0,0,2837,1,,,-1,物理暴击+5%,1,1,340160,10,0.000000
534400,百谷,0,150,0,0,0,0,2839,1,,,-1,增加自身法术防御。,1,1,340160,10,0.000000
534401,云梯,0,150,0,0,0,0,2841,1,,,-1,增加自身物理伤害。,1,1,340160,10,0.000000
534402,兼爱,0,150,0,0,0,0,2843,1,,,-1,自身受到召唤灵的法术伤害结果降低。,1,1,340160,10,0.000000
534403,百兽怒,0,150,0,0,0,0,2845,1,,,-1,全属性+3%,1,1,340160,10,0.000000
534404,社稷,0,150,0,0,0,0,2840,1,,,-1,增加自身物理防御。,1,1,340160,10,0.000000
534405,墨守,0,150,0,0,0,0,2842,1,,,-1,增加自身速度。,1,1,340160,10,0.000000
534406,非攻,0,150,0,0,0,0,2844,1,,,-1,自身受到召唤灵的物理伤害结果降低。,1,1,340160,10,0.000000
534407,大鹏威,0,150,0,0,0,0,2846,1,,,-1,全属性+3%,1,1,340160,10,0.000000
535001,清露,0,150,0,0,0,0,2847,1,,,-1,提升自身治疗强度,1,1,340160,10,0.000000
535002,春晖,0,150,0,0,0,0,2848,1,,,-1,增加自身体质属性点,1,1,340160,10,0.000000
535003,新荷,0,150,0,0,0,0,2849,1,,,-1,如果队伍中只有一个普陀时，普渡众生治疗效果增加,1,1,340160,10,0.000000
535004,芳菲,0,150,0,0,0,0,2850,1,,,-1,灵动九天有概率额外增加一个单位，该单位优先选择无灵动九天状态中法术伤害最高者。,1,1,340160,10,0.000000
535005,暗香,0,150,0,0,0,0,2851,1,,,-1,自己释放的状态类效果被驱散概率降低,1,1,340160,10,0.000000
535006,晚风,0,150,0,0,0,0,2854,1,,,-1,增加自身敏捷属性点,1,1,340160,10,0.000000
535007,复苏,0,150,0,0,0,0,2855,1,,,-1,杨柳甘露复活目标时，有概率净化一个非封印的减益状态,1,1,340160,10,0.000000
535008,焕彩,0,150,0,0,0,0,2862,1,,,-1,释放五行咒后，有概率给自身附加一个灵动九天状态,1,1,340160,10,0.000000
535009,烁光,0,150,0,0,0,0,2863,1,,,-1,释放五行咒后，有概率给自己附加一个随机增益状态,1,1,340160,10,0.000000
535010,返朴,0,150,0,0,0,0,2864,1,,,-1,灵动九天附加的法术防御额外增加,1,1,340160,10,0.000000
535011,宁心,0,150,0,0,0,0,2865,1,,,-1,提升自身法术防御,1,1,340160,10,0.000000
535012,波澜不惊,0,150,0,0,0,0,2867,1,,,-1,治疗强度+5%,1,1,340160,10,0.000000
535101,清露,0,150,0,0,0,0,2847,1,,,-1,提升自身治疗强度,1,1,340160,10,0.000000
535102,春晖,0,150,0,0,0,0,2848,1,,,-1,增加自身体质属性点,1,1,340160,10,0.000000
535103,新荷,0,150,0,0,0,0,2849,1,,,-1,如果队伍中只有一个普陀时，普渡众生治疗效果增加,1,1,340160,10,0.000000
535104,芳菲,0,150,0,0,0,0,2850,1,,,-1,灵动九天有概率额外增加一个单位，该单位优先选择无灵动九天状态中法术伤害最高者。,1,1,340160,10,0.000000
535105,暗香,0,150,0,0,0,0,2851,1,,,-1,自己释放的状态类效果被驱散概率降低,1,1,340160,10,0.000000
535106,晚风,0,150,0,0,0,0,2854,1,,,-1,增加自身敏捷属性点,1,1,340160,10,0.000000
535107,复苏,0,150,0,0,0,0,2855,1,,,-1,杨柳甘露复活目标时，有概率净化一个非封印的减益状态,1,1,340160,10,0.000000
535108,甘露,0,150,0,0,0,0,2850,1,,,-1,每使用杨柳甘露复活一个单位，增加一层甘露增益状态，每层增加法术暴击，死亡则层数清空，每回合最多增加1层,1,1,340160,10,0.000000
535109,醒世,0,150,0,0,0,0,2861,1,,,-1,杨柳甘露可以复活鬼魂单位,1,1,340160,10,0.000000
535110,返朴,0,150,0,0,0,0,2864,1,,,-1,灵动九天附加的法术防御额外增加,1,1,340160,10,0.000000
535111,宁心,0,150,0,0,0,0,2865,1,,,-1,提升自身法术防御,1,1,340160,10,0.000000
535112,波澜不惊,0,150,0,0,0,0,2867,1,,,-1,治疗强度+5%,1,1,340160,10,0.000000
535201,清露,0,150,0,0,0,0,2847,1,,,-1,提升自身治疗强度,1,1,340160,10,0.000000
535202,春晖,0,150,0,0,0,0,2848,1,,,-1,增加自身体质属性点,1,1,340160,10,0.000000
535203,新荷,0,150,0,0,0,0,2849,1,,,-1,如果队伍中只有一个普陀时，普渡众生治疗效果增加,1,1,340160,10,0.000000
535204,芳菲,0,150,0,0,0,0,2850,1,,,-1,灵动九天有概率额外增加一个单位，该单位优先选择无灵动九天状态中法术伤害最高者。,1,1,340160,10,0.000000
535205,暗香,0,150,0,0,0,0,2851,1,,,-1,自己释放的状态类效果被驱散概率降低,1,1,340160,10,0.000000
535206,晴雪,0,150,0,0,0,0,2852,1,,,-1,增加自身魔力属性点,1,1,340160,10,0.000000
535207,蔓生,0,150,0,0,0,0,2853,1,,,-1,五行咒目标上限限定为3个，释放五行咒时额外提升法术伤害结果,1,1,340160,10,0.000000
535208,五行,0,150,0,0,0,0,2856,1,,,-1,每成功释放一次五行咒，增加一层五行增益状态，每层增加法术伤害，死亡则层数清空，每回合最多增加1层,1,1,340160,10,0.000000
535209,神伤,0,150,0,0,0,0,2857,1,,,-1,五行咒首目标有概率附加目标最大属性点相关的减益状态,1,1,340160,10,0.000000
535210,普渡,0,150,0,0,0,0,2858,1,,,-1,每释放一次灵动九天，增加一层普渡增益状态，每层增加治疗强度，死亡则层数清空，每回合最多增加1层,1,1,340160,10,0.000000
535211,慈心,0,150,0,0,0,0,2859,1,,,-1,提升自身物理防御,1,1,340160,10,0.000000
535212,颠倒五行,0,150,0,0,0,0,2866,1,,,-1,速度+5%,1,1,340160,10,0.000000
535301,清露,0,150,0,0,0,0,2847,1,,,-1,提升自身治疗强度,1,1,340160,10,0.000000
535302,春晖,0,150,0,0,0,0,2848,1,,,-1,增加自身体质属性点,1,1,340160,10,0.000000
535303,新荷,0,150,0,0,0,0,2849,1,,,-1,如果队伍中只有一个普陀时，普渡众生治疗效果增加,1,1,340160,10,0.000000
535304,芳菲,0,150,0,0,0,0,2850,1,,,-1,灵动九天有概率额外增加一个单位，该单位优先选择无灵动九天状态中法术伤害最高者。,1,1,340160,10,0.000000
535305,暗香,0,150,0,0,0,0,2851,1,,,-1,自己释放的状态类效果被驱散概率降低,1,1,340160,10,0.000000
535306,晚风,0,150,0,0,0,0,2854,1,,,-1,增加自身敏捷属性点,1,1,340160,10,0.000000
535307,复苏,0,150,0,0,0,0,2855,1,,,-1,杨柳甘露复活目标时，有概率净化一个非封印的减益状态,1,1,340160,10,0.000000
535308,焕彩,0,150,0,0,0,0,2862,1,,,-1,：释放五行咒后，有概率给自身附加一个灵动九天状态,1,1,340160,10,0.000000
535309,烁光,0,150,0,0,0,0,2863,1,,,-1,释放五行咒后，有概率给自己附加一个随机增益状态,1,1,340160,10,0.000000
535310,普渡,0,150,0,0,0,0,2858,1,,,-1,：每释放一次灵动九天，增加一层普渡增益状态，每层增加治疗强度，死亡则层数清空，每回合最多增加1层,1,1,340160,10,0.000000
535311,慈心,0,150,0,0,0,0,2859,1,,,-1,提升自身物理防御,1,1,340160,10,0.000000
535312,颠倒五行,0,150,0,0,0,0,2866,1,,,-1,速度+5%,1,1,340160,10,0.000000
535400,仲景,0,150,0,0,0,0,2868,1,,,-1,增加自身法术防御。,1,1,340160,10,0.000000
535401,五色,0,150,0,0,0,0,2870,1,,,-1,增加自身速度。,1,1,340160,10,0.000000
535402,抱朴,0,150,0,0,0,0,2872,1,,,-1,自身受到召唤灵的法术伤害结果降低。,1,1,340160,10,0.000000
535403,洗其髓,0,150,0,0,0,0,2874,1,,,-1,全属性+3%,1,1,340160,10,0.000000
535404,阳庆,0,150,0,0,0,0,2869,1,,,-1,增加自身物理防御。,1,1,340160,10,0.000000
535405,朔气,0,150,0,0,0,0,2871,1,,,-1,增加自身法术伤害。,1,1,340160,10,0.000000
535406,脉书,0,150,0,0,0,0,2873,1,,,-1,自身受到召唤灵的物理伤害结果降低。,1,1,340160,10,0.000000
535407,冶其身,0,150,0,0,0,0,2875,1,,,-1,全属性+3%,1,1,340160,10,0.000000
536001,幽冥,0,150,0,0,0,0,2876,1,,,-1,对中毒单位使用尸腐毒增加中毒层数，层数影响中毒效果，最多3层,1,1,340160,10,0.000000
536002,凝魂,0,150,0,0,0,0,2877,1,,,-1,增加自身法术防御,1,1,340160,10,0.000000
536003,阎罗,0,150,0,0,0,0,2878,1,,,-1,如果队伍中只有一个地府，尸腐毒治疗效果增加一定比例,1,1,340160,10,0.000000
536004,引魂,0,150,0,0,0,0,2879,1,,,-1,增加自身物理防御,1,1,340160,10,0.000000
536005,虚无,0,150,0,0,0,0,2880,1,,,-1,回合结束时，如果己方宠物气血低于10%，有概率获得修罗隐身状态,1,1,340160,10,0.000000
536006,缥缈,0,150,0,0,0,0,2881,1,,,-1,增加自身敏捷属性点,1,1,340160,10,0.000000
536007,重瞳,0,150,0,0,0,0,2882,1,,,-1,幽冥鬼眼有概率增加一个单位,1,1,340160,10,0.000000
536008,轮回,0,150,0,0,0,0,2889,1,,,-1,增加自身气血,1,1,340160,10,0.000000
536009,结魄,0,150,0,0,0,0,2890,1,,,-1,回合结束时，如果敌方有人物单位处于倒地状态，则回复自身愤怒值,1,1,340160,10,0.000000
536010,黄泉,0,150,0,0,0,0,2895,1,,,-1,对目标使用尸腐毒时，有概率附加3回合死亡禁锢状态,1,1,340160,10,0.000000
536011,索命,0,150,0,0,0,0,2896,1,,,-1,结算敌方所有单位的中毒状态,1,1,340160,10,0.000000
536012,返璞归真,0,150,0,0,0,0,2897,1,,,-1,速度+5%,1,1,340160,10,0.000000
536101,幽冥,0,150,0,0,0,0,2876,1,,,-1,对中毒单位使用尸腐毒增加中毒层数，层数影响中毒效果，最多3层,1,1,340160,10,0.000000
536102,凝魂,0,150,0,0,0,0,2877,1,,,-1,增加自身法术防御,1,1,340160,10,0.000000
536103,阎罗,0,150,0,0,0,0,2878,1,,,-1,如果队伍中只有一个地府，尸腐毒治疗效果增加一定比例,1,1,340160,10,0.000000
536104,引魂,0,150,0,0,0,0,2879,1,,,-1,增加自身物理防御,1,1,340160,10,0.000000
536105,虚无,0,150,0,0,0,0,2880,1,,,-1,回合结束时，如果己方宠物气血低于10%，有概率获得修罗隐身状态,1,1,340160,10,0.000000
536106,缥缈,0,150,0,0,0,0,2881,1,,,-1,增加自身敏捷属性点,1,1,340160,10,0.000000
536107,重瞳,0,150,0,0,0,0,2882,1,,,-1,幽冥鬼眼有概率增加一个单位,1,1,340160,10,0.000000
536108,皆空,0,150,0,0,0,0,2890,1,,,-1,增加自身气血,1,1,340160,10,0.000000
536109,执念,0,150,0,0,0,0,2888,1,,,-1,五蕴皆空每驱散对方一个增益状态，则扣除目标一定气血,1,1,340160,10,0.000000
536110,驭灵,0,150,0,0,0,0,2891,1,,,-1,敌方每死亡一个单位，回复自身气血,1,1,340160,10,0.000000
536111,汲魂,0,150,0,0,0,0,2892,1,,,-1,六道轮回降低物理防御效果额外提高,1,1,340160,10,0.000000
536112,返璞归真,0,150,0,0,0,0,2897,1,,,-1,速度+5%,1,1,340160,10,0.000000
536201,幽冥,0,150,0,0,0,0,2876,1,,,-1,对中毒单位使用尸腐毒增加中毒层数，层数影响中毒效果，最多3层,1,1,340160,10,0.000000
536202,凝魂,0,150,0,0,0,0,2877,1,,,-1,增加自身法术防御,1,1,340160,10,0.000000
536203,阎罗,0,150,0,0,0,0,2878,1,,,-1,如果队伍中只有一个地府，尸腐毒治疗效果增加一定比例,1,1,340160,10,0.000000
536204,引魂,0,150,0,0,0,0,2879,1,,,-1,增加自身物理防御,1,1,340160,10,0.000000
536205,虚无,0,150,0,0,0,0,2880,1,,,-1,回合结束时，如果己方宠物气血低于10%，有概率获得修罗隐身状态,1,1,340160,10,0.000000
536206,擎苍,0,150,0,0,0,0,2883,1,,,-1,增加自身力量属性点,1,1,340160,10,0.000000
536207,灵幡,0,150,0,0,0,0,2884,1,,,-1,阎罗令的目标上限调整为3个并修改为物理伤害结算，释放时临时附加物理伤害,1,1,340160,10,0.000000
536208,陨魂,0,150,0,0,0,0,2885,1,,,-1,增加自身气血,1,1,340160,10,0.000000
536209,悟道,0,150,0,0,0,0,2886,1,,,-1,自身攻击有六道轮回的单位，提升物理伤害结果,1,1,340160,10,0.000000
536210,睚眦,0,150,0,0,0,0,2883,1,,,-1,物理攻击敌方单位有概率使其中毒,1,1,340160,10,0.000000
536211,神隐,0,150,0,0,0,0,2894,1,,,-1,释放修罗隐身时有概率多增加一回合,1,1,340160,10,0.000000
536212,舍身济世,0,150,0,0,0,0,2898,1,,,-1,气血+5%,1,1,340160,10,0.000000
536301,幽冥,0,150,0,0,0,0,2876,1,,,-1,对中毒单位使用尸腐毒增加中毒层数，层数影响中毒效果，最多3层,1,1,340160,10,0.000000
536302,凝魂,0,150,0,0,0,0,2877,1,,,-1,增加自身法术防御,1,1,340160,10,0.000000
536303,阎罗,0,150,0,0,0,0,2878,1,,,-1,如果队伍中只有一个地府，尸腐毒治疗效果增加一定比例,1,1,340160,10,0.000000
536304,引魂,0,150,0,0,0,0,2879,1,,,-1,增加自身物理防御,1,1,340160,10,0.000000
536305,虚无,0,150,0,0,0,0,2880,1,,,-1,回合结束时，如果己方宠物气血低于10%，有概率获得修罗隐身状态,1,1,340160,10,0.000000
536306,缥缈,0,150,0,0,0,0,2881,1,,,-1,增加自身敏捷属性点,1,1,340160,10,0.000000
536307,重瞳,0,150,0,0,0,0,2882,1,,,-1,幽冥鬼眼有概率增加一个单位,1,1,340160,10,0.000000
536308,皆空,0,150,0,0,0,0,2890,1,,,-1,五蕴皆空驱散增益状态则增加一层皆空增益状态，每层提升对应状态初始驱散概率，死亡则层数清空，每回合最多增加1层，最高累积5层,1,1,340160,10,0.000000
536309,执念,0,150,0,0,0,0,2888,1,,,-1,五蕴皆空每驱散对方一个增益状态，则扣除目标一定气血,1,1,340160,10,0.000000
536310,睚眦,0,150,0,0,0,0,2883,1,,,-1,物理攻击敌方单位有概率使其中毒,1,1,340160,10,0.000000
536311,神隐,0,150,0,0,0,0,2894,1,,,-1,释放修罗隐身时有概率多增加一回合,1,1,340160,10,0.000000
536312,舍身济世,0,150,0,0,0,0,2898,1,,,-1,气血+5%,1,1,340160,10,0.000000
536400,天衍,0,150,0,0,0,0,2899,1,,,-1,增加自身法术防御。,1,1,340160,10,0.000000
536401,昼夜,0,150,0,0,0,0,2901,1,,,-1,增加自身速度。,1,1,340160,10,0.000000
536402,霄阴,0,150,0,0,0,0,2903,1,,,-1,自身受到召唤灵的法术伤害结果降低。,1,1,340160,10,0.000000
536403,无间狱,0,150,0,0,0,0,2905,1,,,-1,全属性+3%,1,1,340160,10,0.000000
536404,灵枢,0,150,0,0,0,0,2900,1,,,-1,增加自身物理防御。,1,1,340160,10,0.000000
536405,日月,0,150,0,0,0,0,2902,1,,,-1,增加自身气血。,1,1,340160,10,0.000000
536406,烛明,0,150,0,0,0,0,2904,1,,,-1,自身受到召唤灵的物理伤害结果降低。,1,1,340160,10,0.000000
536407,五帝兴,0,150,0,0,0,0,2906,1,,,-1,全属性+3%,1,1,340160,10,0.000000
537001,龙影,0,150,0,0,0,0,2907,1,,,-1,增加自身的法术伤害,1,1,340160,10,0.000000
537002,海语,0,150,0,0,0,0,2908,1,,,-1,增加自身法术防御,1,1,340160,10,0.000000
537003,龙魂,0,150,0,0,0,0,2909,1,,,-1,如果队伍中只有一个龙宫时，龙卷雨击额外提升伤害结果,1,1,340160,10,0.000000
537004,风灵,0,150,0,0,0,0,2910,1,,,-1,增加自身物理防御,1,1,340160,10,0.000000
537005,潮息,0,150,0,0,0,0,2911,1,,,-1,龙卷雨击出手时，如果目标不足7个，则额外增加伤害结果，队伍中每多一个龙宫则减弱部分该加成,1,1,340160,10,0.000000
537006,龙冥,0,150,0,0,0,0,2912,1,,,-1,增加自身魔力属性点,1,1,340160,10,0.000000
537007,遨游,0,150,0,0,0,0,2913,1,,,-1,龙腾触发法术连击概率增加,1,1,340160,10,0.000000
537008,晚汐,0,150,0,0,0,0,2918,1,,,-1,每使用龙腾造成击败，增加一层晚汐增益状态，每层增加法术连击，死亡层数清空，每回合最多增加1层,1,1,340160,10,0.000000
537009,凝露,0,150,0,0,0,0,2919,1,,,-1,清心状态持续时，增加法术伤害和抵抗封印,1,1,340160,10,0.000000
537010,龙昼,0,150,0,0,0,0,2924,1,,,-1,二龙戏珠触发法术连击概率增加,1,1,340160,10,0.000000
537011,双龙,0,150,0,0,0,0,2925,1,,,-1,二龙戏珠如果没有触发多下且目标没有死亡则额外增加不进入休息状态的概率,1,1,340160,10,0.000000
537012,神龙摆尾,0,150,0,0,0,0,2926,1,,,-1,法术连击+5%,1,1,340160,10,0.000000
537101,龙影,0,150,0,0,0,0,2907,1,,,-1,增加自身的法术伤害,1,1,340160,10,0.000000
537102,海语,0,150,0,0,0,0,2908,1,,,-1,增加自身法术防御,1,1,340160,10,0.000000
537103,龙魂,0,150,0,0,0,0,2909,1,,,-1,如果队伍中只有一个龙宫时，龙卷雨击额外提升伤害结果,1,1,340160,10,0.000000
537104,风灵,0,150,0,0,0,0,2910,1,,,-1,增加自身物理防御,1,1,340160,10,0.000000
537105,潮息,0,150,0,0,0,0,2911,1,,,-1,龙卷雨击出手时，如果目标不足7个，则额外增加伤害结果，队伍中每多一个龙宫则减弱部分该加成,1,1,340160,10,0.000000
537106,龙冥,0,150,0,0,0,0,2912,1,,,-1,增加自身魔力属性点,1,1,340160,10,0.000000
537107,遨游,0,150,0,0,0,0,2913,1,,,-1,龙腾触发法术连击概率增加,1,1,340160,10,0.000000
537108,踏浪,0,150,0,0,0,0,2916,1,,,-1,每次龙卷雨击击败一个单位增加一层踏浪增益状态，每层增加法术伤害，死亡层数清空，每回合最多增加1层,1,1,340160,10,0.000000
537109,龙昼,0,150,0,0,0,0,2924,1,,,-1,二龙戏珠触发法术连击概率增加,1,1,340160,10,0.000000
537110,逐浪,0,150,0,0,0,0,2917,1,,,-1,逆鳞状态额外增加法术伤害结果,1,1,340160,10,0.000000
537111,双龙,0,150,0,0,0,0,2925,1,,,-1,二龙戏珠如果没有触发多下且目标没有死亡则额外增加不进入休息状态的概率,1,1,340160,10,0.000000
537112,神龙摆尾,0,150,0,0,0,0,2926,1,,,-1,法术连击+5%,1,1,340160,10,0.000000
537201,龙影,0,150,0,0,0,0,2907,1,,,-1,增加自身的法术伤害,1,1,340160,10,0.000000
537202,海语,0,150,0,0,0,0,2908,1,,,-1,增加自身法术防御,1,1,340160,10,0.000000
537203,龙魂,0,150,0,0,0,0,2909,1,,,-1,如果队伍中只有一个龙宫时，龙卷雨击额外提升伤害结果,1,1,340160,10,0.000000
537204,风灵,0,150,0,0,0,0,2910,1,,,-1,增加自身物理防御,1,1,340160,10,0.000000
537205,潮息,0,150,0,0,0,0,2911,1,,,-1,龙卷雨击出手时，如果目标不足7个，则额外增加伤害结果，队伍中每多一个龙宫则减弱部分该加成,1,1,340160,10,0.000000
537206,云鳞,0,150,0,0,0,0,2914,1,,,-1,增加自身敏捷属性点,1,1,340160,10,0.000000
537207,龙息,0,150,0,0,0,0,2915,1,,,-1,龙卷雨击对气血高于50%的目标额外增加伤害结果,1,1,340160,10,0.000000
537208,叠吟,0,150,0,0,0,0,2920,1,,,-1,每成功释放一次龙吟，增加一层叠吟增益状态，每层增加法术伤害结果，死亡层数清空，每回合最多增加1层,1,1,340160,10,0.000000
537209,寒髓,0,150,0,0,0,0,2921,1,,,-1,目标当前魔法值比例越低，龙卷雨击造成的伤害越高,1,1,340160,10,0.000000
537210,龙棘,0,150,0,0,0,0,2922,1,,,-1,龙宫门派法术最大降治疗效果提升至4层,1,1,340160,10,0.000000
537211,奔涌,0,150,0,0,0,0,2923,1,,,-1,龙卷雨击额外增加降低治疗效果层数相关的法术伤害结果,1,1,340160,10,0.000000
537212,雷浪穿云,0,150,0,0,0,0,2927,1,,,-1,法术攻击+5%,1,1,340160,10,0.000000
537301,龙影,0,150,0,0,0,0,2907,1,,,-1,增加自身的法术伤害,1,1,340160,10,0.000000
537302,海语,0,150,0,0,0,0,2908,1,,,-1,增加自身法术防御,1,1,340160,10,0.000000
537303,龙魂,0,150,0,0,0,0,2909,1,,,-1,如果队伍中只有一个龙宫时，龙卷雨击额外提升伤害结果,1,1,340160,10,0.000000
537304,风灵,0,150,0,0,0,0,2910,1,,,-1,增加自身物理防御,1,1,340160,10,0.000000
537305,潮息,0,150,0,0,0,0,2911,1,,,-1,龙卷雨击出手时，如果目标不足7个，则额外增加伤害结果，队伍中每多一个龙宫则减弱部分该加成,1,1,340160,10,0.000000
537306,龙冥,0,150,0,0,0,0,2912,1,,,-1,增加自身魔力属性点,1,1,340160,10,0.000000
537307,遨游,0,150,0,0,0,0,2913,1,,,-1,龙腾触发法术连击概率增加,1,1,340160,10,0.000000
537308,晚汐,0,150,0,0,0,0,2918,1,,,-1,每使用龙腾造成击败，增加一层晚汐增益状态，每层增加法术连击，死亡层数清空，每回合最多增加1层,1,1,340160,10,0.000000
537309,凝露,0,150,0,0,0,0,2919,1,,,-1,清心状态持续时，增加法术伤害和抵抗封印,1,1,340160,10,0.000000
537310,龙棘,0,150,0,0,0,0,2922,1,,,-1,龙宫门派法术最大降治疗效果提升至4层,1,1,340160,10,0.000000
537311,奔涌,0,150,0,0,0,0,2923,1,,,-1,龙卷雨击额外增加降低治疗效果层数相关的法术伤害结果,1,1,340160,10,0.000000
537312,雷浪穿云,0,150,0,0,0,0,2927,1,,,-1,法术攻击+5%,1,1,340160,10,0.000000
537400,思慎,0,150,0,0,0,0,2928,1,,,-1,增加自身法术防御。,1,1,340160,10,0.000000
537401,孤愤,0,150,0,0,0,0,2930,1,,,-1,增加自身法术伤害。,1,1,340160,10,0.000000
537402,不害,0,150,0,0,0,0,2932,1,,,-1,自身受到召唤灵的物理伤害结果降低。,1,1,340160,10,0.000000
537403,天行云,0,150,0,0,0,0,2934,1,,,-1,全属性+3%,1,1,340160,10,0.000000
537404,赏善,0,150,0,0,0,0,2929,1,,,-1,增加自身物理防御。,1,1,340160,10,0.000000
537405,秋毫,0,150,0,0,0,0,2931,1,,,-1,增加自身速度。,1,1,340160,10,0.000000
537406,不辛,0,150,0,0,0,0,2933,1,,,-1,自身受到召唤灵的法术伤害结果降低,1,1,340160,10,0.000000
537407,龙鸣雷,0,150,0,0,0,0,2935,1,,,-1,全属性+3%,1,1,340160,10,0.000000
538001,星火,0,150,0,0,0,0,2936,1,,,-1,增加自身法术伤害。,1,1,340160,10,0.000000
538002,洗髓,0,150,0,0,0,0,2937,1,,,-1,增加自身法术暴击。,1,1,340160,10,0.000000
538003,魔灵,0,150,0,0,0,0,2938,1,,,-1,如果队伍中只有一个魔王，自身及印记的飞砂走石额外增加一定的伤害结果,1,1,340160,10,0.000000
538004,腾风,0,150,0,0,0,0,2939,1,,,-1,增加自身魔力属性点,1,1,340160,10,0.000000
538005,炽焱,0,150,0,0,0,0,2940,1,,,-1,释放三昧真火时，额外提升法术暴击概率,1,1,340160,10,0.000000
538006,熔骨,0,150,0,0,0,0,2943,1,,,-1,三昧真火攻击目标同时附加灼炎效果,1,1,340160,10,0.000000
538007,狂砂,0,150,0,0,0,0,2944,1,,,-1,自身释放飞砂走石时额外提高法术暴击概率,1,1,340160,10,0.000000
538008,降临,0,150,0,0,0,0,2945,1,,,-1,自身三昧真火、飞砂走石造成击败，增加一层降临增益状态，每层增加法术暴击，死亡则层数清空，每回合最多增加1层,1,1,340160,10,0.000000
538009,狂啸,0,150,0,0,0,0,2946,1,,,-1,自身释放魔王降临时有概率多增加一回合,1,1,340160,10,0.000000
538010,星芒,0,150,0,0,0,0,2949,1,,,-1,自身魔王降临状态下获得感知能力并针对隐身单位额外增加的法术暴击概率,1,1,340160,10,0.000000
538011,烽火,0,150,0,0,0,0,2950,1,,,-1,将自身造成的灼烧状态升级为灼炎状态，额外降低目标5%的法术防御,1,1,340160,10,0.000000
538012,焚天裂地,0,150,0,0,0,0,2953,1,,,-1,法术伤害+5%,1,1,340160,10,0.000000
538101,星火,0,150,0,0,0,0,2936,1,,,-1,增加自身法术伤害。,1,1,340160,10,0.000000
538102,洗髓,0,150,0,0,0,0,2937,1,,,-1,增加自身法术暴击。,1,1,340160,10,0.000000
538103,魔灵,0,150,0,0,0,0,2938,1,,,-1,如果队伍中只有一个魔王，自身及印记的飞砂走石额外增加一定的伤害结果,1,1,340160,10,0.000000
538104,相生,0,150,0,0,0,0,2941,1,,,-1,增加自身体质属性,1,1,340160,10,0.000000
538105,相伴,0,150,0,0,0,0,2942,1,,,-1,在自己出手时临时增加自身印记数量相关的法术伤害,1,1,340160,10,0.000000
538106,熔骨,0,150,0,0,0,0,2943,1,,,-1,三昧真火攻击目标同时附加灼炎效果,1,1,340160,10,0.000000
538107,狂砂,0,150,0,0,0,0,2944,1,,,-1,自身释放飞砂走石时额外提高法术暴击概率,1,1,340160,10,0.000000
538108,降临,0,150,0,0,0,0,2945,1,,,-1,自身三昧真火、飞砂走石造成击败，增加一层降临增益状态，每层增加法术暴击，死亡则层数清空，每回合最多增加1层,1,1,340160,10,0.000000
538109,狂啸,0,150,0,0,0,0,2946,1,,,-1,自身释放魔王降临时有概率多增加一回合,1,1,340160,10,0.000000
538110,星芒,0,150,0,0,0,0,2949,1,,,-1,自身魔王降临状态下获得感知能力并针对隐身单位额外增加的法术暴击概率,1,1,340160,10,0.000000
538111,烽火,0,150,0,0,0,0,2950,1,,,-1,将自身造成的灼烧状态升级为灼炎状态，额外降低目标5%的法术防御,1,1,340160,10,0.000000
538112,焚天裂地,0,150,0,0,0,0,2953,1,,,-1,法术伤害+5%,1,1,340160,10,0.000000
538201,星火,0,150,0,0,0,0,2936,1,,,-1,增加自身法术伤害。,1,1,340160,10,0.000000
538202,洗髓,0,150,0,0,0,0,2937,1,,,-1,增加自身法术暴击。,1,1,340160,10,0.000000
538203,魔灵,0,150,0,0,0,0,2938,1,,,-1,如果队伍中只有一个魔王，自身及印记的飞砂走石额外增加一定的伤害结果,1,1,340160,10,0.000000
538204,腾风,0,150,0,0,0,0,2939,1,,,-1,增加自身魔力属性点,1,1,340160,10,0.000000
538205,炽焱,0,150,0,0,0,0,2940,1,,,-1,释放三昧真火时，额外提升法术暴击概率,1,1,340160,10,0.000000
538206,熔骨,0,150,0,0,0,0,2943,1,,,-1,三昧真火攻击目标同时附加灼炎效果,1,1,340160,10,0.000000
538207,狂砂,0,150,0,0,0,0,2944,1,,,-1,自身释放飞砂走石时额外提高法术暴击概率,1,1,340160,10,0.000000
538208,狼烟,0,150,0,0,0,0,2947,1,,,-1,每召唤一个先祖印记则增加一层狼烟增益状态，每层增加法术伤害，死亡则层数清空，每回合最多增加1层,1,1,340160,10,0.000000
538209,焰护,0,150,0,0,0,0,2948,1,,,-1,单次承受伤害超过自身最大血量30%时，有概率给自身附加一个印记,1,1,340160,10,0.000000
538210,复生,0,150,0,0,0,0,2951,1,,,-1,回复型先祖印记拥有神佑复生技能,1,1,340160,10,0.000000
538211,燎原,0,150,0,0,0,0,2952,1,,,-1,输出型先祖印记拥有法术暴击技能,1,1,340160,10,0.000000
538212,雷浪穿云,0,150,0,0,0,0,2954,1,,,-1,法术暴击+5%,1,1,340160,10,0.000000
538301,星火,0,150,0,0,0,0,2936,1,,,-1,增加自身法术伤害。,1,1,340160,10,0.000000
538302,洗髓,0,150,0,0,0,0,2937,1,,,-1,增加自身法术暴击。,1,1,340160,10,0.000000
538303,魔灵,0,150,0,0,0,0,2938,1,,,-1,如果队伍中只有一个魔王，自身及印记的飞砂走石额外增加一定的伤害结果,1,1,340160,10,0.000000
538304,相生,0,150,0,0,0,0,2941,1,,,-1,增加自身体质属性,1,1,340160,10,0.000000
538305,相伴,0,150,0,0,0,0,2942,1,,,-1,在自己出手时临时增加自身印记数量相关的法术伤害,1,1,340160,10,0.000000
538306,熔骨,0,150,0,0,0,0,2943,1,,,-1,三昧真火攻击目标同时附加灼炎效果,1,1,340160,10,0.000000
538307,狂砂,0,150,0,0,0,0,2944,1,,,-1,自身释放飞砂走石时额外提高法术暴击概率,1,1,340160,10,0.000000
538308,狼烟,0,150,0,0,0,0,2947,1,,,-1,每召唤一个先祖印记则增加一层狼烟增益状态，每层增加法术伤害，死亡则层数清空，每回合最多增加1层,1,1,340160,10,0.000000
538309,焰护,0,150,0,0,0,0,2948,1,,,-1,单次承受伤害超过自身最大血量30%时，有概率给自身附加一个印记,1,1,340160,10,0.000000
538310,复生,0,150,0,0,0,0,2951,1,,,-1,回复型先祖印记拥有神佑复生技能,1,1,340160,10,0.000000
538311,燎原,0,150,0,0,0,0,2952,1,,,-1,输出型先祖印记拥有法术暴击技能,1,1,340160,10,0.000000
538312,雷浪穿云,0,150,0,0,0,0,2954,1,,,-1,法术暴击+5%,1,1,340160,10,0.000000
538400,合纵,0,150,0,0,0,0,2955,1,,,-1,增加自身法术防御。,1,1,340160,10,0.000000
538401,鬼谷,0,150,0,0,0,0,2957,1,,,-1,增加自身法术伤害。,1,1,340160,10,0.000000
538402,天光,0,150,0,0,0,0,2959,1,,,-1,自身受到召唤灵的物理伤害结果降低。,1,1,340160,10,0.000000
538403,魔砂变,0,150,0,0,0,0,2961,1,,,-1,全属性+3%,1,1,340160,10,0.000000
538404,连横,0,150,0,0,0,0,2956,1,,,-1,增加自身物理防御。,1,1,340160,10,0.000000
538405,洪荒,0,150,0,0,0,0,2958,1,,,-1,增加自身气血。,1,1,340160,10,0.000000
538406,四时,0,150,0,0,0,0,2960,1,,,-1,自身受到召唤灵的物理伤害结果降低。,1,1,340160,10,0.000000
538407,先祖谋,0,150,0,0,0,0,2962,1,,,-1,全属性+3%,1,1,340160,10,0.000000
539001,惠泽,0,150,0,0,0,0,2963,1,,,-1,提升自身治疗强度,1,1,340160,10,0.000000
539002,佛怒,0,150,0,0,0,0,2966,1,,,-1,增加自身魔力属性点,1,1,340160,10,0.000000
539003,闭月,0,150,0,0,0,0,2967,1,,,-1,唧唧歪歪目标上限限定为3个，释放唧唧歪歪时额外提升法术伤害结果,1,1,340160,10,0.000000
539004,铭形,0,150,0,0,0,0,2968,1,,,-1,增加自身法术防御,1,1,340160,10,0.000000
539005,空渡,0,150,0,0,0,0,2969,1,,,-1,如果队伍中只有一个化生时，推气过宫治疗结果增加,1,1,340160,10,0.000000
539006,铭心,0,150,0,0,0,0,2970,1,,,-1,增加自身物理防御,1,1,340160,10,0.000000
539007,兼修,0,150,0,0,0,0,2971,1,,,-1,唧唧歪歪首目标降低伤害效果延长至3回合,1,1,340160,10,0.000000
539008,蕴生,0,150,0,0,0,0,2974,1,,,-1,每次金刚护体增加一层蕴生增益状态，每层增加治疗强度，死亡则层数清空，每回合最多增加1层,1,1,340160,10,0.000000
539009,回春,0,150,0,0,0,0,2975,1,,,-1,处于我佛慈悲状态死亡时，有概率保留1点气血并取消我佛慈悲状态,1,1,340160,10,0.000000
539010,顿悟,0,150,0,0,0,0,2978,1,,,-1,临时提高被当头棒喝目标的抵抗封印，持续3回合,1,1,340160,10,0.000000
539011,观心,0,150,0,0,0,0,2979,1,,,-1,回合结束时，如果自身愤怒值低于90，则有概率增加8愤怒值。,1,1,340160,10,0.000000
539012,和光同尘,0,150,0,0,0,0,2980,1,,,-1,治疗强度+5%,1,1,340160,10,0.000000
539101,惠泽,0,150,0,0,0,0,2963,1,,,-1,提升自身治疗强度,1,1,340160,10,0.000000
539102,水月,0,150,0,0,0,0,2964,1,,,-1,增加自身敏捷属性点,1,1,340160,10,0.000000
539103,佛体,0,150,0,0,0,0,2965,1,,,-1,金刚护体有概率额外增加一个单位，该单位优先选择无金刚护体状态中物理防御最低者。,1,1,340160,10,0.000000
539104,铭形,0,150,0,0,0,0,2968,1,,,-1,增加自身法术防御,1,1,340160,10,0.000000
539105,空渡,0,150,0,0,0,0,2969,1,,,-1,如果队伍中只有一个化生时，推气过宫治疗结果增加,1,1,340160,10,0.000000
539106,铭心,0,150,0,0,0,0,2970,1,,,-1,增加自身物理防御,1,1,340160,10,0.000000
539107,兼修,0,150,0,0,0,0,2971,1,,,-1,唧唧歪歪首目标降低伤害效果延长至3回合,1,1,340160,10,0.000000
539108,蕴生,0,150,0,0,0,0,2974,1,,,-1,每次金刚护体增加一层蕴生增益状态，每层增加治疗强度，死亡则层数清空，每回合最多增加1层,1,1,340160,10,0.000000
539109,回春,0,150,0,0,0,0,2975,1,,,-1,处于我佛慈悲状态死亡时，有概率保留1点气血并取消我佛慈悲状态,1,1,340160,10,0.000000
539110,顿悟,0,150,0,0,0,0,2978,1,,,-1,临时提高被当头棒喝目标的抵抗封印，持续3回合,1,1,340160,10,0.000000
539111,观心,0,150,0,0,0,0,2979,1,,,-1,回合结束时，如果自身愤怒值低于90，则有概率增加8愤怒值。,1,1,340160,10,0.000000
539112,和光同尘,0,150,0,0,0,0,2980,1,,,-1,治疗强度+5%,1,1,340160,10,0.000000
539201,惠泽,0,150,0,0,0,0,2963,1,,,-1,提升自身治疗强度,1,1,340160,10,0.000000
539202,水月,0,150,0,0,0,0,2966,1,,,-1,增加自身敏捷属性点,1,1,340160,10,0.000000
539203,佛体,0,150,0,0,0,0,2967,1,,,-1,金刚护体有概率额外增加一个单位，该单位优先选择无金刚护体状态中物理防御最低者。,1,1,340160,10,0.000000
539204,铭形,0,150,0,0,0,0,2968,1,,,-1,增加自身法术防御,1,1,340160,10,0.000000
539205,空渡,0,150,0,0,0,0,2969,1,,,-1,如果队伍中只有一个化生时，推气过宫治疗结果增加,1,1,340160,10,0.000000
539206,铭心,0,150,0,0,0,0,2970,1,,,-1,增加自身物理防御,1,1,340160,10,0.000000
539207,兼修,0,150,0,0,0,0,2971,1,,,-1,唧唧歪歪首目标降低伤害效果延长至3回合,1,1,340160,10,0.000000
539208,清钟,0,150,0,0,0,0,2972,1,,,-1,每次唧唧歪歪增加一层清钟增益状态，每层增加法术暴击，死亡层数清空，每回合最多增加1层,1,1,340160,10,0.000000
539209,彻悟,0,150,0,0,0,0,2973,1,,,-1,针对气血低于30%的的单位，额外提升法术暴击,1,1,340160,10,0.000000
539210,共舟,0,150,0,0,0,0,2976,1,,,-1,一苇渡江附加的速度额外增加,1,1,340160,10,0.000000
539211,不息,0,150,0,0,0,0,2977,1,,,-1,回合结束时，如果自身气血低于20%时，有概率恢复自身气血,1,1,340160,10,0.000000
539212,上善若水,0,150,0,0,0,0,2981,1,,,-1,速度+5%,1,1,340160,10,0.000000
539301,惠泽,0,150,0,0,0,0,2963,1,,,-1,提升自身治疗强度,1,1,340160,10,0.000000
539302,佛怒,0,150,0,0,0,0,2966,1,,,-1,增加自身魔力属性点,1,1,340160,10,0.000000
539303,闭月,0,150,0,0,0,0,2967,1,,,-1,唧唧歪歪目标上限限定为3个，释放唧唧歪歪时额外提升法术伤害结果,1,1,340160,10,0.000000
539304,铭形,0,150,0,0,0,0,2968,1,,,-1,增加自身法术防御,1,1,340160,10,0.000000
539305,空渡,0,150,0,0,0,0,2969,1,,,-1,如果队伍中只有一个化生时，推气过宫治疗结果增加,1,1,340160,10,0.000000
539306,铭心,0,150,0,0,0,0,2970,1,,,-1,增加自身物理防御,1,1,340160,10,0.000000
539307,兼修,0,150,0,0,0,0,2971,1,,,-1,唧唧歪歪首目标降低伤害效果延长至3回合,1,1,340160,10,0.000000
539308,清钟,0,150,0,0,0,0,2972,1,,,-1,每次唧唧歪歪增加一层清钟增益状态，每层增加法术暴击，死亡层数清空，每回合最多增加1层,1,1,340160,10,0.000000
539309,彻悟,0,150,0,0,0,0,2973,1,,,-1,针对气血低于30%的的单位，额外提升法术暴击,1,1,340160,10,0.000000
539310,共舟,0,150,0,0,0,0,2976,1,,,-1,一苇渡江附加的速度额外增加,1,1,340160,10,0.000000
539311,不息,0,150,0,0,0,0,2977,1,,,-1,回合结束时，如果自身气血低于20%时，有概率恢复自身气血,1,1,340160,10,0.000000
539312,上善若水,0,150,0,0,0,0,2981,1,,,-1,速度+5%,1,1,340160,10,0.000000
539400,尚实,0,150,0,0,0,0,2982,1,,,-1,增加自身法术防御。,1,1,340160,10,0.000000
539401,道远,0,150,0,0,0,0,2984,1,,,-1,增加自身速度。,1,1,340160,10,0.000000
539402,乐义,0,150,0,0,0,0,2986,1,,,-1,自身受到召唤灵的法术伤害结果降低。,1,1,340160,10,0.000000
539403,春秋钟,0,150,0,0,0,0,2988,1,,,-1,全属性+3%,1,1,340160,10,0.000000
539404,务本,0,150,0,0,0,0,2983,1,,,-1,增加自身物理防御。,1,1,340160,10,0.000000
539405,弘毅,0,150,0,0,0,0,2985,1,,,-1,增加自身气血。,1,1,340160,10,0.000000
539406,恕诚,0,150,0,0,0,0,2987,1,,,-1,自身受到召唤灵的物理伤害结果降低。,1,1,340160,10,0.000000
539407,慈悲印,0,150,0,0,0,0,2989,1,,,-1,全属性+3%,1,1,340160,10,0.000000
540001,夜明,0,150,0,0,0,0,2990,1,,,-1,增加自身物理攻击。,1,1,340160,10,0.000000
540002,裁云,0,150,0,0,0,0,2993,1,,,-1,增加自身敏捷属性点,1,1,340160,10,0.000000
540003,月铭,0,150,0,0,0,0,2994,1,,,-1,对有月刃标记单位使用月凝，额外增加封印命中,1,1,340160,10,0.000000
540004,天璇,0,150,0,0,0,0,2995,1,,,-1,增加自身法术防御,1,1,340160,10,0.000000
540005,月魁,0,150,0,0,0,0,2996,1,,,-1,如果队伍中只有一个月宫时，月影摇光额外增加物理伤害结果,1,1,340160,10,0.000000
540006,玉衡,0,150,0,0,0,0,2997,1,,,-1,增加自身物理防御,1,1,340160,10,0.000000
540007,望舒,0,150,0,0,0,0,2998,1,,,-1,满月状态临时提高物理伤害结果，降低封印命中,1,1,340160,10,0.000000
540008,天枢,0,150,0,0,0,0,3001,1,,,-1,每物理击杀一个单位增加一层天枢增益状态，每层增加物理伤害，死亡层数清空，每回合最多增加1层,1,1,340160,10,0.000000
540009,星移,0,150,0,0,0,0,3002,1,,,-1,处于桂花醉状态，额外提升物理伤害结果,1,1,340160,10,0.000000
540010,盈缺,0,150,0,0,0,0,3005,1,,,-1,降低自身一定的物理防御，提高一定的物理伤害,1,1,340160,10,0.000000
540011,月盈,0,150,0,0,0,0,3006,1,,,-1,获得桂花醉状态时，有概率多获得一回合,1,1,340160,10,0.000000
540012,沧海明月,0,150,0,0,0,0,3008,1,,,-1,物理伤害+5%,1,1,340160,10,0.000000
540101,夜明,0,150,0,0,0,0,2990,1,,,-1,增加自身物理攻击。,1,1,340160,10,0.000000
540102,凝光,0,150,0,0,0,0,2991,1,,,-1,增加自身力量属性点,1,1,340160,10,0.000000
540103,踏影,0,150,0,0,0,0,2992,1,,,-1,月刃宠物单位，额外增加伤害结果,1,1,340160,10,0.000000
540104,天璇,0,150,0,0,0,0,2995,1,,,-1,增加自身法术防御,1,1,340160,10,0.000000
540105,月魁,0,150,0,0,0,0,2996,1,,,-1,如果队伍中只有一个月宫时，月影摇光额外增加物理伤害结果,1,1,340160,10,0.000000
540106,玉衡,0,150,0,0,0,0,2997,1,,,-1,增加自身物理防御,1,1,340160,10,0.000000
540107,望舒,0,150,0,0,0,0,2998,1,,,-1,满月状态临时提高物理伤害结果，降低封印命中,1,1,340160,10,0.000000
540108,天枢,0,150,0,0,0,0,3001,1,,,-1,每物理击杀一个单位增加一层天枢增益状态，每层增加物理伤害，死亡层数清空，每回合最多增加1层,1,1,340160,10,0.000000
540109,星移,0,150,0,0,0,0,3002,1,,,-1,处于桂花醉状态，额外提升物理伤害结果,1,1,340160,10,0.000000
540110,盈缺,0,150,0,0,0,0,3005,1,,,-1,降低自身一定的物理防御，提高一定的物理伤害,1,1,340160,10,0.000000
540111,月盈,0,150,0,0,0,0,3006,1,,,-1,获得桂花醉状态时，有概率多获得一回合,1,1,340160,10,0.000000
540112,沧海明月,0,150,0,0,0,0,3008,1,,,-1,物理伤害+5%,1,1,340160,10,0.000000
540201,夜明,0,150,0,0,0,0,2990,1,,,-1,增加自身物理攻击。,1,1,340160,10,0.000000
540202,裁云,0,150,0,0,0,0,2993,1,,,-1,增加自身敏捷属性点,1,1,340160,10,0.000000
540203,月铭,0,150,0,0,0,0,2994,1,,,-1,对有月刃标记单位使用月凝，额外增加封印命中,1,1,340160,10,0.000000
540204,天璇,0,150,0,0,0,0,2995,1,,,-1,增加自身法术防御,1,1,340160,10,0.000000
540205,月魁,0,150,0,0,0,0,2996,1,,,-1,如果队伍中只有一个月宫时，月影摇光额外增加物理伤害结果,1,1,340160,10,0.000000
540206,玉衡,0,150,0,0,0,0,2997,1,,,-1,增加自身物理防御,1,1,340160,10,0.000000
540207,望舒,0,150,0,0,0,0,2998,1,,,-1,满月状态临时提高物理伤害结果，降低封印命中,1,1,340160,10,0.000000
540208,玄晖,0,150,0,0,0,0,2999,1,,,-1,每次使用月凝命中一个单位增加一层玄晖增益状态，每层增加封印命中，死亡层数清空，每回合最多增加1层,1,1,340160,10,0.000000
540209,皓光,0,150,0,0,0,0,3000,1,,,-1,处于冰冻状态的单位，回合结束时，减少愤怒值,1,1,340160,10,0.000000
540210,霜华,0,150,0,0,0,0,3003,1,,,-1,被冰冻单位的冰块生命值额外增加自身速度相关数值,1,1,340160,10,0.000000
540211,月眉,0,150,0,0,0,0,3004,1,,,-1,处于新月步状态，减免自身受到的伤害结果,1,1,340160,10,0.000000
540212,敛月清辉,0,150,0,0,0,0,3007,1,,,-1,物理暴击+5%,1,1,340160,10,0.000000
540301,夜明,0,150,0,0,0,0,2990,1,,,-1,增加自身物理攻击。,1,1,340160,10,0.000000
540302,凝光,0,150,0,0,0,0,2991,1,,,-1,增加自身力量属性点,1,1,340160,10,0.000000
540303,踏影,0,150,0,0,0,0,2992,1,,,-1,月刃宠物单位，额外增加伤害结果,1,1,340160,10,0.000000
540304,天璇,0,150,0,0,0,0,2995,1,,,-1,增加自身法术防御,1,1,340160,10,0.000000
540305,月魁,0,150,0,0,0,0,2996,1,,,-1,如果队伍中只有一个月宫时，月影摇光额外增加物理伤害结果,1,1,340160,10,0.000000
540306,玉衡,0,150,0,0,0,0,2997,1,,,-1,增加自身物理防御,1,1,340160,10,0.000000
540307,望舒,0,150,0,0,0,0,2998,1,,,-1,满月状态临时提高物理伤害结果，降低封印命中,1,1,340160,10,0.000000
540308,玄晖,0,150,0,0,0,0,2999,1,,,-1,每次使用月凝命中一个单位增加一层玄晖增益状态，每层增加封印命中，死亡层数清空，每回合最多增加1层,1,1,340160,10,0.000000
540309,皓光,0,150,0,0,0,0,3000,1,,,-1,处于冰冻状态的单位，回合结束时，减少愤怒值,1,1,340160,10,0.000000
540310,霜华,0,150,0,0,0,0,3003,1,,,-1,被冰冻单位的冰块生命值额外增加自身速度相关数值,1,1,340160,10,0.000000
540311,月眉,0,150,0,0,0,0,3004,1,,,-1,处于新月步状态，减免自身受到的伤害结果,1,1,340160,10,0.000000
540312,敛月清辉,0,150,0,0,0,0,3007,1,,,-1,物理暴击+5%,1,1,340160,10,0.000000
540400,逐月,0,150,0,0,0,0,3009,1,,,-1,增加自身法术防御。,1,1,340160,10,0.000000
540401,金轮,0,150,0,0,0,0,3011,1,,,-1,增加自身物理伤害。,1,1,340160,10,0.000000
540402,夕照,0,150,0,0,0,0,3013,1,,,-1,自身受到召唤灵的法术伤害结果降低。,1,1,340160,10,0.000000
540403,凌波曲,0,150,0,0,0,0,3015,1,,,-1,全属性+3%,1,1,340160,10,0.000000
540404,舞阳,0,150,0,0,0,0,3010,1,,,-1,增加自身物理防御。,1,1,340160,10,0.000000
540405,白驹,0,150,0,0,0,0,3012,1,,,-1,增加自身速度。,1,1,340160,10,0.000000
540406,玄幽,0,150,0,0,0,0,3014,1,,,-1,自身受到召唤灵的物理伤害结果降低。,1,1,340160,10,0.000000
540407,广寒霜,0,150,0,0,0,0,2678,1,,,-1,全属性+3%,1,1,340160,10,0.000000
540408,物理暴击 +8,0,150,0,0,0,0,342,1,,,-1,物理暴击 +8,1,1,340160,10,0.000000
540409,物理暴击 +8,0,150,0,0,0,0,342,1,,,-1,物理暴击 +8,1,1,340160,10,0.000000
540410,物理暴击 +8,0,150,0,0,0,0,342,1,,,-1,物理暴击 +8,1,1,340160,10,0.000000
540411,物理暴击 +8,0,150,0,0,0,0,342,1,,,-1,物理暴击 +8,1,1,340160,10,0.000000
540412,物理暴击 +8,0,150,0,0,0,0,342,1,,,-1,物理暴击 +8,1,1,340160,10,0.000000
540413,物理暴击 +8,0,150,0,0,0,0,342,1,,,-1,物理暴击 +8,1,1,340160,10,0.000000
540414,物理暴击 +8,0,150,0,0,0,0,342,1,,,-1,物理暴击 +8,1,1,340160,10,0.000000
540415,物理暴击 +8,0,150,0,0,0,0,342,1,,,-1,物理暴击 +8,1,1,340160,10,0.000000
540416,物理暴击 +8,0,150,0,0,0,0,342,1,,,-1,物理暴击 +8,1,1,340160,10,0.000000
540417,物理暴击 +8,0,150,0,0,0,0,342,1,,,-1,物理暴击 +8,1,1,340160,10,0.000000
540418,物理暴击 +8,0,150,0,0,0,0,342,1,,,-1,物理暴击 +8,1,1,340160,10,0.000000
540419,物理暴击 +8,0,150,0,0,0,0,342,1,,,-1,物理暴击 +8,1,1,340160,10,0.000000
540420,物理暴击 +8,0,150,0,0,0,0,342,1,,,-1,物理暴击 +8,1,1,340160,10,0.000000
540421,物理暴击 +8,0,150,0,0,0,0,342,1,,,-1,物理暴击 +8,1,1,340160,10,0.000000
540422,物理暴击 +8,0,150,0,0,0,0,342,1,,,-1,物理暴击 +8,1,1,340160,10,0.000000
540423,物理暴击 +8,0,150,0,0,0,0,342,1,,,-1,物理暴击 +8,1,1,340160,10,0.000000
540424,物理伤害 +8,0,150,0,0,0,0,342,1,,,-1,物理伤害 +8,1,1,340160,10,0.000000
540425,物理伤害 +8,0,150,0,0,0,0,342,1,,,-1,物理伤害 +8,1,1,340160,10,0.000000
540426,物理伤害 +8,0,150,0,0,0,0,342,1,,,-1,物理伤害 +8,1,1,340160,10,0.000000
540427,物理伤害 +8,0,150,0,0,0,0,342,1,,,-1,物理伤害 +8,1,1,340160,10,0.000000
540428,物理伤害 +8,0,150,0,0,0,0,342,1,,,-1,物理伤害 +8,1,1,340160,10,0.000000
540429,物理伤害 +8,0,150,0,0,0,0,342,1,,,-1,物理伤害 +8,1,1,340160,10,0.000000
540430,物理伤害 +8,0,150,0,0,0,0,342,1,,,-1,物理伤害 +8,1,1,340160,10,0.000000
540431,物理伤害 +8,0,150,0,0,0,0,342,1,,,-1,物理伤害 +8,1,1,340160,10,0.000000
540432,物理伤害 +8,0,150,0,0,0,0,342,1,,,-1,物理伤害 +8,1,1,340160,10,0.000000
540433,物理伤害 +8,0,150,0,0,0,0,342,1,,,-1,物理伤害 +8,1,1,340160,10,0.000000
540434,物理伤害 +8,0,150,0,0,0,0,342,1,,,-1,物理伤害 +8,1,1,340160,10,0.000000
540435,物理伤害 +8,0,150,0,0,0,0,342,1,,,-1,物理伤害 +8,1,1,340160,10,0.000000
540436,物理伤害 +8,0,150,0,0,0,0,342,1,,,-1,物理伤害 +8,1,1,340160,10,0.000000
540437,物理伤害 +8,0,150,0,0,0,0,342,1,,,-1,物理伤害 +8,1,1,340160,10,0.000000
540438,物理伤害 +8,0,150,0,0,0,0,342,1,,,-1,物理伤害 +8,1,1,340160,10,0.000000
540439,物理伤害 +8,0,150,0,0,0,0,342,1,,,-1,物理伤害 +8,1,1,340160,10,0.000000
540440,法术防御 +8,0,150,0,0,0,0,342,1,,,-1,法术防御 +8,1,1,340160,10,0.000000
540441,法术防御 +8,0,150,0,0,0,0,342,1,,,-1,法术防御 +8,1,1,340160,10,0.000000
540442,法术防御 +8,0,150,0,0,0,0,342,1,,,-1,法术防御 +8,1,1,340160,10,0.000000
540443,法术防御 +8,0,150,0,0,0,0,342,1,,,-1,法术防御 +8,1,1,340160,10,0.000000
540444,法术防御 +8,0,150,0,0,0,0,342,1,,,-1,法术防御 +8,1,1,340160,10,0.000000
540445,法术防御 +8,0,150,0,0,0,0,342,1,,,-1,法术防御 +8,1,1,340160,10,0.000000
540446,法术防御 +8,0,150,0,0,0,0,342,1,,,-1,法术防御 +8,1,1,340160,10,0.000000
540447,法术防御 +8,0,150,0,0,0,0,342,1,,,-1,法术防御 +8,1,1,340160,10,0.000000
540448,法术防御 +8,0,150,0,0,0,0,342,1,,,-1,法术防御 +8,1,1,340160,10,0.000000
540449,法术防御 +8,0,150,0,0,0,0,342,1,,,-1,法术防御 +8,1,1,340160,10,0.000000
540450,法术防御 +8,0,150,0,0,0,0,342,1,,,-1,法术防御 +8,1,1,340160,10,0.000000
540451,法术防御 +8,0,150,0,0,0,0,342,1,,,-1,法术防御 +8,1,1,340160,10,0.000000
540452,法术防御 +8,0,150,0,0,0,0,342,1,,,-1,法术防御 +8,1,1,340160,10,0.000000
540453,法术防御 +8,0,150,0,0,0,0,342,1,,,-1,法术防御 +8,1,1,340160,10,0.000000
540454,法术防御 +8,0,150,0,0,0,0,342,1,,,-1,法术防御 +8,1,1,340160,10,0.000000
540455,法术防御 +8,0,150,0,0,0,0,342,1,,,-1,法术防御 +8,1,1,340160,10,0.000000
540456,物理防御 +8,0,150,0,0,0,0,342,1,,,-1,物理防御 +8,1,1,340160,10,0.000000
540457,物理防御 +8,0,150,0,0,0,0,342,1,,,-1,物理防御 +8,1,1,340160,10,0.000000
540458,物理防御 +8,0,150,0,0,0,0,342,1,,,-1,物理防御 +8,1,1,340160,10,0.000000
540459,物理防御 +8,0,150,0,0,0,0,342,1,,,-1,物理防御 +8,1,1,340160,10,0.000000
540460,物理防御 +8,0,150,0,0,0,0,342,1,,,-1,物理防御 +8,1,1,340160,10,0.000000
540461,物理防御 +8,0,150,0,0,0,0,342,1,,,-1,物理防御 +8,1,1,340160,10,0.000000
540462,物理防御 +8,0,150,0,0,0,0,342,1,,,-1,物理防御 +8,1,1,340160,10,0.000000
540463,物理防御 +8,0,150,0,0,0,0,342,1,,,-1,物理防御 +8,1,1,340160,10,0.000000
540464,物理防御 +8,0,150,0,0,0,0,342,1,,,-1,物理防御 +8,1,1,340160,10,0.000000
540465,物理防御 +8,0,150,0,0,0,0,342,1,,,-1,物理防御 +8,1,1,340160,10,0.000000
540466,物理防御 +8,0,150,0,0,0,0,342,1,,,-1,物理防御 +8,1,1,340160,10,0.000000
540467,物理防御 +8,0,150,0,0,0,0,342,1,,,-1,物理防御 +8,1,1,340160,10,0.000000
540468,物理防御 +8,0,150,0,0,0,0,342,1,,,-1,物理防御 +8,1,1,340160,10,0.000000
540469,物理防御 +8,0,150,0,0,0,0,342,1,,,-1,物理防御 +8,1,1,340160,10,0.000000
540470,物理防御 +8,0,150,0,0,0,0,342,1,,,-1,物理防御 +8,1,1,340160,10,0.000000
540471,物理防御 +8,0,150,0,0,0,0,342,1,,,-1,物理防御 +8,1,1,340160,10,0.000000
540472,气血上限 +20,0,150,0,0,0,0,342,1,,,-1,气血上限 +20,1,1,340160,10,0.000000
540473,气血上限 +20,0,150,0,0,0,0,342,1,,,-1,气血上限 +20,1,1,340160,10,0.000000
540474,气血上限 +20,0,150,0,0,0,0,342,1,,,-1,气血上限 +20,1,1,340160,10,0.000000
540475,气血上限 +20,0,150,0,0,0,0,342,1,,,-1,气血上限 +20,1,1,340160,10,0.000000
540476,气血上限 +20,0,150,0,0,0,0,342,1,,,-1,气血上限 +20,1,1,340160,10,0.000000
540477,气血上限 +20,0,150,0,0,0,0,342,1,,,-1,气血上限 +20,1,1,340160,10,0.000000
540478,气血上限 +20,0,150,0,0,0,0,342,1,,,-1,气血上限 +20,1,1,340160,10,0.000000
540479,气血上限 +20,0,150,0,0,0,0,342,1,,,-1,气血上限 +20,1,1,340160,10,0.000000
540480,气血上限 +20,0,150,0,0,0,0,342,1,,,-1,气血上限 +20,1,1,340160,10,0.000000
540481,气血上限 +20,0,150,0,0,0,0,342,1,,,-1,气血上限 +20,1,1,340160,10,0.000000
540482,气血上限 +20,0,150,0,0,0,0,342,1,,,-1,气血上限 +20,1,1,340160,10,0.000000
540483,气血上限 +20,0,150,0,0,0,0,342,1,,,-1,气血上限 +20,1,1,340160,10,0.000000
540484,气血上限 +20,0,150,0,0,0,0,342,1,,,-1,气血上限 +20,1,1,340160,10,0.000000
540485,气血上限 +20,0,150,0,0,0,0,342,1,,,-1,气血上限 +20,1,1,340160,10,0.000000
540486,气血上限 +20,0,150,0,0,0,0,342,1,,,-1,气血上限 +20,1,1,340160,10,0.000000
540487,气血上限 +20,0,150,0,0,0,0,342,1,,,-1,气血上限 +20,1,1,340160,10,0.000000
540488,速度 +12,0,150,0,0,0,0,342,1,,,-1,速度 +12,1,1,340160,10,0.000000
540489,速度 +12,0,150,0,0,0,0,342,1,,,-1,速度 +12,1,1,340160,10,0.000000
540490,速度 +12,0,150,0,0,0,0,342,1,,,-1,速度 +12,1,1,340160,10,0.000000
540491,速度 +12,0,150,0,0,0,0,342,1,,,-1,速度 +12,1,1,340160,10,0.000000
540492,速度 +12,0,150,0,0,0,0,342,1,,,-1,速度 +12,1,1,340160,10,0.000000
540493,速度 +12,0,150,0,0,0,0,342,1,,,-1,速度 +12,1,1,340160,10,0.000000
540494,速度 +12,0,150,0,0,0,0,342,1,,,-1,速度 +12,1,1,340160,10,0.000000
540495,速度 +12,0,150,0,0,0,0,342,1,,,-1,速度 +12,1,1,340160,10,0.000000
540496,速度 +12,0,150,0,0,0,0,342,1,,,-1,速度 +12,1,1,340160,10,0.000000
540497,速度 +12,0,150,0,0,0,0,342,1,,,-1,速度 +12,1,1,340160,10,0.000000
540498,速度 +12,0,150,0,0,0,0,342,1,,,-1,速度 +12,1,1,340160,10,0.000000
540499,速度 +12,0,150,0,0,0,0,342,1,,,-1,速度 +12,1,1,340160,10,0.000000
540500,速度 +12,0,150,0,0,0,0,342,1,,,-1,速度 +12,1,1,340160,10,0.000000
540501,速度 +12,0,150,0,0,0,0,342,1,,,-1,速度 +12,1,1,340160,10,0.000000
540502,速度 +12,0,150,0,0,0,0,342,1,,,-1,速度 +12,1,1,340160,10,0.000000
540503,速度 +12,0,150,0,0,0,0,342,1,,,-1,速度 +12,1,1,340160,10,0.000000
540504,法术防御 +8,0,150,0,0,0,0,342,1,,,-1,法术防御 +8,1,1,340160,10,0.000000
540505,法术防御 +8,0,150,0,0,0,0,342,1,,,-1,法术防御 +8,1,1,340160,10,0.000000
540506,法术防御 +8,0,150,0,0,0,0,342,1,,,-1,法术防御 +8,1,1,340160,10,0.000000
540507,法术防御 +8,0,150,0,0,0,0,342,1,,,-1,法术防御 +8,1,1,340160,10,0.000000
540508,法术防御 +8,0,150,0,0,0,0,342,1,,,-1,法术防御 +8,1,1,340160,10,0.000000
540509,法术防御 +8,0,150,0,0,0,0,342,1,,,-1,法术防御 +8,1,1,340160,10,0.000000
540510,法术防御 +8,0,150,0,0,0,0,342,1,,,-1,法术防御 +8,1,1,340160,10,0.000000
540511,法术防御 +8,0,150,0,0,0,0,342,1,,,-1,法术防御 +8,1,1,340160,10,0.000000
540512,法术防御 +8,0,150,0,0,0,0,342,1,,,-1,法术防御 +8,1,1,340160,10,0.000000
540513,法术防御 +8,0,150,0,0,0,0,342,1,,,-1,法术防御 +8,1,1,340160,10,0.000000
540514,法术防御 +8,0,150,0,0,0,0,342,1,,,-1,法术防御 +8,1,1,340160,10,0.000000
540515,法术防御 +8,0,150,0,0,0,0,342,1,,,-1,法术防御 +8,1,1,340160,10,0.000000
540516,法术防御 +8,0,150,0,0,0,0,342,1,,,-1,法术防御 +8,1,1,340160,10,0.000000
540517,法术防御 +8,0,150,0,0,0,0,342,1,,,-1,法术防御 +8,1,1,340160,10,0.000000
540518,法术防御 +8,0,150,0,0,0,0,342,1,,,-1,法术防御 +8,1,1,340160,10,0.000000
540519,法术防御 +8,0,150,0,0,0,0,342,1,,,-1,法术防御 +8,1,1,340160,10,0.000000
540520,物理防御 +8,0,150,0,0,0,0,342,1,,,-1,物理防御 +8,1,1,340160,10,0.000000
540521,物理防御 +8,0,150,0,0,0,0,342,1,,,-1,物理防御 +8,1,1,340160,10,0.000000
540522,物理防御 +8,0,150,0,0,0,0,342,1,,,-1,物理防御 +8,1,1,340160,10,0.000000
540523,物理防御 +8,0,150,0,0,0,0,342,1,,,-1,物理防御 +8,1,1,340160,10,0.000000
540524,物理防御 +8,0,150,0,0,0,0,342,1,,,-1,物理防御 +8,1,1,340160,10,0.000000
540525,物理防御 +8,0,150,0,0,0,0,342,1,,,-1,物理防御 +8,1,1,340160,10,0.000000
540526,物理防御 +8,0,150,0,0,0,0,342,1,,,-1,物理防御 +8,1,1,340160,10,0.000000
540527,物理防御 +8,0,150,0,0,0,0,342,1,,,-1,物理防御 +8,1,1,340160,10,0.000000
540528,物理防御 +8,0,150,0,0,0,0,342,1,,,-1,物理防御 +8,1,1,340160,10,0.000000
540529,物理防御 +8,0,150,0,0,0,0,342,1,,,-1,物理防御 +8,1,1,340160,10,0.000000
540530,物理防御 +8,0,150,0,0,0,0,342,1,,,-1,物理防御 +8,1,1,340160,10,0.000000
540531,物理防御 +8,0,150,0,0,0,0,342,1,,,-1,物理防御 +8,1,1,340160,10,0.000000
540532,物理防御 +8,0,150,0,0,0,0,342,1,,,-1,物理防御 +8,1,1,340160,10,0.000000
540533,物理防御 +8,0,150,0,0,0,0,342,1,,,-1,物理防御 +8,1,1,340160,10,0.000000
540534,物理防御 +8,0,150,0,0,0,0,342,1,,,-1,物理防御 +8,1,1,340160,10,0.000000
540535,物理防御 +8,0,150,0,0,0,0,342,1,,,-1,物理防御 +8,1,1,340160,10,0.000000
540536,法术暴击 +10,0,150,0,0,0,0,342,1,,,-1,法术暴击 +10,1,1,340160,10,0.000000
540537,法术暴击 +10,0,150,0,0,0,0,342,1,,,-1,法术暴击 +10,1,1,340160,10,0.000000
540538,法术暴击 +10,0,150,0,0,0,0,342,1,,,-1,法术暴击 +10,1,1,340160,10,0.000000
540539,法术暴击 +10,0,150,0,0,0,0,342,1,,,-1,法术暴击 +10,1,1,340160,10,0.000000
540540,法术暴击 +10,0,150,0,0,0,0,342,1,,,-1,法术暴击 +10,1,1,340160,10,0.000000
540541,法术暴击 +10,0,150,0,0,0,0,342,1,,,-1,法术暴击 +10,1,1,340160,10,0.000000
540542,法术暴击 +10,0,150,0,0,0,0,342,1,,,-1,法术暴击 +10,1,1,340160,10,0.000000
540543,法术暴击 +10,0,150,0,0,0,0,342,1,,,-1,法术暴击 +10,1,1,340160,10,0.000000
540544,法术暴击 +10,0,150,0,0,0,0,342,1,,,-1,法术暴击 +10,1,1,340160,10,0.000000
540545,法术暴击 +10,0,150,0,0,0,0,342,1,,,-1,法术暴击 +10,1,1,340160,10,0.000000
540546,法术暴击 +10,0,150,0,0,0,0,342,1,,,-1,法术暴击 +10,1,1,340160,10,0.000000
540547,法术暴击 +10,0,150,0,0,0,0,342,1,,,-1,法术暴击 +10,1,1,340160,10,0.000000
540548,法术暴击 +10,0,150,0,0,0,0,342,1,,,-1,法术暴击 +10,1,1,340160,10,0.000000
540549,法术暴击 +10,0,150,0,0,0,0,342,1,,,-1,法术暴击 +10,1,1,340160,10,0.000000
540550,法术暴击 +10,0,150,0,0,0,0,342,1,,,-1,法术暴击 +10,1,1,340160,10,0.000000
540551,法术暴击 +10,0,150,0,0,0,0,342,1,,,-1,法术暴击 +10,1,1,340160,10,0.000000
540552,法术伤害 +10,0,150,0,0,0,0,342,1,,,-1,法术伤害 +10,1,1,340160,10,0.000000
540553,法术伤害 +10,0,150,0,0,0,0,342,1,,,-1,法术伤害 +10,1,1,340160,10,0.000000
540554,法术伤害 +10,0,150,0,0,0,0,342,1,,,-1,法术伤害 +10,1,1,340160,10,0.000000
540555,法术伤害 +10,0,150,0,0,0,0,342,1,,,-1,法术伤害 +10,1,1,340160,10,0.000000
540556,法术伤害 +10,0,150,0,0,0,0,342,1,,,-1,法术伤害 +10,1,1,340160,10,0.000000
540557,法术伤害 +10,0,150,0,0,0,0,342,1,,,-1,法术伤害 +10,1,1,340160,10,0.000000
540558,法术伤害 +10,0,150,0,0,0,0,342,1,,,-1,法术伤害 +10,1,1,340160,10,0.000000
540559,法术伤害 +10,0,150,0,0,0,0,342,1,,,-1,法术伤害 +10,1,1,340160,10,0.000000
540560,法术伤害 +10,0,150,0,0,0,0,342,1,,,-1,法术伤害 +10,1,1,340160,10,0.000000
540561,法术伤害 +10,0,150,0,0,0,0,342,1,,,-1,法术伤害 +10,1,1,340160,10,0.000000
540562,法术伤害 +10,0,150,0,0,0,0,342,1,,,-1,法术伤害 +10,1,1,340160,10,0.000000
540563,法术伤害 +10,0,150,0,0,0,0,342,1,,,-1,法术伤害 +10,1,1,340160,10,0.000000
540564,法术伤害 +10,0,150,0,0,0,0,342,1,,,-1,法术伤害 +10,1,1,340160,10,0.000000
540565,法术伤害 +10,0,150,0,0,0,0,342,1,,,-1,法术伤害 +10,1,1,340160,10,0.000000
540566,法术伤害 +10,0,150,0,0,0,0,342,1,,,-1,法术伤害 +10,1,1,340160,10,0.000000
540567,法术伤害 +10,0,150,0,0,0,0,342,1,,,-1,法术伤害 +10,1,1,340160,10,0.000000
540568,法术防御 +8,0,150,0,0,0,0,342,1,,,-1,法术防御 +8,1,1,340160,10,0.000000
540569,法术防御 +8,0,150,0,0,0,0,342,1,,,-1,法术防御 +8,1,1,340160,10,0.000000
540570,法术防御 +8,0,150,0,0,0,0,342,1,,,-1,法术防御 +8,1,1,340160,10,0.000000
540571,法术防御 +8,0,150,0,0,0,0,342,1,,,-1,法术防御 +8,1,1,340160,10,0.000000
540572,法术防御 +8,0,150,0,0,0,0,342,1,,,-1,法术防御 +8,1,1,340160,10,0.000000
540573,法术防御 +8,0,150,0,0,0,0,342,1,,,-1,法术防御 +8,1,1,340160,10,0.000000
540574,法术防御 +8,0,150,0,0,0,0,342,1,,,-1,法术防御 +8,1,1,340160,10,0.000000
540575,法术防御 +8,0,150,0,0,0,0,342,1,,,-1,法术防御 +8,1,1,340160,10,0.000000
540576,法术防御 +8,0,150,0,0,0,0,342,1,,,-1,法术防御 +8,1,1,340160,10,0.000000
540577,法术防御 +8,0,150,0,0,0,0,342,1,,,-1,法术防御 +8,1,1,340160,10,0.000000
540578,法术防御 +8,0,150,0,0,0,0,342,1,,,-1,法术防御 +8,1,1,340160,10,0.000000
540579,法术防御 +8,0,150,0,0,0,0,342,1,,,-1,法术防御 +8,1,1,340160,10,0.000000
540580,法术防御 +8,0,150,0,0,0,0,342,1,,,-1,法术防御 +8,1,1,340160,10,0.000000
540581,法术防御 +8,0,150,0,0,0,0,342,1,,,-1,法术防御 +8,1,1,340160,10,0.000000
540582,法术防御 +8,0,150,0,0,0,0,342,1,,,-1,法术防御 +8,1,1,340160,10,0.000000
540583,法术防御 +8,0,150,0,0,0,0,342,1,,,-1,法术防御 +8,1,1,340160,10,0.000000
540584,物理防御 +8,0,150,0,0,0,0,342,1,,,-1,物理防御 +8,1,1,340160,10,0.000000
540585,物理防御 +8,0,150,0,0,0,0,342,1,,,-1,物理防御 +8,1,1,340160,10,0.000000
540586,物理防御 +8,0,150,0,0,0,0,342,1,,,-1,物理防御 +8,1,1,340160,10,0.000000
540587,物理防御 +8,0,150,0,0,0,0,342,1,,,-1,物理防御 +8,1,1,340160,10,0.000000
540588,物理防御 +8,0,150,0,0,0,0,342,1,,,-1,物理防御 +8,1,1,340160,10,0.000000
540589,物理防御 +8,0,150,0,0,0,0,342,1,,,-1,物理防御 +8,1,1,340160,10,0.000000
540590,物理防御 +8,0,150,0,0,0,0,342,1,,,-1,物理防御 +8,1,1,340160,10,0.000000
540591,物理防御 +8,0,150,0,0,0,0,342,1,,,-1,物理防御 +8,1,1,340160,10,0.000000
540592,物理防御 +8,0,150,0,0,0,0,342,1,,,-1,物理防御 +8,1,1,340160,10,0.000000
540593,物理防御 +8,0,150,0,0,0,0,342,1,,,-1,物理防御 +8,1,1,340160,10,0.000000
540594,物理防御 +8,0,150,0,0,0,0,342,1,,,-1,物理防御 +8,1,1,340160,10,0.000000
540595,物理防御 +8,0,150,0,0,0,0,342,1,,,-1,物理防御 +8,1,1,340160,10,0.000000
540596,物理防御 +8,0,150,0,0,0,0,342,1,,,-1,物理防御 +8,1,1,340160,10,0.000000
540597,物理防御 +8,0,150,0,0,0,0,342,1,,,-1,物理防御 +8,1,1,340160,10,0.000000
540598,物理防御 +8,0,150,0,0,0,0,342,1,,,-1,物理防御 +8,1,1,340160,10,0.000000
540599,物理防御 +8,0,150,0,0,0,0,342,1,,,-1,物理防御 +8,1,1,340160,10,0.000000
541001,恣意,0,150,0,0,0,0,2990,1,,,-1,斩业火、一念成佛首目标额外忽视目标一定比例的法术防御,1,1,340160,10,0.000000
541002,佛象,0,150,0,0,0,0,2993,1,,,-1,增加自身魔力属性点,1,1,340160,10,0.000000
541003,无涯,0,150,0,0,0,0,2994,1,,,-1,进入战斗给小雷音自身附加一枚佛珠,1,1,340160,10,0.000000
541004,气定,0,150,0,0,0,0,2995,1,,,-1,增加自身法术防御,1,1,340160,10,0.000000
541005,独尊,0,150,0,0,0,0,2996,1,,,-1,如果队伍中只有一个小雷音时，斩业火、一念成佛的额外增加伤害结果,1,1,340160,10,0.000000
541006,神闲,0,150,0,0,0,0,2997,1,,,-1,增加自身物理防御,1,1,340160,10,0.000000
541007,金身,0,150,0,0,0,0,2998,1,,,-1,雷音度厄护盾持续期间额外降低目标受到10%伤害结果。,1,1,340160,10,0.000000
541008,戒印,0,150,0,0,0,0,3001,1,,,-1,每次使用一念成佛且有造成佛珠消耗时，增加一层戒印增益状态，每层增加忽视法术防御，死亡层数清空，每回合最多增加1层，最高累积5层。,1,1,340160,10,0.000000
541009,机锋,0,150,0,0,0,0,3002,1,,,-1,一念成佛对受击目标单位中气血最低的目标额外增加伤害结果,1,1,340160,10,0.000000
541010,宝相,0,150,0,0,0,0,3005,1,,,-1,一念成佛秒的个数>=5个时，额外忽视所有目标一定比例的法术防御,1,1,340160,10,0.000000
541011,天赐,0,150,0,0,0,0,3006,1,,,-1,斩业火、一念成佛对人物单位额外增加伤害结果,1,1,340160,10,0.000000
541012,业焰焚心,0,150,0,0,0,0,3008,1,,,-1,放斩业火时，有概率额外多获得一个佛珠,1,1,340160,10,0.000000
541101,恣意,0,150,0,0,0,0,2990,1,,,-1,斩业火、一念成佛首目标额外忽视目标一定比例的法术防御,1,1,340160,10,0.000000
541102,魔影,0,150,0,0,0,0,2991,1,,,-1,增加自身敏捷属性点,1,1,340160,10,0.000000
541103,无极,0,150,0,0,0,0,2992,1,,,-1,进入战斗给小雷音自身附加一枚魔珠,1,1,340160,10,0.000000
541104,气定,0,150,0,0,0,0,2995,1,,,-1,增加自身法术防御,1,1,340160,10,0.000000
541105,独尊,0,150,0,0,0,0,2996,1,,,-1,如果队伍中只有一个小雷音时，斩业火、一念成佛的额外增加伤害结果,1,1,340160,10,0.000000
541106,神闲,0,150,0,0,0,0,2997,1,,,-1,增加自身物理防御,1,1,340160,10,0.000000
541107,金身,0,150,0,0,0,0,2998,1,,,-1,雷音度厄护盾持续期间额外降低目标受到10%伤害结果。,1,1,340160,10,0.000000
541108,戒印,0,150,0,0,0,0,3001,1,,,-1,每次使用一念成佛且有造成佛珠消耗时，增加一层戒印增益状态，每层增加忽视法术防御，死亡层数清空，每回合最多增加1层，最高累积5层。,1,1,340160,10,0.000000
541109,机锋,0,150,0,0,0,0,3002,1,,,-1,一念成佛对受击目标单位中气血最低的目标额外增加伤害结果,1,1,340160,10,0.000000
541110,宝相,0,150,0,0,0,0,3005,1,,,-1,一念成佛秒的个数>=5个时，额外忽视所有目标一定比例的法术防御,1,1,340160,10,0.000000
541111,天赐,0,150,0,0,0,0,3006,1,,,-1,斩业火、一念成佛对人物单位额外增加伤害结果,1,1,340160,10,0.000000
541112,业焰焚心,0,150,0,0,0,0,3008,1,,,-1,放斩业火时，有概率额外多获得一个佛珠,1,1,340160,10,0.000000
541201,恣意,0,150,0,0,0,0,2990,1,,,-1,斩业火、一念成佛首目标额外忽视目标一定比例的法术防御,1,1,340160,10,0.000000
541202,佛象,0,150,0,0,0,0,2993,1,,,-1,增加自身敏捷属性点,1,1,340160,10,0.000000
541203,无涯,0,150,0,0,0,0,2994,1,,,-1,进入战斗给小雷音自身附加一枚魔珠,1,1,340160,10,0.000000
541204,气定,0,150,0,0,0,0,2995,1,,,-1,增加自身法术防御,1,1,340160,10,0.000000
541205,独尊,0,150,0,0,0,0,2996,1,,,-1,如果队伍中只有一个小雷音时，斩业火、一念成佛的额外增加伤害结果,1,1,340160,10,0.000000
541206,神闲,0,150,0,0,0,0,2997,1,,,-1,增加自身物理防御,1,1,340160,10,0.000000
541207,金身,0,150,0,0,0,0,2998,1,,,-1,雷音度厄护盾持续期间额外降低目标受到10%伤害结果。,1,1,340160,10,0.000000
541208,强能,0,150,0,0,0,0,2999,1,,,-1,每次使用一劫为魔且有造成魔珠消耗时，增加一层强能增益状态，每层增加冰冻封印基础概率，死亡层数清空，每回合最多增加1层，最高累积5层,1,1,340160,10,0.000000
541209,无计,0,150,0,0,0,0,3000,1,,,-1,处于冰冻状态的单位，其受到的伤害结果额外增加,1,1,340160,10,0.000000
541210,魔障,0,150,0,0,0,0,3003,1,,,-1,一劫为魔冰冻目标如果本回合就被破冰，施法的小雷音有概率获得一枚魔珠,1,1,340160,10,0.000000
541211,欺天,0,150,0,0,0,0,3004,1,,,-1,迷心障、一劫为魔对速度高于自身单位释放时，额外增加伤害结果,1,1,340160,10,0.000000
541212,暗影迷心,0,150,0,0,0,0,3007,1,,,-1,释放迷心障时，有概率额外多获得一个魔球,1,1,340160,10,0.000000
541301,恣意,0,150,0,0,0,0,2990,1,,,-1,斩业火、一念成佛首目标额外忽视目标一定比例的法术防御,1,1,340160,10,0.000000
541302,魔影,0,150,0,0,0,0,2991,1,,,-1,增加自身敏捷属性点,1,1,340160,10,0.000000
541303,无极,0,150,0,0,0,0,2992,1,,,-1,进入战斗给小雷音自身附加一枚魔珠,1,1,340160,10,0.000000
541304,气定,0,150,0,0,0,0,2995,1,,,-1,增加自身法术防御,1,1,340160,10,0.000000
541305,独尊,0,150,0,0,0,0,2996,1,,,-1,如果队伍中只有一个小雷音时，斩业火、一念成佛的额外增加伤害结果,1,1,340160,10,0.000000
541306,神闲,0,150,0,0,0,0,2997,1,,,-1,增加自身物理防御,1,1,340160,10,0.000000
541307,金身,0,150,0,0,0,0,2998,1,,,-1,雷音度厄护盾持续期间额外降低目标受到10%伤害结果。,1,1,340160,10,0.000000
541308,强能,0,150,0,0,0,0,2999,1,,,-1,每次使用一劫为魔且有造成魔珠消耗时，增加一层强能增益状态，每层增加冰冻封印基础概率，死亡层数清空，每回合最多增加1层，最高累积5层,1,1,340160,10,0.000000
541309,无计,0,150,0,0,0,0,3000,1,,,-1,处于冰冻状态的单位，其受到的伤害结果额外增加,1,1,340160,10,0.000000
541310,魔障,0,150,0,0,0,0,3003,1,,,-1,一劫为魔冰冻目标如果本回合就被破冰，施法的小雷音有概率获得一枚魔珠,1,1,340160,10,0.000000
541311,欺天,0,150,0,0,0,0,3004,1,,,-1,迷心障、一劫为魔对速度高于自身单位释放时，额外增加伤害结果,1,1,340160,10,0.000000
541312,暗影迷心,0,150,0,0,0,0,3007,1,,,-1,释放迷心障时，有概率额外多获得一个魔球,1,1,340160,10,0.000000
541400,蓬丘,0,150,0,0,0,0,3009,1,,,-1,增加自身法术防御。,1,1,340160,10,0.000000
541401,方岛,0,150,0,0,0,0,3011,1,,,-1,增加自身法术伤害。,1,1,340160,10,0.000000
541402,云影,0,150,0,0,0,0,3013,1,,,-1,自身受到召唤灵的法术伤害结果降低。,1,1,340160,10,0.000000
541403,无极渊,0,150,0,0,0,0,3015,1,,,-1,全属性+3%,1,1,340160,10,0.000000
541404,昆仑,0,150,0,0,0,0,3010,1,,,-1,增加自身物理防御。,1,1,340160,10,0.000000
541405,沧海,0,150,0,0,0,0,3012,1,,,-1,增加自身速度。,1,1,340160,10,0.000000
541406,烟涛,0,150,0,0,0,0,3014,1,,,-1,自身受到召唤灵的物理伤害结果降低。,1,1,340160,10,0.000000
541407,霹雳劫,0,150,0,0,0,0,2678,1,,,-1,全属性+3%,1,1,340160,10,0.000000
542001,斗战,0,150,0,0,0,0,3074,1,,,-1,增加自身物理伤害,1,1,340160,10,0.000000
542002,金刚,0,150,0,0,0,0,3073,1,,,-1,增加自身法术防御,1,1,340160,10,0.000000
542003,大圣,0,150,0,0,0,0,3072,1,,,-1,如果队伍中只有一个花果山，自身释放的泼天乱棍提高一定比例的伤害结果,1,1,340160,10,0.000000
542004,御灵,0,150,0,0,0,0,3071,1,,,-1,己方出战宠物造型达4种及以上时，额外提高自身泼天乱棍一定比例的伤害结果,1,1,340160,10,0.000000
542005,不坏,0,150,0,0,0,0,3070,1,,,-1,增加自身体质属性,1,1,340160,10,0.000000
542006,金箍,0,150,0,0,0,0,3069,1,,,-1,增加自身力量属性点,1,1,340160,10,0.000000
542007,七窍,0,150,0,0,0,0,3068,1,,,-1,自身当前气血高于50%时，自身释放泼天乱棍额外提高一定比例的伤害结果,1,1,340160,10,0.000000
542008,开山,0,150,0,0,0,0,3067,1,,,-1,通过物理技能每击败一个单位增加一层开山增益状态，每层增加物理暴击，死亡则层数清空，每回合最多增加1层,1,1,340160,10,0.000000
542009,震岳,0,150,0,0,0,0,3064,1,,,-1,自身释放当头一棒时额外提高物理暴击概率，对方气血比例越低提高概率越高,1,1,340160,10,0.000000
542010,伏魔,0,150,0,0,0,0,3093,1,,,-1,自身释放当头一棒时，触发如意金箍棒追加的伤害结果提高一定比例,1,1,340160,10,0.000000
542011,显圣,0,150,0,0,0,0,3092,1,,,-1,自身释放输出特技时，有概率触发如意金箍棒追击,1,1,340160,10,0.000000
542012,神通广大,0,150,0,0,0,0,3091,1,,,-1,如意金箍棒触发追击的概率额外提高一定比例,1,1,340160,10,0.000000
542101,斗战,0,150,0,0,0,0,3074,1,,,-1,增加自身物理伤害,1,1,340160,10,0.000000
542102,金刚,0,150,0,0,0,0,3073,1,,,-1,增加自身法术防御,1,1,340160,10,0.000000
542103,大圣,0,150,0,0,0,0,3072,1,,,-1,如果队伍中只有一个大唐时，横扫千军增加物理伤害,1,1,340160,10,0.000000
542104,御灵,0,150,0,0,0,0,3071,1,,,-1,自身气血越低，物理攻击附加的伤害越高,1,1,340160,10,0.000000
542105,不坏,0,150,0,0,0,0,3070,1,,,-1,增加自身体质属性,1,1,340160,10,0.000000
542106,金箍,0,150,0,0,0,0,3069,1,,,-1,增加自身敏捷属性点,1,1,340160,10,0.000000
542107,七窍,0,150,0,0,0,0,3068,1,,,-1,自身当前气血高于50%时，自身释放泼天乱棍额外提高一定比例的伤害结果,1,1,340160,10,0.000000
542108,凌霄,0,150,0,0,0,0,3066,1,,,-1,通过物理技能每击败一个单位增加一层凌霄增益状态，每层增加物理伤害结果，死亡则层数清空，每回合最多增加1层>=5个时，额外忽视所有目标一定比例的法术防御,1,1,340160,10,0.000000
542109,搅海,0,150,0,0,0,0,3065,1,,,-1,自身释放泼天乱棍额外增加一定数值的物理伤害结果,1,1,340160,10,0.000000
542110,伏魔,0,150,0,0,0,0,3093,1,,,-1,自身释放当头一棒时，触发如意金箍棒追加的伤害结果提高一定比例,1,1,340160,10,0.000000
542111,显圣,0,150,0,0,0,0,3092,1,,,-1,单刀直入造成的重伤的每回合额外增加扣除目标气血,1,1,340160,10,0.000000
542112,神通广大,0,150,0,0,0,0,3091,1,,,-1,物理攻击+5%,1,1,340160,10,0.000000
542201,斗战,0,150,0,0,0,0,3074,1,,,-1,增加自身物理伤害,1,1,340160,10,0.000000
542202,金刚,0,150,0,0,0,0,3073,1,,,-1,增加自身法术防御,1,1,340160,10,0.000000
542203,大圣,0,150,0,0,0,0,3072,1,,,-1,如果队伍中只有一个大唐时，横扫千军增加物理伤害,1,1,340160,10,0.000000
542204,御灵,0,150,0,0,0,0,3071,1,,,-1,自身气血越低，物理攻击附加的伤害越高,1,1,340160,10,0.000000
542205,不坏,0,150,0,0,0,0,3070,1,,,-1,增加自身体质属性,1,1,340160,10,0.000000
542206,筋斗,0,150,0,0,0,0,3082,1,,,-1,增加自身敏捷属性点,1,1,340160,10,0.000000
542207,玲珑,0,150,0,0,0,0,3081,1,,,-1,如果己方出战召唤灵中有与自身变幻造型一致的召唤灵，额外提高自身当头一棒一定比例的伤害结果,1,1,340160,10,0.000000
542208,胜天,0,150,0,0,0,0,3090,1,,,-1,通过物理技能每击败一个单位增加一层胜天增益状态，每层增加物理伤害，死亡则层数清空，每回合最多增加1层,1,1,340160,10,0.000000
542209,改命,0,150,0,0,0,0,3094,1,,,-1,自身释放乾坤一掷时，触发如意金箍棒追加的伤害结果提高一定比例,1,1,340160,10,0.000000
542210,诛邪,0,150,0,0,0,0,3095,1,,,-1,自身释放泼天乱棍时，触发如意金箍棒追加的伤害结果提高一定比例,1,1,340160,10,0.000000
542211,忘形,0,150,0,0,0,0,3094,1,,,-1,单次承受伤害结果超过自身最大气血30%，有概率获得身外化身效果,1,1,340160,10,0.000000
542212,万象随心,0,150,0,0,0,0,3090,1,,,-1,每次获得新的千变万化造型时，附加的数值额外提高一定比例，后续每回合衰减10%,1,1,340160,10,0.000000
542301,斗战,0,150,0,0,0,0,3074,1,,,-1,增加自身物理伤害,1,1,340160,10,0.000000
542302,金刚,0,150,0,0,0,0,3073,1,,,-1,增加自身法术防御,1,1,340160,10,0.000000
542303,大圣,0,150,0,0,0,0,3072,1,,,-1,如果队伍中只有一个花果山，自身释放的泼天乱棍提高一定比例的伤害结果,1,1,340160,10,0.000000
542304,御灵,0,150,0,0,0,0,3071,1,,,-1,己方出战宠物造型达4种及以上时，额外提高自身泼天乱棍一定比例的伤害结果,1,1,340160,10,0.000000
542305,不坏,0,150,0,0,0,0,3070,1,,,-1,增加自身体质属性,1,1,340160,10,0.000000
542306,金箍,0,150,0,0,0,0,3069,1,,,-1,增加自身力量属性点,1,1,340160,10,0.000000
542307,七窍,0,150,0,0,0,0,3068,1,,,-1,自身当前气血高于50%时，自身释放泼天乱棍额外提高一定比例的伤害结果,1,1,340160,10,0.000000
542308,凌霄,0,150,0,0,0,0,3066,1,,,-1,通过物理技能每击败一个单位增加一层凌霄增益状态，每层增加物理伤害结果，死亡则层数清空，每回合最多增加1层>=5个时，额外忽视所有目标一定比例的法术防御,1,1,340160,10,0.000000
542309,搅海,0,150,0,0,0,0,3065,1,,,-1,自身释放泼天乱棍额外增加一定数值的物理伤害结果,1,1,340160,10,0.000000
542310,诛邪,0,150,0,0,0,0,3095,1,,,-1,自身释放泼天乱棍时，触发如意金箍棒追加的伤害结果提高一定比例,1,1,340160,10,0.000000
542311,忘形,0,150,0,0,0,0,3094,1,,,-1,单次承受伤害结果超过自身最大气血30%，有概率获得身外化身效果,1,1,340160,10,0.000000
542312,万象随心,0,150,0,0,0,0,3090,1,,,-1,每次获得新的千变万化造型时，附加的数值额外提高一定比例，后续每回合衰减10%,1,1,340160,10,0.000000
542400,银汉,0,150,0,0,0,0,3089,1,,,-1,增加自身法术防御。,1,1,340160,10,0.000000
542401,紫电,0,150,0,0,0,0,3087,1,,,-1,增加自身物理伤害。,1,1,340160,10,0.000000
542402,七星,0,150,0,0,0,0,3085,1,,,-1,自身受到召唤灵的物理伤害结果降低。,1,1,340160,10,0.000000
542403,通天棍,0,150,0,0,0,0,3083,1,,,-1,全属性+3%,1,1,340160,10,0.000000
542404,墨庭,0,150,0,0,0,0,3088,1,,,-1,增加自身物理防御。,1,1,340160,10,0.000000
542405,青霜,0,150,0,0,0,0,3086,1,,,-1,增加自身速度。,1,1,340160,10,0.000000
542406,风雷,0,150,0,0,0,0,3084,1,,,-1,自身受到召唤灵的法术伤害结果降低。,1,1,340160,10,0.000000
542407,破万象,0,150,0,0,0,0,3080,1,,,-1,全属性+3%,1,1,340160,10,0.000000
543001,落英,0,150,0,0,0,0,3031,1,,,-1,自身气血高于50%时，减免受到的物理伤害结果,1,1,340160,10,0.000000
543002,聆心,0,150,0,0,0,0,3030,1,,,-1,增加自身法术防御,1,1,340160,10,0.000000
543003,曦花,0,150,0,0,0,0,3029,1,,,-1,如果队伍中只有一个方寸时，失心符命中率提升,1,1,340160,10,0.000000
543004,肃心,0,150,0,0,0,0,3026,1,,,-1,自身处于被封印状态时，临时额外物理防御,1,1,340160,10,0.000000
543005,飘零,0,150,0,0,0,0,3025,1,,,-1,增加当前穿戴武器法术伤害相关的封印命中,1,1,340160,10,0.000000
543006,嫣然,0,150,0,0,0,0,3025,1,,,-1,增加自身敏捷属性点,1,1,340160,10,0.000000
543007,快意,0,150,0,0,0,0,3024,1,,,-1,增加自身体质属性点,1,1,340160,10,0.000000
543008,鸾鸣,0,150,0,0,0,0,3023,1,,,-1,增加自身物理防御,1,1,340160,10,0.000000
543009,照影,0,150,0,0,0,0,3022,1,,,-1,处于失忆符封印状态的目标额外降低抵抗封印,1,1,340160,10,0.000000
543010,芳华,0,150,0,0,0,0,3019,1,,,-1,自身死亡倒地后，有概率在回合结束后复活并获得部分最大气血，每场战斗限触发1次,1,1,340160,10,0.000000
543011,晴阳,0,150,0,0,0,0,3016,1,,,-1,使用基础愤怒消耗&gt;=135的特技后，获得愤怒值,1,1,340160,10,0.000000
543012,心神澄镜,0,150,0,0,0,0,3047,1,,,-1,封印命中+5%,1,1,340160,10,0.000000
543101,落英,0,150,0,0,0,0,3031,1,,,-1,自身气血高于50%时，减免受到的物理伤害结果,1,1,340160,10,0.000000
543102,聆心,0,150,0,0,0,0,3030,1,,,-1,增加自身法术防御,1,1,340160,10,0.000000
543103,曦花,0,150,0,0,0,0,3029,1,,,-1,如果队伍中只有一个方寸时，失心符命中率提升,1,1,340160,10,0.000000
543104,沐风,0,150,0,0,0,0,3028,1,,,-1,自身处于被封印状态时，临时额外物理防御,1,1,340160,10,0.000000
543105,听花,0,150,0,0,0,0,3027,1,,,-1,增加当前穿戴武器法术伤害相关的封印命中,1,1,340160,10,0.000000
543106,嫣然,0,150,0,0,0,0,3025,1,,,-1,增加自身敏捷属性点,1,1,340160,10,0.000000
543107,快意,0,150,0,0,0,0,3024,1,,,-1,增加自身体质属性点,1,1,340160,10,0.000000
543108,鸾鸣,0,150,0,0,0,0,3023,1,,,-1,增加自身物理防御,1,1,340160,10,0.000000
543109,照影,0,150,0,0,0,0,3022,1,,,-1,虚幻咒状态持续期间，减免受到的法术伤害结果,1,1,340160,10,0.000000
543110,芳华,0,150,0,0,0,0,3019,1,,,-1,自身死亡倒地后，有概率在回合结束后复活并获得部分最大气血，每场战斗限触发1次,1,1,340160,10,0.000000
543111,晴阳,0,150,0,0,0,0,3016,1,,,-1,使用基础愤怒消耗&gt;=135的特技后，获得愤怒值,1,1,340160,10,0.000000
543112,心神澄镜,0,150,0,0,0,0,3047,1,,,-1,封印命中+5%,1,1,340160,10,0.000000
543201,落英,0,150,0,0,0,0,3031,1,,,-1,自身气血高于50%时，减免受到的物理伤害结果,1,1,340160,10,0.000000
543202,聆心,0,150,0,0,0,0,3030,1,,,-1,增加自身法术防御,1,1,340160,10,0.000000
543203,曦花,0,150,0,0,0,0,3029,1,,,-1,如果队伍中只有一个方寸时，失心符命中率提升,1,1,340160,10,0.000000
543204,肃心,0,150,0,0,0,0,3026,1,,,-1,自身处于被封印状态时，临时额外物理防御,1,1,340160,10,0.000000
543205,飘零,0,150,0,0,0,0,3025,1,,,-1,增加当前穿戴武器法术伤害相关的封印命中,1,1,340160,10,0.000000
543206,嫣然,0,150,0,0,0,0,3025,1,,,-1,增加自身魔力属性点,1,1,340160,10,0.000000
543207,快意,0,150,0,0,0,0,3024,1,,,-1,佩戴附灵玉时，战斗中两仪属性效果临时增加,1,1,340160,10,0.000000
543208,水墨,0,150,0,0,0,0,3021,1,,,-1,增加自身法术伤害,1,1,340160,10,0.000000
543209,青砂,0,150,0,0,0,0,3020,1,,,-1,五雷咒造成封印，则有概率追加一次五雷咒，优先选择尚未被封印单位，伤害结果、触发概率依次减半,1,1,340160,10,0.000000
543210,和煦,0,150,0,0,0,0,3018,1,,,-1,使用单体封印技能后，临时增加法术伤害，持续3回合,1,1,340160,10,0.000000
543211,淳风,0,150,0,0,0,0,3017,1,,,-1,五雷咒目标上限限定为3个，释放五雷咒时额外提升法术伤害结果,1,1,340160,10,0.000000
543212,国色天香,0,150,0,0,0,0,3046,1,,,-1,速度+5%,1,1,340160,10,0.000000
543301,落英,0,150,0,0,0,0,3031,1,,,-1,自身气血高于50%时，减免受到的物理伤害结果,1,1,340160,10,0.000000
543302,聆心,0,150,0,0,0,0,3030,1,,,-1,增加自身法术防御,1,1,340160,10,0.000000
543303,曦花,0,150,0,0,0,0,3029,1,,,-1,如果队伍中只有一个方寸时，失心符命中率提升,1,1,340160,10,0.000000
543304,沐风,0,150,0,0,0,0,3017,1,,,-1,自身处于被封印状态时，临时额外物理防御,1,1,340160,10,0.000000
543305,听花,0,150,0,0,0,0,3027,1,,,-1,增加当前穿戴武器法术伤害相关的封印命中,1,1,340160,10,0.000000
543306,嫣然,0,150,0,0,0,0,3025,1,,,-1,增加自身敏捷属性点,1,1,340160,10,0.000000
543307,快意,0,150,0,0,0,0,3024,1,,,-1,增加自身气血属性点,1,1,340160,10,0.000000
543308,水墨,0,150,0,0,0,0,3021,1,,,-1,增加自身物理防御,1,1,340160,10,0.000000
543309,青砂,0,150,0,0,0,0,3020,1,,,-1,处于失忆符封印状态的目标额外降低抵抗封印,1,1,340160,10,0.000000
543310,和煦,0,150,0,0,0,0,3018,1,,,-1,使用单体封印技能后，临时增加法术伤害，持续3回合,1,1,340160,10,0.000000
543311,淳风,0,150,0,0,0,0,3017,1,,,-1,五雷咒目标上限限定为3个，释放五雷咒时额外提升法术伤害结果,1,1,340160,10,0.000000
543312,国色天香,0,150,0,0,0,0,3046,1,,,-1,速度+5%,1,1,340160,10,0.000000
543400,梦华,0,150,0,0,0,0,3045,1,,,-1,增加自身法术防御。,1,1,340160,10,0.000000
543401,玉瑶,0,150,0,0,0,0,3043,1,,,-1,增加自身物理伤害。,1,1,340160,10,0.000000
543402,锦簇,0,150,0,0,0,0,3041,1,,,-1,自身受到召唤灵的物理伤害结果降低。,1,1,340160,10,0.000000
543403,洛神赋,0,150,0,0,0,0,3039,1,,,-1,全属性+3%,1,1,340160,10,0.000000
543404,宸宫,0,150,0,0,0,0,3044,1,,,-1,增加自身物理防御。,1,1,340160,10,0.000000
543405,琼英,0,150,0,0,0,0,3042,1,,,-1,增加自身速度。,1,1,340160,10,0.000000
543406,龙雕,0,150,0,0,0,0,3040,1,,,-1,自身受到召唤灵的法术伤害结果降低。,1,1,340160,10,0.000000
543407,落花吟,0,150,0,0,0,0,3038,1,,,-1,全属性+3%,1,1,340160,10,0.000000
544001,海祝,0,150,0,0,0,0,3037,1,,,-1,入场进入战斗给须弥海自身附加3点须弥值,1,1,340160,10,0.000000
544002,归海,0,150,0,0,0,0,3036,1,,,-1,增加自身法术防御,1,1,340160,10,0.000000
544003,登仙,0,150,0,0,0,0,3035,1,,,-1,如果队伍中只有一个须弥海时，击水三千额外提高法术伤害结果,1,1,340160,10,0.000000
544004,垂天,0,150,0,0,0,0,3032,1,,,-1,增加自身物理防御,1,1,340160,10,0.000000
544005,续梦,0,150,0,0,0,0,3034,1,,,-1,共潮生持续期间，星鲲状态下额外增加法术暴击概率,1,1,340160,10,0.000000
544006,骇浪,0,150,0,0,0,0,3063,1,,,-1,星鲲状态下额外增加法术暴击概率,1,1,340160,10,0.000000
544007,风行,0,150,0,0,0,0,3062,1,,,-1,使用朔风斩时，额外提升朔风斩增加的物理伤害效果,1,1,340160,10,0.000000
544008,怒潮,0,150,0,0,0,0,3059,1,,,-1,非星鲲状态下每回合增加愤怒值,1,1,340160,10,0.000000
544009,千帆,0,150,0,0,0,0,3058,1,,,-1,每次使用朔风斩、飞流吟，增益一层千帆状态，每层增加法术伤害结果，倒地层数清空，每回合最多增加1层，最高累积5层,1,1,340160,10,0.000000
544010,飞渡,0,150,0,0,0,0,3056,1,,,-1,飞流吟持续期间，额外提升目标单位附加的速度,1,1,340160,10,0.000000
544011,海歌,0,150,0,0,0,0,3055,1,,,-1,使用琴音三叠时，增加1点须弥值,1,1,340160,10,0.000000
544012,怒海狂澜,0,150,0,0,0,0,3052,1,,,-1,法术连击+5%,1,1,340160,10,0.000000
544101,海祝,0,150,0,0,0,0,3037,1,,,-1,入场进入战斗给须弥海自身附加3点须弥值,1,1,340160,10,0.000000
544102,归海,0,150,0,0,0,0,3036,1,,,-1,增加自身法术防御,1,1,340160,10,0.000000
544103,登仙,0,150,0,0,0,0,3035,1,,,-1,如果队伍中只有一个须弥海时，击水三千额外提高法术伤害结果,1,1,340160,10,0.000000
544104,垂天,0,150,0,0,0,0,3032,1,,,-1,增加自身物理防御,1,1,340160,10,0.000000
544105,续梦,0,150,0,0,0,0,3034,1,,,-1,共潮生持续期间，星鲲状态下额外增加法术暴击概率,1,1,340160,10,0.000000
544106,惊涛,0,150,0,0,0,0,3033,1,,,-1,星鲲状态下额外增加法术暴击概率,1,1,340160,10,0.000000
544107,骇浪,0,150,0,0,0,0,3063,1,,,-1,使用朔风斩时，额外提升朔风斩增加的物理伤害效果,1,1,340160,10,0.000000
544108,百川,0,150,0,0,0,0,3060,1,,,-1,非星鲲状态下每回合增加愤怒值,1,1,340160,10,0.000000
544109,怒潮,0,150,0,0,0,0,3059,1,,,-1,每次使用朔风斩、飞流吟，增益一层千帆状态，每层增加法术伤害结果，倒地层数清空，每回合最多增加1层，最高累积5层,1,1,340160,10,0.000000
544110,飞渡,0,150,0,0,0,0,3056,1,,,-1,飞流吟持续期间，额外提升目标单位附加的速度,1,1,340160,10,0.000000
544111,海歌,0,150,0,0,0,0,3055,1,,,-1,使用琴音三叠时，增加1点须弥值,1,1,340160,10,0.000000
544112,怒海狂澜,0,150,0,0,0,0,3052,1,,,-1,法术连击+5%,1,1,340160,10,0.000000
544201,海祝,0,150,0,0,0,0,3037,1,,,-1,入场进入战斗给须弥海自身附加3点须弥值,1,1,340160,10,0.000000
544202,归海,0,150,0,0,0,0,3036,1,,,-1,增加自身法术防御,1,1,340160,10,0.000000
544203,登仙,0,150,0,0,0,0,3035,1,,,-1,如果队伍中只有一个须弥海时，击水三千额外提高法术伤害结果,1,1,340160,10,0.000000
544204,垂天,0,150,0,0,0,0,3032,1,,,-1,增加自身物理防御,1,1,340160,10,0.000000
544205,续梦,0,150,0,0,0,0,3034,1,,,-1,共潮生持续期间，星鲲状态下额外增加法术暴击概率,1,1,340160,10,0.000000
544206,惊涛,0,150,0,0,0,0,3033,1,,,-1,每次扶摇直上提升下次击水三千的法术伤害结果,1,1,340160,10,0.000000
544207,鹏举,0,150,0,0,0,0,3061,1,,,-1,扶摇直上对非人物单位额外增加伤害结果,1,1,340160,10,0.000000
544208,玄穹,0,150,0,0,0,0,3037,1,,,-1,每使用扶摇直上造成击败，则增加一层玄穹增益状态，每层增加法术暴击概率，倒地层数清空，每回合最多增加1层，最高累积5层。,1,1,340160,10,0.000000
544209,撼海,0,150,0,0,0,0,3057,1,,,-1,星鲲状态下额外增加自身10%法术暴击概率,1,1,340160,10,0.000000
544210,暗涌,0,150,0,0,0,0,3054,1,,,-1,刹那须弥最多消耗自身50%气血,1,1,340160,10,0.000000
544211,覆海,0,150,0,0,0,0,3053,1,,,-1,星鲲状态结束后，额外回复1点须弥值,1,1,340160,10,0.000000
544212,浪涌星叠,0,150,0,0,0,0,3051,1,,,-1,法术攻击+5%,1,1,340160,10,0.000000
544301,海祝,0,150,0,0,0,0,3037,1,,,-1,入场进入战斗给须弥海自身附加3点须弥值,1,1,340160,10,0.000000
544302,归海,0,150,0,0,0,0,3036,1,,,-1,增加自身法术防御,1,1,340160,10,0.000000
544303,登仙,0,150,0,0,0,0,3035,1,,,-1,如果队伍中只有一个须弥海时，击水三千额外提高法术伤害结果,1,1,340160,10,0.000000
544304,垂天,0,150,0,0,0,0,3032,1,,,-1,增加自身物理防御,1,1,340160,10,0.000000
544305,续梦,0,150,0,0,0,0,3034,1,,,-1,共潮生持续期间，星鲲状态下额外增加法术暴击概率,1,1,340160,10,0.000000
544306,惊涛,0,150,0,0,0,0,3033,1,,,-1,每次扶摇直上提升下次击水三千的法术伤害结果,1,1,340160,10,0.000000
544307,骇浪,0,150,0,0,0,0,3063,1,,,-1,扶摇直上对非人物单位额外增加伤害结果,1,1,340160,10,0.000000
544308,鲲息,0,150,0,0,0,0,3056,1,,,-1,每使用扶摇直上造成击败，则增加一层玄穹增益状态，每层增加法术暴击概率，倒地层数清空，每回合最多增加1层，最高累积5层。,1,1,340160,10,0.000000
544309,玄穹,0,150,0,0,0,0,3037,1,,,-1,星鲲状态下额外增加自身10%法术暴击概率,1,1,340160,10,0.000000
544310,暗涌,0,150,0,0,0,0,3054,1,,,-1,刹那须弥最多消耗自身50%气血,1,1,340160,10,0.000000
544311,覆海,0,150,0,0,0,0,3053,1,,,-1,星鲲状态结束后，额外回复1点须弥值,1,1,340160,10,0.000000
544312,浪涌星叠,0,150,0,0,0,0,3051,1,,,-1,法术攻击+5%,1,1,340160,10,0.000000
544400,海崖,0,150,0,0,0,0,3050,1,,,-1,增加自身法术防御。,1,1,340160,10,0.000000
544401,狂流,0,150,0,0,0,0,3079,1,,,-1,增加自身法术伤害。,1,1,340160,10,0.000000
544402,海眼,0,150,0,0,0,0,3077,1,,,-1,自身受到召唤灵的物理伤害结果降低。,1,1,340160,10,0.000000
544403,逍遥游,0,150,0,0,0,0,3075,1,,,-1,全属性+3%,1,1,340160,10,0.000000
544404,镜海,0,150,0,0,0,0,3048,1,,,-1,增加自身物理防御。,1,1,340160,10,0.000000
544405,拍岸,0,150,0,0,0,0,3049,1,,,-1,增加自身速度。,1,1,340160,10,0.000000
544406,波心,0,150,0,0,0,0,3078,1,,,-1,自身受到召唤灵的法术伤害结果降低,1,1,340160,10,0.000000
544407,须弥境,0,150,0,0,0,0,3076,1,,,-1,全属性+3%,1,1,340160,10,0.000000
