"FromFile","ToInclude","IncludeType","Line"
"client/MT3Win32App/CrashDump.cpp","stdafx.h","local","1"
"client/MT3Win32App/CrashDump.cpp","intrin.h","system","7"
"client/MT3Win32App/CrashDump.cpp","time.h","system","8"
"client/MT3Win32App/CrashDump.cpp","DbgHelp.h","local","9"
"client/MT3Win32App/CrashDump.cpp","CrashDump.h","local","13"
"client/MT3Win32App/CrashDump.h","string","system","2"
"client/MT3Win32App/main.cpp","main.h","local","1"
"client/MT3Win32App/main.cpp","CrashDump.h","local","2"
"client/MT3Win32App/main.cpp","CCEGLView.h","local","3"
"client/MT3Win32App/main.cpp","GameApplication.h","local","5"
"client/MT3Win32App/main.cpp","Resource.h","local","6"
"client/MT3Win32App/main.cpp","../../platform/ini/IniFile.h","local","7"
"client/MT3Win32App/main.cpp","io.h","local","9"
"client/MT3Win32App/main.cpp","utils\FileUtil.h","local","10"
"client/MT3Win32App/main.cpp","vld.h","local","14"
"client/MT3Win32App/main.cpp","LoginManager.h","local","16"
"client/MT3Win32App/main.h","windows.h","system","7"
"client/MT3Win32App/main.h","tchar.h","system","8"
"client/MT3Win32App/main.h","CCStdC.h","local","11"
"client/MT3Win32App/mt3.cpp","stdafx.h","local","4"
"client/MT3Win32App/mt3.cpp","mt3.h","local","5"
"client/MT3Win32App/mt3.cpp","GameApplication.h","local","7"
"client/MT3Win32App/mt3.h","resource.h","local","3"
"client/MT3Win32App/mt3.rc","resource.h","local","3"
"client/MT3Win32App/mt3.rc","winres.h","local","10"
"client/MT3Win32App/stdafx.cpp","stdafx.h","local","5"
"client/MT3Win32App/stdafx.h","targetver.h","local","8"
"client/MT3Win32App/stdafx.h","windows.h","system","12"
"client/MT3Win32App/stdafx.h","stdlib.h","system","15"
"client/MT3Win32App/stdafx.h","malloc.h","system","16"
"client/MT3Win32App/stdafx.h","memory.h","system","17"
"client/MT3Win32App/stdafx.h","tchar.h","system","18"
"client/MT3Win32App/targetver.h","SDKDDKVer.h","system","8"