角色id,性别,种族,英文名称,描述,职业1ID,职业2ID,职业3ID,默认武器1ID,默认武器2ID,默认武器3ID,人物模型,默认武器,默认衣服,默认护腕,默认项链,默认腰带,默认鞋子,创建角色界面角色图,职业按钮图片1,职业按钮图片2,职业按钮图片3,职业底图1,职业底图2,职业底图3,职业大头像,开始游戏按钮,返回按钮,左翻页按钮,右翻页按钮,背景图,背景横框,图片上层,图片下层,请选择职业文字,人物选择页签,旗子图标,旗子特效,人物创建骨骼动画,底框旗子,人物属性骨骼动画id
1,1,剑侠客,[colour='ffff2f2f']TAUREN,剑侠客,11,12,19,,,,1010101,,,,,,,,set:character4 image:datangguanfu_,set:character4 image:fangcunshan_,set:character4 image:huashengsi_,set:menpai image:datangguanfu,set:menpai image:fangcunshan,set:menpai image:huashengsi,set:createrolebg1 image:createrolebg1,set:character image:character_btn1_kaishi_2,set:character image:character_btn1_fanhui_2,set:character image:character_btn1_zuo_2,set:character image:character_btn1_you_2,set:loginback03 image:loginback03,,,,set:character image:character_img_zhuangshi_3,set:character image:character_img_deng_b_,set:character image:character_img_qizhi_1,spine/qizi_hong/qizi_hong,spinemh_jxk,set:character image:hong,1080101
2,2,巫蛮儿,[colour='ffff2f2f']Witchbarbarian,巫蛮儿,11,12,21,,,,1010102,,,,,,,,set:character4 image:datangguanfu_,set:character4 image:fangcunshan_,set:character4 image:nvercun_,set:menpai image:datangguanfu,set:menpai image:fangcunshan,set:menpai image:nvercun,set:createrolebg2 image:createrolebg2,set:character image:character_btn1_kaishi_2,set:character image:character_btn1_fanhui_2,set:character image:character_btn1_zuo_2,set:character image:character_btn1_you_2,set:loginback04 image:loginback04,,,,set:character image:character_img_zhuangshi_3,set:character image:character_img_deng_b_,set:character image:character_img_qizhi_1,spine/qizi_hong/qizi_hong,spinemh_wme,set:character image:hong,1080102
3,1,逍遥生,[colour='ff5de6ff']KNIGHT,逍遥生,11,12,19,,,,1010103,,,,,,,,set:character4 image:datangguanfu_,set:character4 image:fangcunshan_,set:character4 image:huashengsi_,set:menpai image:datangguanfu,set:menpai image:fangcunshan,set:menpai image:huashengsi,set:createrolebg3 image:createrolebg3,set:character image:character_btn1_kaishi_2,set:character image:character_btn1_fanhui_2,set:character image:character_btn1_zuo_2,set:character image:character_btn1_you_2,set:loginback05 image:loginback05,,,,set:character image:character_img_zhuangshi_2,set:character image:character_img_deng_b_,set:character image:character_img_qizhi_2,spine/qizi1/qizi1,spinemh_xys,set:character image:lan,1080103
4,2,飞燕女,[colour='ffff2f2f']FlYING,飞燕女,11,12,21,,,,1010104,,,,,,,,set:character4 image:datangguanfu_,set:character4 image:fangcunshan_,set:character4 image:nvercun_,set:menpai image:datangguanfu,set:menpai image:fangcunshan,set:menpai image:nvercun,set:createrolebg4 image:createrolebg4,set:character image:character_btn1_kaishi_2,set:character image:character_btn1_fanhui_2,set:character image:character_btn1_zuo_2,set:character image:character_btn1_you_2,set:loginback06 image:loginback06,,,,set:character image:character_img_zhuangshi_3,set:character image:character_img_deng_b_,set:character image:character_img_qizhi_1,spine/qizi_hong/qizi_hong,spinemh_fyn,set:character image:hong,1080104
5,1,漠少君,[colour='ffff2f2f']MoShaojun,漠少君,11,12,19,,,,1010105,,,,,,,,set:character4 image:datangguanfu_,set:character4 image:fangcunshan_,set:character4 image:huashengsi_,set:menpai image:datangguanfu,set:menpai image:fangcunshan,set:menpai image:huashengsi,set:createrolebg5 image:createrolebg5,set:character image:character_btn1_kaishi_2,set:character image:character_btn1_fanhui_2,set:character image:character_btn1_zuo_2,set:character image:character_btn1_you_2,set:loginback07 image:loginback07,,,,set:character image:character_img_zhuangshi_3,set:character image:character_img_deng_b_,set:character image:character_img_qizhi_1,spine/qizi_hong/qizi_hong,spinemh_msj,set:character image:hong,1080105
6,2,英女侠,[colour='ffff2f2f']Britishwoman,英女侠,11,12,21,,,,1010106,,,,,,,,set:character4 image:datangguanfu_,set:character4 image:fangcunshan_,set:character4 image:nvercun_,set:menpai image:datangguanfu,set:menpai image:fangcunshan,set:menpai image:nvercun,set:createrolebg6 image:createrolebg6,set:character image:character_btn1_kaishi_2,set:character image:character_btn1_fanhui_2,set:character image:character_btn1_zuo_2,set:character image:character_btn1_you_2,set:loginback08 image:loginback08,,,,set:character image:character_img_zhuangshi_3,set:character image:character_img_deng_b_,set:character image:character_img_qizhi_1,spine/qizi_hong/qizi_hong,spinemh_ynx,set:character image:hong,1080106
7,1,龙太子,[colour='ffff2f2f']FORSAKEN,龙太子,15,18,20,,,,1010107,,,,,,,,set:character4 image:longgong_,set:character4 image:yuegong_,set:character4 image:huaguoshan_,set:menpai image:longgong,set:menpai image:yuegong,set:menpai image:huaguoshan,set:createrolebg7 image:createrolebg7,set:character image:character_btn1_kaishi_2,set:character image:character_btn1_fanhui_2,set:character image:character_btn1_zuo_2,set:character image:character_btn1_you_2,set:loginback09 image:loginback09,,,,set:character image:character_img_zhuangshi_3,set:character image:character_img_deng_b_,set:character image:character_img_qizhi_1,spine/qizi_hong/qizi_hong,spine_ltz,set:character image:hong,1080107
8,2,玄彩娥,[colour='ffff2f2f']BLOODELF,玄彩娥,15,16,18,,,,1010108,,,,,,,,set:character4 image:longgong_,set:character4 image:putuoshan_,set:character4 image:yuegong_,set:menpai image:longgong,set:menpai image:putuoshan,set:menpai image:yuegong,set:createrolebg8 image:createrolebg8,set:character image:character_btn1_kaishi_2,set:character image:character_btn1_fanhui_2,set:character image:character_btn1_zuo_2,set:character image:character_btn1_you_2,set:loginback10 image:loginback10,,,,set:character image:character_img_zhuangshi_3,set:character image:character_img_deng_b_,set:character image:character_img_qizhi_1,spine/qizi_hong/qizi_hong,spinemh_xce,set:character image:hong,1080108
9,1,神天兵,[colour='ffff2f2f']DiVINESOLDIER,神天兵,15,18,20,,,,1010109,,,,,,,,set:character4 image:longgong_,set:character4 image:yuegong_,set:character4 image:huaguoshan_,set:menpai image:longgong,set:menpai image:yuegong,set:menpai image:huaguoshan,set:createrolebg9 image:createrolebg9,set:character image:character_btn1_kaishi_2,set:character image:character_btn1_fanhui_2,set:character image:character_btn1_zuo_2,set:character image:character_btn1_you_2,set:loginback11 image:loginback11,,,,set:character image:character_img_zhuangshi_3,set:character image:character_img_deng_b_,set:character image:character_img_qizhi_1,spine/qizi_hong/qizi_hong,spinemh_stb,set:character image:hong,1080109
10,2,舞天姬,[colour='ffff2f2f']BLOODELF,舞天姬,15,16,18,,,,1010110,,,,,,,,set:character4 image:longgong_,set:character4 image:putuoshan_,set:character4 image:yuegong_,set:menpai image:longgong,set:menpai image:putuoshan,set:menpai image:yuegong,set:createrolebg10 image:createrolebg10,set:character image:character_btn1_kaishi_2,set:character image:character_btn1_fanhui_2,set:character image:character_btn1_zuo_2,set:character image:character_btn1_you_2,set:loginback12 image:loginback12,,,,set:character image:character_img_zhuangshi_2,set:character image:character_img_deng_b_,set:character image:character_img_qizhi_2,spine/qizi1/qizi1,spinemh_wtj,set:character image:lan,1080110
11,1,羽灵神,[colour='ffff2f2f']FeatherGod,羽灵神,15,18,20,,,,1010111,,,,,,,,set:character4 image:longgong_,set:character4 image:yuegong_,set:character4 image:huaguoshan_,set:menpai image:longgong,set:menpai image:yuegong,set:menpai image:huaguoshan,set:createrolebg11 image:createrolebg11,set:character image:character_btn1_kaishi_2,set:character image:character_btn1_fanhui_2,set:character image:character_btn1_zuo_2,set:character image:character_btn1_you_2,set:loginback13 image:loginback13,,,,set:character image:character_img_zhuangshi_3,set:character image:character_img_deng_b_,set:character image:character_img_qizhi_1,spine/qizi_hong/qizi_hong,spinemh_yls,set:character image:hong,1080111
12,2,梦玲珑,[colour='ffff2f2f']Dreams,梦玲珑,15,16,18,,,,1010112,,,,,,,,set:character4 image:longgong_,set:character4 image:putuoshan_,set:character4 image:yuegong_,set:menpai image:longgong,set:menpai image:putuoshan,set:menpai image:yuegong,set:createrolebg12 image:createrolebg12,set:character image:character_btn1_kaishi_2,set:character image:character_btn1_fanhui_2,set:character image:character_btn1_zuo_2,set:character image:character_btn1_you_2,set:loginback14 image:loginback14,,,,set:character image:character_img_zhuangshi_3,set:character image:character_img_deng_b_,set:character image:character_img_qizhi_1,spine/qizi_hong/qizi_hong,spinemh_mll,set:character image:hong,1080112
13,1,杀破狼,[colour='ffff2f2f']TIGER,杀破狼,14,17,20,,,,1010113,,,,,,,,set:character4 image:yincaodifu_,set:character4 image:mowangzhai_,set:character4 image:xiaoleiyin_,set:menpai image:yincaodifu,set:menpai image:mowangzhai,set:menpai image:xiaoleiyin,set:createrolebg13 image:createrolebg13,set:character image:character_btn1_kaishi_2,set:character image:character_btn1_fanhui_2,set:character image:character_btn1_zuo_2,set:character image:character_btn1_you_2,set:loginback15 image:loginback15,,,,set:character image:character_img_zhuangshi_3,set:character image:character_img_deng_b_,set:character image:character_img_qizhi_1,spine/qizi_hong/qizi_hong,spinemh_spl,set:character image:hong,1080113
14,2,骨精灵,[colour='ff5de6ff']NIGHTELF,骨精灵,13,14,17,,,,1010114,,,,,,,,set:character4 image:shituoling_,set:character4 image:yincaodifu_,set:character4 image:mowangzhai_,set:menpai image:shituoling,set:menpai image:yincaodifu,set:menpai image:mowangzhai,set:createrolebg14 image:createrolebg14,set:character image:character_btn1_kaishi_2,set:character image:character_btn1_fanhui_2,set:character image:character_btn1_zuo_2,set:character image:character_btn1_you_2,set:loginback16 image:loginback16,,,,set:character image:character_img_zhuangshi_2,set:character image:character_img_deng_b_,set:character image:character_img_qizhi_2,spine/qizi1/qizi1,spinemh_gjl,set:character image:lan,1080114
15,1,虎头怪,[colour='ffff2f2f']TROLLKING,虎头怪,13,14,17,,,,1010115,,,,,,,,set:character4 image:shituoling_,set:character4 image:yincaodifu_,set:character4 image:mowangzhai_,set:menpai image:shituoling,set:menpai image:yincaodifu,set:menpai image:mowangzhai,set:createrolebg15 image:createrolebg15,set:character image:character_btn1_kaishi_2,set:character image:character_btn1_fanhui_2,set:character image:character_btn1_zuo_2,set:character image:character_btn1_you_2,set:loginback17 image:loginback17,,,,set:character image:character_img_zhuangshi_3,set:character image:character_img_deng_b_,set:character image:character_img_qizhi_1,spine/qizi_hong/qizi_hong,spinemh_htg,set:character image:hong,1080115
16,2,狐美人,[colour='ffff2f2f']Foxbeauty,狐美人,13,17,20,,,,1010116,,,,,,,,set:character4 image:shituoling_,set:character4 image:mowangzhai_,set:character4 image:xiaoleiyin_,set:menpai image:shituoling,set:menpai image:mowangzhai,set:menpai image:xiaoleiyin,set:createrolebg16 image:createrolebg16,set:character image:character_btn1_kaishi_2,set:character image:character_btn1_fanhui_2,set:character image:character_btn1_zuo_2,set:character image:character_btn1_you_2,set:loginback18 image:loginback18,,,,set:character image:character_img_zhuangshi_3,set:character image:character_img_deng_b_,set:character image:character_img_qizhi_1,spine/qizi_hong/qizi_hong,spinemh_hmr,set:character image:hong,1080116
17,1,巨魔王,[colour='ffff2f2f']TrollKing,巨魔王,13,14,17,,,,1010117,,,,,,,,set:character4 image:shituoling_,set:character4 image:yincaodifu_,set:character4 image:mowangzhai_,set:menpai image:shituoling,set:menpai image:yincaodifu,set:menpai image:mowangzhai,set:createrolebg17 image:createrolebg17,set:character image:character_btn1_kaishi_2,set:character image:character_btn1_fanhui_2,set:character image:character_btn1_zuo_2,set:character image:character_btn1_you_2,set:loginback19 image:loginback19,,,,set:character image:character_img_zhuangshi_2,set:character image:character_img_deng_b_,set:character image:character_img_qizhi_2,spine/qizi1/qizi1,spinemh_jmw,set:character image:lan,1080117
