ID,备注,等级要求,需求道具1,需求道具1数量,需求道具2,需求道具2数量,需求道具3,需求道具3数量,需求道具4,需求道具4数量,需求道具5,需求道具5数量,合成产物,合成消耗银币,材料不足提示,物品合成成功,合成产物1,合成产物1权重,合成产物2,合成产物2权重,合成产物3,合成产物3权重,合成产物4,合成产物4权重,合成产物5,合成产物5权重,合成产物6,合成产物6权重,合成产物7,合成产物7权重,合成产物8,合成产物8权重,合成产物9,合成产物9权重,合成产物10,合成产物10权重,合成产物11,合成产物11权重,合成产物12,合成产物12权重,合成产物13,合成产物13权重,合成产物14,合成产物14权重,合成产物15,合成产物15权重,合成产物16,合成产物16权重,合成产物17,合成产物17权重,合成产物18,合成产物18权重,合成产物19,合成产物19权重,合成产物20,合成产物20权重,合成产物21,合成产物21权重,合成产物22,合成产物22权重,合成产物23,合成产物23权重,合成产物24,合成产物24权重,合成产物25,合成产物25权重,合成产物26,合成产物26权重,合成产物27,合成产物27权重,合成产物28,合成产物28权重,合成产物29,合成产物29权重,合成产物30,合成产物30权重
1,高级藏宝图,1,331350,1,331351,1,331352,1,331353,1,331354,1,331301,0,150205,150206,331301,100,,,,,,,,,,,,,,,,,,,,,,,,,,,,,,,,,,,,,,,,,,,,,,,,,,,,,,,,,,
2,光环卷轴,1,360000,5,,,,,,,,,"35010,35011",0,160037,160038,360001,100,360002,100,360003,100,360004,100,360005,100,360006,100,360007,100,360008,100,360009,100,360010,100,,,,,,,,,,,,,,,,,,,,,,,,,,,,,,,,,,,,,,,,
999,时空能量,1,500900,5,,,,,,,,,500380,0,150205,160038,500380,100,,,,,,,,,,,,,,,,,,,,,,,,,,,,,,,,,,,,,,,,,,,,,,,,,,,,,,,,,,
3,神羊兑换券,1,680701,1,680700,50,,,,,,,680721,0,193112,193113,680721,100,,,,,,,,,,,,,,,,,,,,,,,,,,,,,,,,,,,,,,,,,,,,,,,,,,,,,,,,,,
4,泡泡兑换券,1,680702,1,680700,50,,,,,,,680722,0,193112,193113,680722,100,,,,,,,,,,,,,,,,,,,,,,,,,,,,,,,,,,,,,,,,,,,,,,,,,,,,,,,,,,
5,九色鹿兑换券,1,680703,1,680700,50,,,,,,,680723,0,193112,193113,680723,100,,,,,,,,,,,,,,,,,,,,,,,,,,,,,,,,,,,,,,,,,,,,,,,,,,,,,,,,,,
6,大熊猫兑换券,1,680704,1,680700,50,,,,,,,680724,0,193112,193113,680724,100,,,,,,,,,,,,,,,,,,,,,,,,,,,,,,,,,,,,,,,,,,,,,,,,,,,,,,,,,,
7,神鸡兑换券,1,680705,1,680700,50,,,,,,,680725,0,193112,193113,680725,100,,,,,,,,,,,,,,,,,,,,,,,,,,,,,,,,,,,,,,,,,,,,,,,,,,,,,,,,,,
8,神猴兑换券,1,680706,1,680700,50,,,,,,,680726,0,193112,193113,680726,100,,,,,,,,,,,,,,,,,,,,,,,,,,,,,,,,,,,,,,,,,,,,,,,,,,,,,,,,,,
9,赤焰兽兑换券,1,680707,1,680700,50,,,,,,,680727,0,193112,193113,680727,100,,,,,,,,,,,,,,,,,,,,,,,,,,,,,,,,,,,,,,,,,,,,,,,,,,,,,,,,,,
10,神龙兑换券,1,680708,1,680700,50,,,,,,,680728,0,193112,193113,680728,100,,,,,,,,,,,,,,,,,,,,,,,,,,,,,,,,,,,,,,,,,,,,,,,,,,,,,,,,,,
11,神兽兑换预留1,1,680708,1,680700,50,,,,,,,680728,0,193112,193113,680728,100,,,,,,,,,,,,,,,,,,,,,,,,,,,,,,,,,,,,,,,,,,,,,,,,,,,,,,,,,,
12,神兽兑换预留2,1,680708,1,680700,50,,,,,,,680728,0,193112,193113,680728,100,,,,,,,,,,,,,,,,,,,,,,,,,,,,,,,,,,,,,,,,,,,,,,,,,,,,,,,,,,
13,神兽兑换预留3,1,680708,1,680700,50,,,,,,,680728,0,193112,193113,680728,100,,,,,,,,,,,,,,,,,,,,,,,,,,,,,,,,,,,,,,,,,,,,,,,,,,,,,,,,,,
14,神兽兑换预留4,1,680708,1,680700,50,,,,,,,680728,0,193112,193113,680728,100,,,,,,,,,,,,,,,,,,,,,,,,,,,,,,,,,,,,,,,,,,,,,,,,,,,,,,,,,,
15,神兽兑换预留5,1,680708,1,680700,50,,,,,,,680728,0,193112,193113,680728,100,,,,,,,,,,,,,,,,,,,,,,,,,,,,,,,,,,,,,,,,,,,,,,,,,,,,,,,,,,
16,神兽兑换预留6,1,680708,1,680700,50,,,,,,,680728,0,193112,193113,680728,100,,,,,,,,,,,,,,,,,,,,,,,,,,,,,,,,,,,,,,,,,,,,,,,,,,,,,,,,,,
17,神兽兑换预留7,1,680708,1,680700,50,,,,,,,680728,0,193112,193113,680728,100,,,,,,,,,,,,,,,,,,,,,,,,,,,,,,,,,,,,,,,,,,,,,,,,,,,,,,,,,,
18,神兽兑换预留8,1,680708,1,680700,50,,,,,,,680728,0,193112,193113,680728,100,,,,,,,,,,,,,,,,,,,,,,,,,,,,,,,,,,,,,,,,,,,,,,,,,,,,,,,,,,
30,兑换神兽（随机）,1,680700,99,,,,,,,,,,0,193114,193113,680721,100,680722,100,680723,100,680724,100,680725,100,680726,100,680727,100,680728,100,680729,100,680730,100,680731,100,680732,100,,,,,,,,,,,,,,,,,,,,,,,,,,,,,,,,,,,,
31,兑换珍兽（随机）,1,680700,99,40007,1,,,,,,,,0,193114,193113,690001,100,690002,100,690003,100,690004,100,690005,100,690006,100,690007,100,,,,,,,,,,,,,,,,,,,,,,,,,,,,,,,,,,,,,,,,,,,,,,
40,70级•钨金,1,680001,2,,,,,,,,,680002,0,193115,193116,680002,100,,,,,,,,,,,,,,,,,,,,,,,,,,,,,,,,,,,,,,,,,,,,,,,,,,,,,,,,,,
41,80级•钨金,1,680002,2,,,,,,,,,680003,0,193115,193116,680003,100,,,,,,,,,,,,,,,,,,,,,,,,,,,,,,,,,,,,,,,,,,,,,,,,,,,,,,,,,,
42,90级•钨金,1,680003,2,,,,,,,,,680004,0,193115,193116,680004,100,,,,,,,,,,,,,,,,,,,,,,,,,,,,,,,,,,,,,,,,,,,,,,,,,,,,,,,,,,
43,100级•钨金,1,680004,2,,,,,,,,,680005,0,193115,193116,680005,100,,,,,,,,,,,,,,,,,,,,,,,,,,,,,,,,,,,,,,,,,,,,,,,,,,,,,,,,,,
50,点星锤合成,1,258104,10,,,,,,,,,258103,0,193438,193439,258103,100,,,,,,,,,,,,,,,,,,,,,,,,,,,,,,,,,,,,,,,,,,,,,,,,,,,,,,,,,,
70,65级护腕,1,257002,1,257005,1,,,,,,,,0,193426,193427,219001,100,219002,100,219003,100,219004,100,219005,100,219006,100,219007,100,219008,100,219009,100,219010,100,219011,100,219012,100,219013,100,219014,100,219015,100,219016,100,219017,100,219018,100,219019,100,219020,100,219021,100,219022,100,219023,100,219024,100,219025,100,219026,100,219027,100,219028,100,219029,100,219030,100
71,65级环,1,257002,1,257006,1,,,,,,,,0,193426,193428,219031,100,219032,100,219033,100,219034,100,219035,100,219036,100,219037,100,219038,100,219039,100,219040,100,219041,100,219042,100,219043,100,219044,100,219045,100,219046,100,219047,100,219048,100,219049,100,219050,100,219051,100,219052,100,219053,100,219054,100,219055,100,219056,100,219057,100,219058,100,219059,100,219060,100
72,65级衣甲,1,257002,1,257007,1,,,,,,,,0,193426,193429,219061,100,219062,100,219063,100,219064,100,219065,100,219066,100,219067,100,219068,100,219069,100,219070,100,219071,100,219072,100,219073,100,219074,100,219075,100,219076,100,219077,100,219078,100,219079,100,219080,100,219081,100,219082,100,219083,100,219084,100,219085,100,219086,100,219087,100,219088,100,219089,100,219090,100
73,85级护腕,1,257003,1,257008,1,,,,,,,,0,193426,193430,219091,100,219092,100,219093,100,219094,100,219095,100,219096,100,219097,100,219098,100,219099,100,219100,100,219101,100,219102,100,219103,100,219104,100,219105,100,219106,100,219107,100,219108,100,219109,100,219110,100,219111,100,219112,100,219113,100,219114,100,219115,100,219116,100,219117,100,219118,100,219119,100,219120,100
74,85级环,1,257003,1,257009,1,,,,,,,,0,193426,193431,219121,100,219122,100,219123,100,219124,100,219125,100,219126,100,219127,100,219128,100,219129,100,219130,100,219131,100,219132,100,219133,100,219134,100,219135,100,219136,100,219137,100,219138,100,219139,100,219140,100,219141,100,219142,100,219143,100,219144,100,219145,100,219146,100,219147,100,219148,100,219149,100,219150,100
75,85级衣甲,1,257003,1,257010,1,,,,,,,,0,193426,193432,219151,100,219152,100,219153,100,219154,100,219155,100,219156,100,219157,100,219158,100,219159,100,219160,100,219161,100,219162,100,219163,100,219164,100,219165,100,219166,100,219167,100,219168,100,219169,100,219170,100,219171,100,219172,100,219173,100,219174,100,219175,100,219176,100,219177,100,219178,100,219179,100,219180,100
76,105级护腕,1,257004,1,257011,1,,,,,,,,0,193426,193433,219181,100,219182,100,219183,100,219184,100,219185,100,219186,100,219187,100,219188,100,219189,100,219190,100,219191,100,219192,100,219193,100,219194,100,219195,100,219196,100,219197,100,219198,100,219199,100,219200,100,219201,100,219202,100,219203,100,219204,100,219205,100,219206,100,219207,100,219208,100,219209,100,219210,100
77,105级环,1,257004,1,257012,1,,,,,,,,0,193426,193434,219211,100,219212,100,219213,100,219214,100,219215,100,219216,100,219217,100,219218,100,219219,100,219220,100,219221,100,219222,100,219223,100,219224,100,219225,100,219226,100,219227,100,219228,100,219229,100,219230,100,219231,100,219232,100,219233,100,219234,100,219235,100,219236,100,219237,100,219238,100,219239,100,219240,100
78,105级衣甲,1,257004,1,257013,1,,,,,,,,0,193426,193435,219241,100,219242,100,219243,100,219244,100,219245,100,219246,100,219247,100,219248,100,219249,100,219250,100,219251,100,219252,100,219253,100,219254,100,219255,100,219256,100,219257,100,219258,100,219259,100,219260,100,219261,100,219262,100,219263,100,219264,100,219265,100,219266,100,219267,100,219268,100,219269,100,219270,100
80,低概率炼妖石合成,1,257001,3,,,,,,,,,,0,193436,193437,257002,70,257003,25,257004,5,,,,,,,,,,,,,,,,,,,,,,,,,,,,,,,,,,,,,,,,,,,,,,,,,,,,,,
81,中概率炼妖石合成,1,257001,5,,,,,,,,,,0,193436,193437,257002,65,257003,25,257004,10,,,,,,,,,,,,,,,,,,,,,,,,,,,,,,,,,,,,,,,,,,,,,,,,,,,,,,
82,高概率炼妖石合成,1,257001,9,,,,,,,,,,0,193436,193437,257002,40,257003,40,257004,20,,,,,,,,,,,,,,,,,,,,,,,,,,,,,,,,,,,,,,,,,,,,,,,,,,,,,,
90,周卡库-签到,1,339009,1,,,,,,,,,,0,193541,193542,259002,100,259003,100,259004,100,259005,100,337943,100,680700,100,259304,100,254141,100,600040,100,600041,100,,,,,,,,,,,,,,,,,,,,,,,,,,,,,,,,,,,,,,,,
101,2级•迅敏,1,312000,2,,,,,,,,,312001,0,193301,193401,312001,100,,,,,,,,,,,,,,,,,,,,,,,,,,,,,,,,,,,,,,,,,,,,,,,,,,,,,,,,,,
102,3级•迅敏,1,312001,2,,,,,,,,,312002,0,193301,193401,312002,100,,,,,,,,,,,,,,,,,,,,,,,,,,,,,,,,,,,,,,,,,,,,,,,,,,,,,,,,,,
103,4级•迅敏,1,312002,2,,,,,,,,,312003,0,193301,193401,312003,100,,,,,,,,,,,,,,,,,,,,,,,,,,,,,,,,,,,,,,,,,,,,,,,,,,,,,,,,,,
104,5级•迅敏,1,312003,2,,,,,,,,,312004,0,193301,193401,312004,100,,,,,,,,,,,,,,,,,,,,,,,,,,,,,,,,,,,,,,,,,,,,,,,,,,,,,,,,,,
105,2级•狂怒,1,312005,2,,,,,,,,,312006,0,193302,193402,312006,100,,,,,,,,,,,,,,,,,,,,,,,,,,,,,,,,,,,,,,,,,,,,,,,,,,,,,,,,,,
106,3级•狂怒,1,312006,2,,,,,,,,,312007,0,193302,193402,312007,100,,,,,,,,,,,,,,,,,,,,,,,,,,,,,,,,,,,,,,,,,,,,,,,,,,,,,,,,,,
107,4级•狂怒,1,312007,2,,,,,,,,,312008,0,193302,193402,312008,100,,,,,,,,,,,,,,,,,,,,,,,,,,,,,,,,,,,,,,,,,,,,,,,,,,,,,,,,,,
108,5级•狂怒,1,312008,2,,,,,,,,,312009,0,193302,193402,312009,100,,,,,,,,,,,,,,,,,,,,,,,,,,,,,,,,,,,,,,,,,,,,,,,,,,,,,,,,,,
109,2级•阴伤,1,312010,2,,,,,,,,,312011,0,193303,193403,312011,100,,,,,,,,,,,,,,,,,,,,,,,,,,,,,,,,,,,,,,,,,,,,,,,,,,,,,,,,,,
110,3级•阴伤,1,312011,2,,,,,,,,,312012,0,193303,193403,312012,100,,,,,,,,,,,,,,,,,,,,,,,,,,,,,,,,,,,,,,,,,,,,,,,,,,,,,,,,,,
111,4级•阴伤,1,312012,2,,,,,,,,,312013,0,193303,193403,312013,100,,,,,,,,,,,,,,,,,,,,,,,,,,,,,,,,,,,,,,,,,,,,,,,,,,,,,,,,,,
112,5级•阴伤,1,312013,2,,,,,,,,,312014,0,193303,193403,312014,100,,,,,,,,,,,,,,,,,,,,,,,,,,,,,,,,,,,,,,,,,,,,,,,,,,,,,,,,,,
113,2级•连环,1,312015,2,,,,,,,,,312016,0,193304,193404,312016,100,,,,,,,,,,,,,,,,,,,,,,,,,,,,,,,,,,,,,,,,,,,,,,,,,,,,,,,,,,
114,3级•连环,1,312016,2,,,,,,,,,312017,0,193304,193404,312017,100,,,,,,,,,,,,,,,,,,,,,,,,,,,,,,,,,,,,,,,,,,,,,,,,,,,,,,,,,,
115,4级•连环,1,312017,2,,,,,,,,,312018,0,193304,193404,312018,100,,,,,,,,,,,,,,,,,,,,,,,,,,,,,,,,,,,,,,,,,,,,,,,,,,,,,,,,,,
116,5级•连环,1,312018,2,,,,,,,,,312019,0,193304,193404,312019,100,,,,,,,,,,,,,,,,,,,,,,,,,,,,,,,,,,,,,,,,,,,,,,,,,,,,,,,,,,
117,2级•奇袭,1,312020,2,,,,,,,,,312021,0,193305,193405,312021,100,,,,,,,,,,,,,,,,,,,,,,,,,,,,,,,,,,,,,,,,,,,,,,,,,,,,,,,,,,
118,3级•奇袭,1,312021,2,,,,,,,,,312022,0,193305,193405,312022,100,,,,,,,,,,,,,,,,,,,,,,,,,,,,,,,,,,,,,,,,,,,,,,,,,,,,,,,,,,
119,4级•奇袭,1,312022,2,,,,,,,,,312023,0,193305,193405,312023,100,,,,,,,,,,,,,,,,,,,,,,,,,,,,,,,,,,,,,,,,,,,,,,,,,,,,,,,,,,
120,5级•奇袭,1,312023,2,,,,,,,,,312024,0,193305,193405,312024,100,,,,,,,,,,,,,,,,,,,,,,,,,,,,,,,,,,,,,,,,,,,,,,,,,,,,,,,,,,
121,2级•静岳,1,312025,2,,,,,,,,,312026,0,193306,193406,312026,100,,,,,,,,,,,,,,,,,,,,,,,,,,,,,,,,,,,,,,,,,,,,,,,,,,,,,,,,,,
122,3级•静岳,1,312026,2,,,,,,,,,312027,0,193306,193406,312027,100,,,,,,,,,,,,,,,,,,,,,,,,,,,,,,,,,,,,,,,,,,,,,,,,,,,,,,,,,,
123,4级•静岳,1,312027,2,,,,,,,,,312028,0,193306,193406,312028,100,,,,,,,,,,,,,,,,,,,,,,,,,,,,,,,,,,,,,,,,,,,,,,,,,,,,,,,,,,
124,5级•静岳,1,312028,2,,,,,,,,,312029,0,193306,193406,312029,100,,,,,,,,,,,,,,,,,,,,,,,,,,,,,,,,,,,,,,,,,,,,,,,,,,,,,,,,,,
125,2级•灵光,1,312030,2,,,,,,,,,312031,0,193307,193407,312031,100,,,,,,,,,,,,,,,,,,,,,,,,,,,,,,,,,,,,,,,,,,,,,,,,,,,,,,,,,,
126,3级•灵光,1,312031,2,,,,,,,,,312032,0,193307,193407,312032,100,,,,,,,,,,,,,,,,,,,,,,,,,,,,,,,,,,,,,,,,,,,,,,,,,,,,,,,,,,
127,4级•灵光,1,312032,2,,,,,,,,,312033,0,193307,193407,312033,100,,,,,,,,,,,,,,,,,,,,,,,,,,,,,,,,,,,,,,,,,,,,,,,,,,,,,,,,,,
128,5级•灵光,1,312033,2,,,,,,,,,312034,0,193307,193407,312034,100,,,,,,,,,,,,,,,,,,,,,,,,,,,,,,,,,,,,,,,,,,,,,,,,,,,,,,,,,,
129,2级•灵身,1,312035,2,,,,,,,,,312036,0,193308,193408,312036,100,,,,,,,,,,,,,,,,,,,,,,,,,,,,,,,,,,,,,,,,,,,,,,,,,,,,,,,,,,
130,3级•灵身,1,312036,2,,,,,,,,,312037,0,193308,193408,312037,100,,,,,,,,,,,,,,,,,,,,,,,,,,,,,,,,,,,,,,,,,,,,,,,,,,,,,,,,,,
131,4级•灵身,1,312037,2,,,,,,,,,312038,0,193308,193408,312038,100,,,,,,,,,,,,,,,,,,,,,,,,,,,,,,,,,,,,,,,,,,,,,,,,,,,,,,,,,,
132,5级•灵身,1,312038,2,,,,,,,,,312039,0,193308,193408,312039,100,,,,,,,,,,,,,,,,,,,,,,,,,,,,,,,,,,,,,,,,,,,,,,,,,,,,,,,,,,
133,2级•狙刺,1,312040,2,,,,,,,,,312041,0,193309,193409,312041,100,,,,,,,,,,,,,,,,,,,,,,,,,,,,,,,,,,,,,,,,,,,,,,,,,,,,,,,,,,
134,3级•狙刺,1,312041,2,,,,,,,,,312042,0,193309,193409,312042,100,,,,,,,,,,,,,,,,,,,,,,,,,,,,,,,,,,,,,,,,,,,,,,,,,,,,,,,,,,
135,4级•狙刺,1,312042,2,,,,,,,,,312043,0,193309,193409,312043,100,,,,,,,,,,,,,,,,,,,,,,,,,,,,,,,,,,,,,,,,,,,,,,,,,,,,,,,,,,
136,5级•狙刺,1,312043,2,,,,,,,,,312044,0,193309,193409,312044,100,,,,,,,,,,,,,,,,,,,,,,,,,,,,,,,,,,,,,,,,,,,,,,,,,,,,,,,,,,
137,2级•擅咒,1,312045,2,,,,,,,,,312046,0,193310,193410,312046,100,,,,,,,,,,,,,,,,,,,,,,,,,,,,,,,,,,,,,,,,,,,,,,,,,,,,,,,,,,
138,3级•擅咒,1,312046,2,,,,,,,,,312047,0,193310,193410,312047,100,,,,,,,,,,,,,,,,,,,,,,,,,,,,,,,,,,,,,,,,,,,,,,,,,,,,,,,,,,
139,4级•擅咒,1,312047,2,,,,,,,,,312048,0,193310,193410,312048,100,,,,,,,,,,,,,,,,,,,,,,,,,,,,,,,,,,,,,,,,,,,,,,,,,,,,,,,,,,
140,5级•擅咒,1,312048,2,,,,,,,,,312049,0,193310,193410,312049,100,,,,,,,,,,,,,,,,,,,,,,,,,,,,,,,,,,,,,,,,,,,,,,,,,,,,,,,,,,
141,2级•矫健,1,312050,2,,,,,,,,,312051,0,193311,193411,312051,100,,,,,,,,,,,,,,,,,,,,,,,,,,,,,,,,,,,,,,,,,,,,,,,,,,,,,,,,,,
142,3级•矫健,1,312051,2,,,,,,,,,312052,0,193311,193411,312052,100,,,,,,,,,,,,,,,,,,,,,,,,,,,,,,,,,,,,,,,,,,,,,,,,,,,,,,,,,,
143,4级•矫健,1,312052,2,,,,,,,,,312053,0,193311,193411,312053,100,,,,,,,,,,,,,,,,,,,,,,,,,,,,,,,,,,,,,,,,,,,,,,,,,,,,,,,,,,
144,5级•矫健,1,312053,2,,,,,,,,,312054,0,193311,193411,312054,100,,,,,,,,,,,,,,,,,,,,,,,,,,,,,,,,,,,,,,,,,,,,,,,,,,,,,,,,,,
145,2级•御法,1,312055,2,,,,,,,,,312056,0,193312,193412,312056,100,,,,,,,,,,,,,,,,,,,,,,,,,,,,,,,,,,,,,,,,,,,,,,,,,,,,,,,,,,
146,3级•御法,1,312056,2,,,,,,,,,312057,0,193312,193412,312057,100,,,,,,,,,,,,,,,,,,,,,,,,,,,,,,,,,,,,,,,,,,,,,,,,,,,,,,,,,,
147,4级•御法,1,312057,2,,,,,,,,,312058,0,193312,193412,312058,100,,,,,,,,,,,,,,,,,,,,,,,,,,,,,,,,,,,,,,,,,,,,,,,,,,,,,,,,,,
148,5级•御法,1,312058,2,,,,,,,,,312059,0,193312,193412,312059,100,,,,,,,,,,,,,,,,,,,,,,,,,,,,,,,,,,,,,,,,,,,,,,,,,,,,,,,,,,
149,2级•坚甲,1,312060,2,,,,,,,,,312061,0,193313,193413,312061,100,,,,,,,,,,,,,,,,,,,,,,,,,,,,,,,,,,,,,,,,,,,,,,,,,,,,,,,,,,
150,3级•坚甲,1,312061,2,,,,,,,,,312062,0,193313,193413,312062,100,,,,,,,,,,,,,,,,,,,,,,,,,,,,,,,,,,,,,,,,,,,,,,,,,,,,,,,,,,
151,4级•坚甲,1,312062,2,,,,,,,,,312063,0,193313,193413,312063,100,,,,,,,,,,,,,,,,,,,,,,,,,,,,,,,,,,,,,,,,,,,,,,,,,,,,,,,,,,
152,5级•坚甲,1,312063,2,,,,,,,,,312064,0,193313,193413,312064,100,,,,,,,,,,,,,,,,,,,,,,,,,,,,,,,,,,,,,,,,,,,,,,,,,,,,,,,,,,
153,2级•慧心,1,312065,2,,,,,,,,,312066,0,193314,193414,312066,100,,,,,,,,,,,,,,,,,,,,,,,,,,,,,,,,,,,,,,,,,,,,,,,,,,,,,,,,,,
154,3级•慧心,1,312066,2,,,,,,,,,312067,0,193314,193414,312067,100,,,,,,,,,,,,,,,,,,,,,,,,,,,,,,,,,,,,,,,,,,,,,,,,,,,,,,,,,,
155,4级•慧心,1,312067,2,,,,,,,,,312068,0,193314,193414,312068,100,,,,,,,,,,,,,,,,,,,,,,,,,,,,,,,,,,,,,,,,,,,,,,,,,,,,,,,,,,
156,5级•慧心,1,312068,2,,,,,,,,,312069,0,193314,193414,312069,100,,,,,,,,,,,,,,,,,,,,,,,,,,,,,,,,,,,,,,,,,,,,,,,,,,,,,,,,,,
157,2级•自然,1,312070,2,,,,,,,,,312071,0,193315,193415,312071,100,,,,,,,,,,,,,,,,,,,,,,,,,,,,,,,,,,,,,,,,,,,,,,,,,,,,,,,,,,
158,3级•自然,1,312071,2,,,,,,,,,312072,0,193315,193415,312072,100,,,,,,,,,,,,,,,,,,,,,,,,,,,,,,,,,,,,,,,,,,,,,,,,,,,,,,,,,,
159,4级•自然,1,312072,2,,,,,,,,,312073,0,193315,193415,312073,100,,,,,,,,,,,,,,,,,,,,,,,,,,,,,,,,,,,,,,,,,,,,,,,,,,,,,,,,,,
160,5级•自然,1,312073,2,,,,,,,,,312074,0,193315,193415,312074,100,,,,,,,,,,,,,,,,,,,,,,,,,,,,,,,,,,,,,,,,,,,,,,,,,,,,,,,,,,
161,2级•舍身击,1,312075,2,,,,,,,,,312076,0,193316,193416,312076,100,,,,,,,,,,,,,,,,,,,,,,,,,,,,,,,,,,,,,,,,,,,,,,,,,,,,,,,,,,
162,3级•舍身击,1,312076,2,,,,,,,,,312077,0,193316,193416,312077,100,,,,,,,,,,,,,,,,,,,,,,,,,,,,,,,,,,,,,,,,,,,,,,,,,,,,,,,,,,
163,4级•舍身击,1,312077,2,,,,,,,,,312078,0,193316,193416,312078,100,,,,,,,,,,,,,,,,,,,,,,,,,,,,,,,,,,,,,,,,,,,,,,,,,,,,,,,,,,
164,5级•舍身击,1,312078,2,,,,,,,,,312079,0,193316,193416,312079,100,,,,,,,,,,,,,,,,,,,,,,,,,,,,,,,,,,,,,,,,,,,,,,,,,,,,,,,,,,
165,2级•生死决,1,312080,2,,,,,,,,,312081,0,193317,193417,312081,100,,,,,,,,,,,,,,,,,,,,,,,,,,,,,,,,,,,,,,,,,,,,,,,,,,,,,,,,,,
166,3级•生死决,1,312081,2,,,,,,,,,312082,0,193317,193417,312082,100,,,,,,,,,,,,,,,,,,,,,,,,,,,,,,,,,,,,,,,,,,,,,,,,,,,,,,,,,,
167,4级•生死决,1,312082,2,,,,,,,,,312083,0,193317,193417,312083,100,,,,,,,,,,,,,,,,,,,,,,,,,,,,,,,,,,,,,,,,,,,,,,,,,,,,,,,,,,
168,5级•生死决,1,312083,2,,,,,,,,,312084,0,193317,193417,312084,100,,,,,,,,,,,,,,,,,,,,,,,,,,,,,,,,,,,,,,,,,,,,,,,,,,,,,,,,,,
169,2级•碎甲刃,1,312085,2,,,,,,,,,312086,0,193318,193418,312086,100,,,,,,,,,,,,,,,,,,,,,,,,,,,,,,,,,,,,,,,,,,,,,,,,,,,,,,,,,,
170,3级•碎甲刃,1,312086,2,,,,,,,,,312087,0,193318,193418,312087,100,,,,,,,,,,,,,,,,,,,,,,,,,,,,,,,,,,,,,,,,,,,,,,,,,,,,,,,,,,
171,4级•碎甲刃,1,312087,2,,,,,,,,,312088,0,193318,193418,312088,100,,,,,,,,,,,,,,,,,,,,,,,,,,,,,,,,,,,,,,,,,,,,,,,,,,,,,,,,,,
172,5级•碎甲刃,1,312088,2,,,,,,,,,312089,0,193318,193418,312089,100,,,,,,,,,,,,,,,,,,,,,,,,,,,,,,,,,,,,,,,,,,,,,,,,,,,,,,,,,,
173,2级•摧心浪,1,312090,2,,,,,,,,,312091,0,193319,193419,312091,100,,,,,,,,,,,,,,,,,,,,,,,,,,,,,,,,,,,,,,,,,,,,,,,,,,,,,,,,,,
174,3级•摧心浪,1,312091,2,,,,,,,,,312092,0,193319,193419,312092,100,,,,,,,,,,,,,,,,,,,,,,,,,,,,,,,,,,,,,,,,,,,,,,,,,,,,,,,,,,
175,4级•摧心浪,1,312092,2,,,,,,,,,312093,0,193319,193419,312093,100,,,,,,,,,,,,,,,,,,,,,,,,,,,,,,,,,,,,,,,,,,,,,,,,,,,,,,,,,,
176,5级•摧心浪,1,312093,2,,,,,,,,,312094,0,193319,193419,312094,100,,,,,,,,,,,,,,,,,,,,,,,,,,,,,,,,,,,,,,,,,,,,,,,,,,,,,,,,,,
177,2级•双星爆,1,312095,2,,,,,,,,,312096,0,193320,193420,312096,100,,,,,,,,,,,,,,,,,,,,,,,,,,,,,,,,,,,,,,,,,,,,,,,,,,,,,,,,,,
178,3级•双星爆,1,312096,2,,,,,,,,,312097,0,193320,193420,312097,100,,,,,,,,,,,,,,,,,,,,,,,,,,,,,,,,,,,,,,,,,,,,,,,,,,,,,,,,,,
179,4级•双星爆,1,312097,2,,,,,,,,,312098,0,193320,193420,312098,100,,,,,,,,,,,,,,,,,,,,,,,,,,,,,,,,,,,,,,,,,,,,,,,,,,,,,,,,,,
180,5级•双星爆,1,312098,2,,,,,,,,,312099,0,193320,193420,312099,100,,,,,,,,,,,,,,,,,,,,,,,,,,,,,,,,,,,,,,,,,,,,,,,,,,,,,,,,,,
181,2级•通灵法,1,312100,2,,,,,,,,,312101,0,193321,193421,312101,100,,,,,,,,,,,,,,,,,,,,,,,,,,,,,,,,,,,,,,,,,,,,,,,,,,,,,,,,,,
182,3级•通灵法,1,312101,2,,,,,,,,,312102,0,193321,193421,312102,100,,,,,,,,,,,,,,,,,,,,,,,,,,,,,,,,,,,,,,,,,,,,,,,,,,,,,,,,,,
183,4级•通灵法,1,312102,2,,,,,,,,,312103,0,193321,193421,312103,100,,,,,,,,,,,,,,,,,,,,,,,,,,,,,,,,,,,,,,,,,,,,,,,,,,,,,,,,,,
184,5级•通灵法,1,312103,2,,,,,,,,,312104,0,193321,193421,312104,100,,,,,,,,,,,,,,,,,,,,,,,,,,,,,,,,,,,,,,,,,,,,,,,,,,,,,,,,,,
185,2级•玄武驱,1,312105,2,,,,,,,,,312106,0,193322,193422,312106,100,,,,,,,,,,,,,,,,,,,,,,,,,,,,,,,,,,,,,,,,,,,,,,,,,,,,,,,,,,
186,3级•玄武驱,1,312106,2,,,,,,,,,312107,0,193322,193422,312107,100,,,,,,,,,,,,,,,,,,,,,,,,,,,,,,,,,,,,,,,,,,,,,,,,,,,,,,,,,,
187,4级•玄武驱,1,312107,2,,,,,,,,,312108,0,193322,193422,312108,100,,,,,,,,,,,,,,,,,,,,,,,,,,,,,,,,,,,,,,,,,,,,,,,,,,,,,,,,,,
188,5级•玄武驱,1,312108,2,,,,,,,,,312109,0,193322,193422,312109,100,,,,,,,,,,,,,,,,,,,,,,,,,,,,,,,,,,,,,,,,,,,,,,,,,,,,,,,,,,
189,2级•腾挪劲,1,312110,2,,,,,,,,,312111,0,193323,193423,312111,100,,,,,,,,,,,,,,,,,,,,,,,,,,,,,,,,,,,,,,,,,,,,,,,,,,,,,,,,,,
190,3级•腾挪劲,1,312111,2,,,,,,,,,312112,0,193323,193423,312112,100,,,,,,,,,,,,,,,,,,,,,,,,,,,,,,,,,,,,,,,,,,,,,,,,,,,,,,,,,,
191,4级•腾挪劲,1,312112,2,,,,,,,,,312113,0,193323,193423,312113,100,,,,,,,,,,,,,,,,,,,,,,,,,,,,,,,,,,,,,,,,,,,,,,,,,,,,,,,,,,
192,5级•腾挪劲,1,312113,2,,,,,,,,,312114,0,193323,193423,312114,100,,,,,,,,,,,,,,,,,,,,,,,,,,,,,,,,,,,,,,,,,,,,,,,,,,,,,,,,,,
193,2级•龙魂玉,1,312115,2,,,,,,,,,312116,0,193324,193424,312116,100,,,,,,,,,,,,,,,,,,,,,,,,,,,,,,,,,,,,,,,,,,,,,,,,,,,,,,,,,,
194,3级•龙魂玉,1,312116,2,,,,,,,,,312117,0,193324,193424,312117,100,,,,,,,,,,,,,,,,,,,,,,,,,,,,,,,,,,,,,,,,,,,,,,,,,,,,,,,,,,
195,4级•龙魂玉,1,312117,2,,,,,,,,,312118,0,193324,193424,312118,100,,,,,,,,,,,,,,,,,,,,,,,,,,,,,,,,,,,,,,,,,,,,,,,,,,,,,,,,,,
196,5级•龙魂玉,1,312118,2,,,,,,,,,312119,0,193324,193424,312119,100,,,,,,,,,,,,,,,,,,,,,,,,,,,,,,,,,,,,,,,,,,,,,,,,,,,,,,,,,,
197,回收超级神羊,1,680721,1,,,,,,,,,680713,0,201060,201059,680713,100,,,,,,,,,,,,,,,,,,,,,,,,,,,,,,,,,,,,,,,,,,,,,,,,,,,,,,,,,,
198,回收超级泡泡,1,680722,1,,,,,,,,,680713,0,201060,201059,680713,100,,,,,,,,,,,,,,,,,,,,,,,,,,,,,,,,,,,,,,,,,,,,,,,,,,,,,,,,,,
199,回收超级九色鹿,1,680723,1,,,,,,,,,680713,0,201060,201059,680713,100,,,,,,,,,,,,,,,,,,,,,,,,,,,,,,,,,,,,,,,,,,,,,,,,,,,,,,,,,,
200,回收超级大熊猫,1,680724,1,,,,,,,,,680713,0,201060,201059,680713,100,,,,,,,,,,,,,,,,,,,,,,,,,,,,,,,,,,,,,,,,,,,,,,,,,,,,,,,,,,
201,回收超级神鸡,1,680725,1,,,,,,,,,680713,0,201060,201059,680713,100,,,,,,,,,,,,,,,,,,,,,,,,,,,,,,,,,,,,,,,,,,,,,,,,,,,,,,,,,,
202,回收超级神猴,1,680726,1,,,,,,,,,680713,0,201060,201059,680713,100,,,,,,,,,,,,,,,,,,,,,,,,,,,,,,,,,,,,,,,,,,,,,,,,,,,,,,,,,,
203,回收超级赤焰兽,1,680727,1,,,,,,,,,680713,0,201060,201059,680713,100,,,,,,,,,,,,,,,,,,,,,,,,,,,,,,,,,,,,,,,,,,,,,,,,,,,,,,,,,,
204,回收超级神龙,1,680728,1,,,,,,,,,680713,0,201060,201059,680713,100,,,,,,,,,,,,,,,,,,,,,,,,,,,,,,,,,,,,,,,,,,,,,,,,,,,,,,,,,,
205,重铸110级无级别剑,1,9310101,1,,,,,,,,,9310101,10000000,201062,201063,9310101,100,,,,,,,,,,,,,,,,,,,,,,,,,,,,,,,,,,,,,,,,,,,,,,,,,,,,,,,,,,
206,重铸110级无级别枪,1,9310102,1,,,,,,,,,9310102,10000000,201062,201063,9310102,100,,,,,,,,,,,,,,,,,,,,,,,,,,,,,,,,,,,,,,,,,,,,,,,,,,,,,,,,,,
207,重铸110级无级别斧钺,1,9310103,1,,,,,,,,,9310103,10000000,201062,201063,9310103,100,,,,,,,,,,,,,,,,,,,,,,,,,,,,,,,,,,,,,,,,,,,,,,,,,,,,,,,,,,
208,重铸110级无级别扇,1,9310104,1,,,,,,,,,9310104,10000000,201062,201063,9310104,100,,,,,,,,,,,,,,,,,,,,,,,,,,,,,,,,,,,,,,,,,,,,,,,,,,,,,,,,,,
209,重铸110级无级别魔棒,1,9310105,1,,,,,,,,,9310105,10000000,201062,201063,9310105,100,,,,,,,,,,,,,,,,,,,,,,,,,,,,,,,,,,,,,,,,,,,,,,,,,,,,,,,,,,
210,重铸110级无级别爪刺,1,9310106,1,,,,,,,,,9310106,10000000,201062,201063,9310106,100,,,,,,,,,,,,,,,,,,,,,,,,,,,,,,,,,,,,,,,,,,,,,,,,,,,,,,,,,,
211,重铸110级无级别锤,1,9310107,1,,,,,,,,,9310107,10000000,201062,201063,9310107,100,,,,,,,,,,,,,,,,,,,,,,,,,,,,,,,,,,,,,,,,,,,,,,,,,,,,,,,,,,
212,重铸110级无级别鞭,1,9310108,1,,,,,,,,,9310108,10000000,201062,201063,9310108,100,,,,,,,,,,,,,,,,,,,,,,,,,,,,,,,,,,,,,,,,,,,,,,,,,,,,,,,,,,
213,重铸110级无级别环圈,1,9310109,1,,,,,,,,,9310109,10000000,201062,201063,9310109,100,,,,,,,,,,,,,,,,,,,,,,,,,,,,,,,,,,,,,,,,,,,,,,,,,,,,,,,,,,
214,重铸110级无级别弓,1,9310110,1,,,,,,,,,9310110,10000000,201062,201063,9310110,100,,,,,,,,,,,,,,,,,,,,,,,,,,,,,,,,,,,,,,,,,,,,,,,,,,,,,,,,,,
215,重铸110级无级别飘带,1,9310111,1,,,,,,,,,9310111,10000000,201062,201063,9310111,100,,,,,,,,,,,,,,,,,,,,,,,,,,,,,,,,,,,,,,,,,,,,,,,,,,,,,,,,,,
216,重铸110级无级别宝珠,1,9310112,1,,,,,,,,,9310112,10000000,201062,201063,9310112,100,,,,,,,,,,,,,,,,,,,,,,,,,,,,,,,,,,,,,,,,,,,,,,,,,,,,,,,,,,
217,重铸110级无级别长刀,1,9310113,1,,,,,,,,,9310113,10000000,201062,201063,9310113,100,,,,,,,,,,,,,,,,,,,,,,,,,,,,,,,,,,,,,,,,,,,,,,,,,,,,,,,,,,
218,重铸110级无级别双短剑,1,9310114,1,,,,,,,,,9310114,10000000,201062,201063,9310114,100,,,,,,,,,,,,,,,,,,,,,,,,,,,,,,,,,,,,,,,,,,,,,,,,,,,,,,,,,,
219,重铸110级无级别降魔杵,1,9310115,1,,,,,,,,,9310115,10000000,201062,201063,9310115,100,,,,,,,,,,,,,,,,,,,,,,,,,,,,,,,,,,,,,,,,,,,,,,,,,,,,,,,,,,
220,重铸110级无级别法杖,1,9310116,1,,,,,,,,,9310116,10000000,201062,201063,9310116,100,,,,,,,,,,,,,,,,,,,,,,,,,,,,,,,,,,,,,,,,,,,,,,,,,,,,,,,,,,
221,重铸110级无级别弯刀,1,9310117,1,,,,,,,,,9310117,10000000,201062,201063,9310117,100,,,,,,,,,,,,,,,,,,,,,,,,,,,,,,,,,,,,,,,,,,,,,,,,,,,,,,,,,,
222,重铸110级无级别男衣,1,9310220,1,,,,,,,,,9310220,10000000,201062,201063,9310220,100,,,,,,,,,,,,,,,,,,,,,,,,,,,,,,,,,,,,,,,,,,,,,,,,,,,,,,,,,,
223,重铸110级无级别女衣,1,9310221,1,,,,,,,,,9310221,10000000,201062,201063,9310221,100,,,,,,,,,,,,,,,,,,,,,,,,,,,,,,,,,,,,,,,,,,,,,,,,,,,,,,,,,,
224,重铸110级无级别头盔,1,9310322,1,,,,,,,,,9310322,10000000,201062,201063,9310322,100,,,,,,,,,,,,,,,,,,,,,,,,,,,,,,,,,,,,,,,,,,,,,,,,,,,,,,,,,,
225,重铸110级无级别发钗,1,9310323,1,,,,,,,,,9310323,10000000,201062,201063,9310323,100,,,,,,,,,,,,,,,,,,,,,,,,,,,,,,,,,,,,,,,,,,,,,,,,,,,,,,,,,,
226,重铸110级无级别项链,1,9310424,1,,,,,,,,,9310424,10000000,201062,201063,9310424,100,,,,,,,,,,,,,,,,,,,,,,,,,,,,,,,,,,,,,,,,,,,,,,,,,,,,,,,,,,
227,重铸110级无级别腰带,1,9310525,1,,,,,,,,,9310525,10000000,201062,201063,9310525,100,,,,,,,,,,,,,,,,,,,,,,,,,,,,,,,,,,,,,,,,,,,,,,,,,,,,,,,,,,
228,重铸110级无级别鞋,1,9310626,1,,,,,,,,,9310626,10000000,201062,201063,9310626,100,,,,,,,,,,,,,,,,,,,,,,,,,,,,,,,,,,,,,,,,,,,,,,,,,,,,,,,,,,
229,重铸120级无级别剑,1,9320101,1,,,,,,,,,9320101,10000000,201062,201063,9320101,100,,,,,,,,,,,,,,,,,,,,,,,,,,,,,,,,,,,,,,,,,,,,,,,,,,,,,,,,,,
230,重铸120级无级别枪,1,9320102,1,,,,,,,,,9320102,10000000,201062,201063,9320102,100,,,,,,,,,,,,,,,,,,,,,,,,,,,,,,,,,,,,,,,,,,,,,,,,,,,,,,,,,,
231,重铸120级无级别斧钺,1,9320103,1,,,,,,,,,9320103,10000000,201062,201063,9320103,100,,,,,,,,,,,,,,,,,,,,,,,,,,,,,,,,,,,,,,,,,,,,,,,,,,,,,,,,,,
232,重铸120级无级别扇,1,9320104,1,,,,,,,,,9320104,10000000,201062,201063,9320104,100,,,,,,,,,,,,,,,,,,,,,,,,,,,,,,,,,,,,,,,,,,,,,,,,,,,,,,,,,,
233,重铸120级无级别魔棒,1,9320105,1,,,,,,,,,9320105,10000000,201062,201063,9320105,100,,,,,,,,,,,,,,,,,,,,,,,,,,,,,,,,,,,,,,,,,,,,,,,,,,,,,,,,,,
234,重铸120级无级别爪刺,1,9320106,1,,,,,,,,,9320106,10000000,201062,201063,9320106,100,,,,,,,,,,,,,,,,,,,,,,,,,,,,,,,,,,,,,,,,,,,,,,,,,,,,,,,,,,
235,重铸120级无级别锤,1,9320107,1,,,,,,,,,9320107,10000000,201062,201063,9320107,100,,,,,,,,,,,,,,,,,,,,,,,,,,,,,,,,,,,,,,,,,,,,,,,,,,,,,,,,,,
236,重铸120级无级别鞭,1,9320108,1,,,,,,,,,9320108,10000000,201062,201063,9320108,100,,,,,,,,,,,,,,,,,,,,,,,,,,,,,,,,,,,,,,,,,,,,,,,,,,,,,,,,,,
237,重铸120级无级别环圈,1,9320109,1,,,,,,,,,9320109,10000000,201062,201063,9320109,100,,,,,,,,,,,,,,,,,,,,,,,,,,,,,,,,,,,,,,,,,,,,,,,,,,,,,,,,,,
238,重铸120级无级别弓,1,9320110,1,,,,,,,,,9320110,10000000,201062,201063,9320110,100,,,,,,,,,,,,,,,,,,,,,,,,,,,,,,,,,,,,,,,,,,,,,,,,,,,,,,,,,,
239,重铸120级无级别飘带,1,9320111,1,,,,,,,,,9320111,10000000,201062,201063,9320111,100,,,,,,,,,,,,,,,,,,,,,,,,,,,,,,,,,,,,,,,,,,,,,,,,,,,,,,,,,,
240,重铸120级无级别宝珠,1,9320112,1,,,,,,,,,9320112,10000000,201062,201063,9320112,100,,,,,,,,,,,,,,,,,,,,,,,,,,,,,,,,,,,,,,,,,,,,,,,,,,,,,,,,,,
241,重铸120级无级别长刀,1,9320113,1,,,,,,,,,9320113,10000000,201062,201063,9320113,100,,,,,,,,,,,,,,,,,,,,,,,,,,,,,,,,,,,,,,,,,,,,,,,,,,,,,,,,,,
242,重铸120级无级别双短剑,1,9320114,1,,,,,,,,,9320114,10000000,201062,201063,9320114,100,,,,,,,,,,,,,,,,,,,,,,,,,,,,,,,,,,,,,,,,,,,,,,,,,,,,,,,,,,
243,重铸120级无级别降魔杵,1,9320115,1,,,,,,,,,9320115,10000000,201062,201063,9320115,100,,,,,,,,,,,,,,,,,,,,,,,,,,,,,,,,,,,,,,,,,,,,,,,,,,,,,,,,,,
244,重铸120级无级别法杖,1,9320116,1,,,,,,,,,9320116,10000000,201062,201063,9320116,100,,,,,,,,,,,,,,,,,,,,,,,,,,,,,,,,,,,,,,,,,,,,,,,,,,,,,,,,,,
245,重铸120级无级别弯刀,1,9320117,1,,,,,,,,,9320117,10000000,201062,201063,9320117,100,,,,,,,,,,,,,,,,,,,,,,,,,,,,,,,,,,,,,,,,,,,,,,,,,,,,,,,,,,
246,重铸120级无级别男衣,1,9320220,1,,,,,,,,,9320220,10000000,201062,201063,9320220,100,,,,,,,,,,,,,,,,,,,,,,,,,,,,,,,,,,,,,,,,,,,,,,,,,,,,,,,,,,
247,重铸120级无级别女衣,1,9320221,1,,,,,,,,,9320221,10000000,201062,201063,9320221,100,,,,,,,,,,,,,,,,,,,,,,,,,,,,,,,,,,,,,,,,,,,,,,,,,,,,,,,,,,
248,重铸120级无级别头盔,1,9320322,1,,,,,,,,,9320322,10000000,201062,201063,9320322,100,,,,,,,,,,,,,,,,,,,,,,,,,,,,,,,,,,,,,,,,,,,,,,,,,,,,,,,,,,
249,重铸120级无级别发钗,1,9320323,1,,,,,,,,,9320323,10000000,201062,201063,9320323,100,,,,,,,,,,,,,,,,,,,,,,,,,,,,,,,,,,,,,,,,,,,,,,,,,,,,,,,,,,
250,重铸120级无级别项链,1,9320424,1,,,,,,,,,9320424,10000000,201062,201063,9320424,100,,,,,,,,,,,,,,,,,,,,,,,,,,,,,,,,,,,,,,,,,,,,,,,,,,,,,,,,,,
251,重铸120级无级别腰带,1,9320525,1,,,,,,,,,9320525,10000000,201062,201063,9320525,100,,,,,,,,,,,,,,,,,,,,,,,,,,,,,,,,,,,,,,,,,,,,,,,,,,,,,,,,,,
252,重铸120级无级别鞋,1,9320626,1,,,,,,,,,9320626,10000000,201062,201063,9320626,100,,,,,,,,,,,,,,,,,,,,,,,,,,,,,,,,,,,,,,,,,,,,,,,,,,,,,,,,,,
253,重铸90级无级别剑,1,9290101,1,,,,,,,,,9290101,10000000,201062,201063,9290101,100,,,,,,,,,,,,,,,,,,,,,,,,,,,,,,,,,,,,,,,,,,,,,,,,,,,,,,,,,,
254,重铸90级无级别枪,1,9290102,1,,,,,,,,,9290102,10000000,201062,201063,9290102,100,,,,,,,,,,,,,,,,,,,,,,,,,,,,,,,,,,,,,,,,,,,,,,,,,,,,,,,,,,
255,重铸90级无级别斧钺,1,9290103,1,,,,,,,,,9290103,10000000,201062,201063,9290103,100,,,,,,,,,,,,,,,,,,,,,,,,,,,,,,,,,,,,,,,,,,,,,,,,,,,,,,,,,,
256,重铸90级无级别扇,1,9290104,1,,,,,,,,,9290104,10000000,201062,201063,9290104,100,,,,,,,,,,,,,,,,,,,,,,,,,,,,,,,,,,,,,,,,,,,,,,,,,,,,,,,,,,
257,重铸90级无级别魔棒,1,9290105,1,,,,,,,,,9290105,10000000,201062,201063,9290105,100,,,,,,,,,,,,,,,,,,,,,,,,,,,,,,,,,,,,,,,,,,,,,,,,,,,,,,,,,,
258,重铸90级无级别爪刺,1,9290106,1,,,,,,,,,9290106,10000000,201062,201063,9290106,100,,,,,,,,,,,,,,,,,,,,,,,,,,,,,,,,,,,,,,,,,,,,,,,,,,,,,,,,,,
259,重铸90级无级别锤,1,9290107,1,,,,,,,,,9290107,10000000,201062,201063,9290107,100,,,,,,,,,,,,,,,,,,,,,,,,,,,,,,,,,,,,,,,,,,,,,,,,,,,,,,,,,,
260,重铸90级无级别鞭,1,9290108,1,,,,,,,,,9290108,10000000,201062,201063,9290108,100,,,,,,,,,,,,,,,,,,,,,,,,,,,,,,,,,,,,,,,,,,,,,,,,,,,,,,,,,,
261,重铸90级无级别环圈,1,9290109,1,,,,,,,,,9290109,10000000,201062,201063,9290109,100,,,,,,,,,,,,,,,,,,,,,,,,,,,,,,,,,,,,,,,,,,,,,,,,,,,,,,,,,,
262,重铸90级无级别弓,1,9290110,1,,,,,,,,,9290110,10000000,201062,201063,9290110,100,,,,,,,,,,,,,,,,,,,,,,,,,,,,,,,,,,,,,,,,,,,,,,,,,,,,,,,,,,
263,重铸90级无级别飘带,1,9290111,1,,,,,,,,,9290111,10000000,201062,201063,9290111,100,,,,,,,,,,,,,,,,,,,,,,,,,,,,,,,,,,,,,,,,,,,,,,,,,,,,,,,,,,
264,重铸90级无级别宝珠,1,9290112,1,,,,,,,,,9290112,10000000,201062,201063,9290112,100,,,,,,,,,,,,,,,,,,,,,,,,,,,,,,,,,,,,,,,,,,,,,,,,,,,,,,,,,,
265,重铸90级无级别长刀,1,9290113,1,,,,,,,,,9290113,10000000,201062,201063,9290113,100,,,,,,,,,,,,,,,,,,,,,,,,,,,,,,,,,,,,,,,,,,,,,,,,,,,,,,,,,,
266,重铸90级无级别双短剑,1,9290114,1,,,,,,,,,9290114,10000000,201062,201063,9290114,100,,,,,,,,,,,,,,,,,,,,,,,,,,,,,,,,,,,,,,,,,,,,,,,,,,,,,,,,,,
267,重铸90级无级别降魔杵,1,9290115,1,,,,,,,,,9290115,10000000,201062,201063,9290115,100,,,,,,,,,,,,,,,,,,,,,,,,,,,,,,,,,,,,,,,,,,,,,,,,,,,,,,,,,,
268,重铸90级无级别法杖,1,9290116,1,,,,,,,,,9290116,10000000,201062,201063,9290116,100,,,,,,,,,,,,,,,,,,,,,,,,,,,,,,,,,,,,,,,,,,,,,,,,,,,,,,,,,,
269,重铸90级无级别弯刀,1,9290117,1,,,,,,,,,9290117,10000000,201062,201063,9290117,100,,,,,,,,,,,,,,,,,,,,,,,,,,,,,,,,,,,,,,,,,,,,,,,,,,,,,,,,,,
270,重铸90级无级别男衣,1,9290220,1,,,,,,,,,9290220,10000000,201062,201063,9290220,100,,,,,,,,,,,,,,,,,,,,,,,,,,,,,,,,,,,,,,,,,,,,,,,,,,,,,,,,,,
271,重铸90级无级别女衣,1,9290221,1,,,,,,,,,9290221,10000000,201062,201063,9290221,100,,,,,,,,,,,,,,,,,,,,,,,,,,,,,,,,,,,,,,,,,,,,,,,,,,,,,,,,,,
272,重铸90级无级别头盔,1,9290322,1,,,,,,,,,9290322,10000000,201062,201063,9290322,100,,,,,,,,,,,,,,,,,,,,,,,,,,,,,,,,,,,,,,,,,,,,,,,,,,,,,,,,,,
273,重铸90级无级别发钗,1,9290323,1,,,,,,,,,9290323,10000000,201062,201063,9290323,100,,,,,,,,,,,,,,,,,,,,,,,,,,,,,,,,,,,,,,,,,,,,,,,,,,,,,,,,,,
274,重铸90级无级别项链,1,9290424,1,,,,,,,,,9290424,10000000,201062,201063,9290424,100,,,,,,,,,,,,,,,,,,,,,,,,,,,,,,,,,,,,,,,,,,,,,,,,,,,,,,,,,,
275,重铸90级无级别腰带,1,9290525,1,,,,,,,,,9290525,10000000,201062,201063,9290525,100,,,,,,,,,,,,,,,,,,,,,,,,,,,,,,,,,,,,,,,,,,,,,,,,,,,,,,,,,,
276,重铸90级无级别鞋,1,9290626,1,,,,,,,,,9290626,10000000,201062,201063,9290626,100,,,,,,,,,,,,,,,,,,,,,,,,,,,,,,,,,,,,,,,,,,,,,,,,,,,,,,,,,,
277,重铸100级无级别剑,1,9300101,1,,,,,,,,,9300101,10000000,201062,201063,9300101,100,,,,,,,,,,,,,,,,,,,,,,,,,,,,,,,,,,,,,,,,,,,,,,,,,,,,,,,,,,
278,重铸100级无级别枪,1,9300102,1,,,,,,,,,9300102,10000000,201062,201063,9300102,100,,,,,,,,,,,,,,,,,,,,,,,,,,,,,,,,,,,,,,,,,,,,,,,,,,,,,,,,,,
279,重铸100级无级别斧钺,1,9300103,1,,,,,,,,,9300103,10000000,201062,201063,9300103,100,,,,,,,,,,,,,,,,,,,,,,,,,,,,,,,,,,,,,,,,,,,,,,,,,,,,,,,,,,
280,重铸100级无级别扇,1,9300104,1,,,,,,,,,9300104,10000000,201062,201063,9300104,100,,,,,,,,,,,,,,,,,,,,,,,,,,,,,,,,,,,,,,,,,,,,,,,,,,,,,,,,,,
281,重铸100级无级别魔棒,1,9300105,1,,,,,,,,,9300105,10000000,201062,201063,9300105,100,,,,,,,,,,,,,,,,,,,,,,,,,,,,,,,,,,,,,,,,,,,,,,,,,,,,,,,,,,
282,重铸100级无级别爪刺,1,9300106,1,,,,,,,,,9300106,10000000,201062,201063,9300106,100,,,,,,,,,,,,,,,,,,,,,,,,,,,,,,,,,,,,,,,,,,,,,,,,,,,,,,,,,,
283,重铸100级无级别锤,1,9300107,1,,,,,,,,,9300107,10000000,201062,201063,9300107,100,,,,,,,,,,,,,,,,,,,,,,,,,,,,,,,,,,,,,,,,,,,,,,,,,,,,,,,,,,
284,重铸100级无级别鞭,1,9300108,1,,,,,,,,,9300108,10000000,201062,201063,9300108,100,,,,,,,,,,,,,,,,,,,,,,,,,,,,,,,,,,,,,,,,,,,,,,,,,,,,,,,,,,
285,重铸100级无级别环圈,1,9300109,1,,,,,,,,,9300109,10000000,201062,201063,9300109,100,,,,,,,,,,,,,,,,,,,,,,,,,,,,,,,,,,,,,,,,,,,,,,,,,,,,,,,,,,
286,重铸100级无级别弓,1,9300110,1,,,,,,,,,9300110,10000000,201062,201063,9300110,100,,,,,,,,,,,,,,,,,,,,,,,,,,,,,,,,,,,,,,,,,,,,,,,,,,,,,,,,,,
287,重铸100级无级别飘带,1,9300111,1,,,,,,,,,9300111,10000000,201062,201063,9300111,100,,,,,,,,,,,,,,,,,,,,,,,,,,,,,,,,,,,,,,,,,,,,,,,,,,,,,,,,,,
288,重铸100级无级别宝珠,1,9300112,1,,,,,,,,,9300112,10000000,201062,201063,9300112,100,,,,,,,,,,,,,,,,,,,,,,,,,,,,,,,,,,,,,,,,,,,,,,,,,,,,,,,,,,
289,重铸100级无级别长刀,1,9300113,1,,,,,,,,,9300113,10000000,201062,201063,9300113,100,,,,,,,,,,,,,,,,,,,,,,,,,,,,,,,,,,,,,,,,,,,,,,,,,,,,,,,,,,
290,重铸100级无级别双短剑,1,9300114,1,,,,,,,,,9300114,10000000,201062,201063,9300114,100,,,,,,,,,,,,,,,,,,,,,,,,,,,,,,,,,,,,,,,,,,,,,,,,,,,,,,,,,,
291,重铸100级无级别降魔杵,1,9300115,1,,,,,,,,,9300115,10000000,201062,201063,9300115,100,,,,,,,,,,,,,,,,,,,,,,,,,,,,,,,,,,,,,,,,,,,,,,,,,,,,,,,,,,
292,重铸100级无级别法杖,1,9300116,1,,,,,,,,,9300116,10000000,201062,201063,9300116,100,,,,,,,,,,,,,,,,,,,,,,,,,,,,,,,,,,,,,,,,,,,,,,,,,,,,,,,,,,
293,重铸100级无级别弯刀,1,9300117,1,,,,,,,,,9300117,10000000,201062,201063,9300117,100,,,,,,,,,,,,,,,,,,,,,,,,,,,,,,,,,,,,,,,,,,,,,,,,,,,,,,,,,,
294,重铸100级无级别男衣,1,9300220,1,,,,,,,,,9300220,10000000,201062,201063,9300220,100,,,,,,,,,,,,,,,,,,,,,,,,,,,,,,,,,,,,,,,,,,,,,,,,,,,,,,,,,,
295,重铸100级无级别女衣,1,9300221,1,,,,,,,,,9300221,10000000,201062,201063,9300221,100,,,,,,,,,,,,,,,,,,,,,,,,,,,,,,,,,,,,,,,,,,,,,,,,,,,,,,,,,,
296,重铸100级无级别头盔,1,9300322,1,,,,,,,,,9300322,10000000,201062,201063,9300322,100,,,,,,,,,,,,,,,,,,,,,,,,,,,,,,,,,,,,,,,,,,,,,,,,,,,,,,,,,,
297,重铸100级无级别发钗,1,9300323,1,,,,,,,,,9300323,10000000,201062,201063,9300323,100,,,,,,,,,,,,,,,,,,,,,,,,,,,,,,,,,,,,,,,,,,,,,,,,,,,,,,,,,,
298,重铸100级无级别项链,1,9300424,1,,,,,,,,,9300424,10000000,201062,201063,9300424,100,,,,,,,,,,,,,,,,,,,,,,,,,,,,,,,,,,,,,,,,,,,,,,,,,,,,,,,,,,
299,重铸100级无级别腰带,1,9300525,1,,,,,,,,,9300525,10000000,201062,201063,9300525,100,,,,,,,,,,,,,,,,,,,,,,,,,,,,,,,,,,,,,,,,,,,,,,,,,,,,,,,,,,
300,重铸100级无级别鞋,1,9300626,1,,,,,,,,,9300626,10000000,201062,201063,9300626,100,,,,,,,,,,,,,,,,,,,,,,,,,,,,,,,,,,,,,,,,,,,,,,,,,,,,,,,,,,
301,回收灵仙子卡,1,680746,1,,,,,,,,,600039,0,600039,201059,600039,100,,,,,,,,,,,,,,,,,,,,,,,,,,,,,,,,,,,,,,,,,,,,,,,,,,,,,,,,,,
302,回收狐一刀卡,1,680747,1,,,,,,,,,600039,0,600039,201059,600039,100,,,,,,,,,,,,,,,,,,,,,,,,,,,,,,,,,,,,,,,,,,,,,,,,,,,,,,,,,,
303,回收霸天熊猫卡,1,680748,1,,,,,,,,,600039,0,600039,201059,600039,100,,,,,,,,,,,,,,,,,,,,,,,,,,,,,,,,,,,,,,,,,,,,,,,,,,,,,,,,,,
304,回收虎力大仙卡,1,680750,1,,,,,,,,,600038,0,600038,201059,600038,100,,,,,,,,,,,,,,,,,,,,,,,,,,,,,,,,,,,,,,,,,,,,,,,,,,,,,,,,,,
305,回收汤圆卡,1,680751,1,,,,,,,,,600038,0,600038,201059,600038,100,,,,,,,,,,,,,,,,,,,,,,,,,,,,,,,,,,,,,,,,,,,,,,,,,,,,,,,,,,
306,回收吉里吉里卡,1,680729,1,,,,,,,,,600038,0,600038,201059,600038,100,,,,,,,,,,,,,,,,,,,,,,,,,,,,,,,,,,,,,,,,,,,,,,,,,,,,,,,,,,
307,回收咕噜咕噜卡,1,680730,1,,,,,,,,,600038,0,600038,201059,600038,100,,,,,,,,,,,,,,,,,,,,,,,,,,,,,,,,,,,,,,,,,,,,,,,,,,,,,,,,,,
308,回收火灵兽卡,1,680752,1,,,,,,,,,600037,0,600037,201059,600037,100,,,,,,,,,,,,,,,,,,,,,,,,,,,,,,,,,,,,,,,,,,,,,,,,,,,,,,,,,,
309,回收雷灵兽卡,1,680753,1,,,,,,,,,600037,0,600037,201059,600037,100,,,,,,,,,,,,,,,,,,,,,,,,,,,,,,,,,,,,,,,,,,,,,,,,,,,,,,,,,,
310,回收水灵兽卡,1,680754,1,,,,,,,,,600037,0,600037,201059,600037,100,,,,,,,,,,,,,,,,,,,,,,,,,,,,,,,,,,,,,,,,,,,,,,,,,,,,,,,,,,
311,回收土灵兽卡,1,680755,1,,,,,,,,,600037,0,600037,201059,600037,100,,,,,,,,,,,,,,,,,,,,,,,,,,,,,,,,,,,,,,,,,,,,,,,,,,,,,,,,,,
312,回收超级神羊卡,1,680721,1,,,,,,,,,600628,0,600036,201059,600036,100,,,,,,,,,,,,,,,,,,,,,,,,,,,,,,,,,,,,,,,,,,,,,,,,,,,,,,,,,,
313,回收超级泡泡卡,1,680722,1,,,,,,,,,600628,0,600036,201059,600036,100,,,,,,,,,,,,,,,,,,,,,,,,,,,,,,,,,,,,,,,,,,,,,,,,,,,,,,,,,,
314,回收超级九色鹿卡,1,680723,1,,,,,,,,,600628,0,600036,201059,600036,100,,,,,,,,,,,,,,,,,,,,,,,,,,,,,,,,,,,,,,,,,,,,,,,,,,,,,,,,,,
315,回收超级大熊猫卡,1,680724,1,,,,,,,,,600628,0,600036,201059,600036,100,,,,,,,,,,,,,,,,,,,,,,,,,,,,,,,,,,,,,,,,,,,,,,,,,,,,,,,,,,
316,回收超级神鸡卡,1,680725,1,,,,,,,,,600628,0,600036,201059,600036,100,,,,,,,,,,,,,,,,,,,,,,,,,,,,,,,,,,,,,,,,,,,,,,,,,,,,,,,,,,
317,回收超级神猴卡,1,680726,1,,,,,,,,,600628,0,600036,201059,600036,100,,,,,,,,,,,,,,,,,,,,,,,,,,,,,,,,,,,,,,,,,,,,,,,,,,,,,,,,,,
318,回收超级赤焰兽卡,1,680727,1,,,,,,,,,600628,0,600036,201059,600036,100,,,,,,,,,,,,,,,,,,,,,,,,,,,,,,,,,,,,,,,,,,,,,,,,,,,,,,,,,,
319,回收超级神龙卡,1,680728,1,,,,,,,,,600628,0,600036,201059,600036,100,,,,,,,,,,,,,,,,,,,,,,,,,,,,,,,,,,,,,,,,,,,,,,,,,,,,,,,,,,
320,回收鬼将卡,1,680733,1,,,,,,,,,600040,0,600040,201059,600040,100,,,,,,,,,,,,,,,,,,,,,,,,,,,,,,,,,,,,,,,,,,,,,,,,,,,,,,,,,,
321,回收幽冥书生卡,1,680734,1,,,,,,,,,600040,0,600040,201059,600040,100,,,,,,,,,,,,,,,,,,,,,,,,,,,,,,,,,,,,,,,,,,,,,,,,,,,,,,,,,,
322,回收巨灵神将卡,1,680735,1,,,,,,,,,600040,0,600040,201059,600040,100,,,,,,,,,,,,,,,,,,,,,,,,,,,,,,,,,,,,,,,,,,,,,,,,,,,,,,,,,,
323,回收珍露童子卡,1,680736,1,,,,,,,,,600040,0,600040,201059,600040,100,,,,,,,,,,,,,,,,,,,,,,,,,,,,,,,,,,,,,,,,,,,,,,,,,,,,,,,,,,
324,回收巡游天神卡,1,680737,1,,,,,,,,,600040,0,600040,201059,600040,100,,,,,,,,,,,,,,,,,,,,,,,,,,,,,,,,,,,,,,,,,,,,,,,,,,,,,,,,,,
325,回收噬天虎卡,1,680738,1,,,,,,,,,600041,0,600041,201059,600041,100,,,,,,,,,,,,,,,,,,,,,,,,,,,,,,,,,,,,,,,,,,,,,,,,,,,,,,,,,,
326,回收雾中仙卡,1,680739,1,,,,,,,,,600041,0,600041,201059,600041,100,,,,,,,,,,,,,,,,,,,,,,,,,,,,,,,,,,,,,,,,,,,,,,,,,,,,,,,,,,
327,回收净瓶女娲卡,1,680740,1,,,,,,,,,600041,0,600041,201059,600041,100,,,,,,,,,,,,,,,,,,,,,,,,,,,,,,,,,,,,,,,,,,,,,,,,,,,,,,,,,,
328,回收灵符女娲卡,1,680741,1,,,,,,,,,600041,0,600041,201059,600041,100,,,,,,,,,,,,,,,,,,,,,,,,,,,,,,,,,,,,,,,,,,,,,,,,,,,,,,,,,,
329,回收律法女娲卡,1,680742,1,,,,,,,,,600041,0,600041,201059,600041,100,,,,,,,,,,,,,,,,,,,,,,,,,,,,,,,,,,,,,,,,,,,,,,,,,,,,,,,,,,
330,回收鬼剑卡,1,680743,1,,,,,,,,,600041,0,600041,201059,600041,100,,,,,,,,,,,,,,,,,,,,,,,,,,,,,,,,,,,,,,,,,,,,,,,,,,,,,,,,,,
331,回收嘲风卡,1,680744,1,,,,,,,,,600041,0,600041,201059,600041,100,,,,,,,,,,,,,,,,,,,,,,,,,,,,,,,,,,,,,,,,,,,,,,,,,,,,,,,,,,
332,回收大力金刚卡,1,680745,1,,,,,,,,,600041,0,600041,201059,600041,100,,,,,,,,,,,,,,,,,,,,,,,,,,,,,,,,,,,,,,,,,,,,,,,,,,,,,,,,,,
400,火灵兽,1,339008,20,,,,,,,,,690001,0,203001,193113,690001,100,,,,,,,,,,,,,,,,,,,,,,,,,,,,,,,,,,,,,,,,,,,,,,,,,,,,,,,,,,
706,中级光芒石,1,35136,3,240008,5,710078,9,,,,,,,203035,203036,35145,70,35136,15,35136,15,,,,,,,,,,,,,,,,,,,,,,,,,,,,,,,,,,,,,,,,,,,,,,,,,,,,,,
707,中级太阳石,1,35137,3,240008,5,710078,9,,,,,,,203035,203036,35146,70,35137,15,35137,15,,,,,,,,,,,,,,,,,,,,,,,,,,,,,,,,,,,,,,,,,,,,,,,,,,,,,,
708,中级月亮石,1,35138,3,240008,5,710078,9,,,,,,,203035,203036,35147,70,35138,15,35138,15,,,,,,,,,,,,,,,,,,,,,,,,,,,,,,,,,,,,,,,,,,,,,,,,,,,,,,
709,中级舍利子,1,35139,3,240008,5,710078,9,,,,,,,203035,203036,35148,70,35139,15,35139,15,,,,,,,,,,,,,,,,,,,,,,,,,,,,,,,,,,,,,,,,,,,,,,,,,,,,,,
710,中级翡翠石,1,35140,3,240008,5,710078,9,,,,,,,203035,203036,35149,70,35140,15,35140,15,,,,,,,,,,,,,,,,,,,,,,,,,,,,,,,,,,,,,,,,,,,,,,,,,,,,,,
711,中级黑宝石,1,35141,3,240008,5,710078,9,,,,,,,203035,203036,35150,70,35141,15,35141,15,,,,,,,,,,,,,,,,,,,,,,,,,,,,,,,,,,,,,,,,,,,,,,,,,,,,,,
712,中级昆仑玉,1,35142,3,240008,5,710078,9,,,,,,,203035,203036,35151,70,35142,15,35142,15,,,,,,,,,,,,,,,,,,,,,,,,,,,,,,,,,,,,,,,,,,,,,,,,,,,,,,
713,中级红纹石,1,35143,3,240008,5,710078,9,,,,,,,203035,203036,35152,70,35143,15,35143,15,,,,,,,,,,,,,,,,,,,,,,,,,,,,,,,,,,,,,,,,,,,,,,,,,,,,,,
714,中级神秘石,1,35144,3,240008,5,710078,9,,,,,,,203035,203036,35153,70,35144,15,35144,15,,,,,,,,,,,,,,,,,,,,,,,,,,,,,,,,,,,,,,,,,,,,,,,,,,,,,,
715,高阶光芒石,1,35145,3,240008,10,710078,11,,,,,,,203035,203036,35154,50,35145,25,35145,25,,,,,,,,,,,,,,,,,,,,,,,,,,,,,,,,,,,,,,,,,,,,,,,,,,,,,,
716,高阶太阳石,1,35146,3,240008,10,710078,11,,,,,,,203035,203036,35155,50,35146,25,35146,25,,,,,,,,,,,,,,,,,,,,,,,,,,,,,,,,,,,,,,,,,,,,,,,,,,,,,,
717,高阶月亮石,1,35147,3,240008,10,710078,11,,,,,,,203035,203036,35156,50,35147,25,35147,25,,,,,,,,,,,,,,,,,,,,,,,,,,,,,,,,,,,,,,,,,,,,,,,,,,,,,,
718,高阶舍利子,1,35148,3,240008,10,710078,11,,,,,,,203035,203036,35157,50,35148,25,35148,25,,,,,,,,,,,,,,,,,,,,,,,,,,,,,,,,,,,,,,,,,,,,,,,,,,,,,,
719,高阶翡翠石,1,35149,3,240008,10,710078,11,,,,,,,203035,203036,35158,50,35149,25,35149,25,,,,,,,,,,,,,,,,,,,,,,,,,,,,,,,,,,,,,,,,,,,,,,,,,,,,,,
720,高阶黑宝石,1,35150,3,240008,10,710078,11,,,,,,,203035,203036,35159,50,35150,25,35150,25,,,,,,,,,,,,,,,,,,,,,,,,,,,,,,,,,,,,,,,,,,,,,,,,,,,,,,
721,高阶昆仑玉,1,35151,3,240008,10,710078,11,,,,,,,203035,203036,35160,50,35151,25,35151,25,,,,,,,,,,,,,,,,,,,,,,,,,,,,,,,,,,,,,,,,,,,,,,,,,,,,,,
722,高阶红纹石,1,35152,3,240008,10,710078,11,,,,,,,203035,203036,35161,50,35152,25,35152,25,,,,,,,,,,,,,,,,,,,,,,,,,,,,,,,,,,,,,,,,,,,,,,,,,,,,,,
723,高阶神秘石,1,35153,3,240008,10,710078,11,,,,,,,203035,203036,35162,50,35153,25,35153,25,,,,,,,,,,,,,,,,,,,,,,,,,,,,,,,,,,,,,,,,,,,,,,,,,,,,,,
724,稀有光芒石,1,35154,3,240008,15,710078,13,,,,,,,203035,203036,35163,30,35154,35,35154,35,,,,,,,,,,,,,,,,,,,,,,,,,,,,,,,,,,,,,,,,,,,,,,,,,,,,,,
725,稀有太阳石,1,35155,3,240008,15,710078,13,,,,,,,203035,203036,35164,30,35155,35,35155,35,,,,,,,,,,,,,,,,,,,,,,,,,,,,,,,,,,,,,,,,,,,,,,,,,,,,,,
726,稀有月亮石,1,35156,3,240008,15,710078,13,,,,,,,203035,203036,35165,30,35156,35,35156,35,,,,,,,,,,,,,,,,,,,,,,,,,,,,,,,,,,,,,,,,,,,,,,,,,,,,,,
727,稀有舍利子,1,35157,3,240008,15,710078,13,,,,,,,203035,203036,35166,30,35157,35,35157,35,,,,,,,,,,,,,,,,,,,,,,,,,,,,,,,,,,,,,,,,,,,,,,,,,,,,,,
728,稀有翡翠石,1,35158,3,240008,15,710078,13,,,,,,,203035,203036,35167,30,35158,35,35158,35,,,,,,,,,,,,,,,,,,,,,,,,,,,,,,,,,,,,,,,,,,,,,,,,,,,,,,
729,稀有黑宝石,1,35159,3,240008,15,710078,13,,,,,,,203035,203036,35168,30,35159,35,35159,35,,,,,,,,,,,,,,,,,,,,,,,,,,,,,,,,,,,,,,,,,,,,,,,,,,,,,,
730,稀有昆仑玉,1,35160,3,240008,15,710078,13,,,,,,,203035,203036,35169,30,35160,35,35160,35,,,,,,,,,,,,,,,,,,,,,,,,,,,,,,,,,,,,,,,,,,,,,,,,,,,,,,
731,稀有红纹石,1,35161,3,240008,15,710078,13,,,,,,,203035,203036,35170,30,35161,35,35161,35,,,,,,,,,,,,,,,,,,,,,,,,,,,,,,,,,,,,,,,,,,,,,,,,,,,,,,
732,稀有神秘石,1,35162,3,240008,15,710078,13,,,,,,,203035,203036,35171,30,35162,35,35162,35,,,,,,,,,,,,,,,,,,,,,,,,,,,,,,,,,,,,,,,,,,,,,,,,,,,,,,
733,史诗光芒石,1,35163,3,240008,20,710078,15,,,,,,,203035,203036,35172,20,35163,40,35163,40,,,,,,,,,,,,,,,,,,,,,,,,,,,,,,,,,,,,,,,,,,,,,,,,,,,,,,
734,史诗太阳石,1,35164,3,240008,20,710078,15,,,,,,,203035,203036,35173,20,35164,40,35164,40,,,,,,,,,,,,,,,,,,,,,,,,,,,,,,,,,,,,,,,,,,,,,,,,,,,,,,
735,史诗月亮石,1,35165,3,240008,20,710078,15,,,,,,,203035,203036,35174,20,35165,40,35165,40,,,,,,,,,,,,,,,,,,,,,,,,,,,,,,,,,,,,,,,,,,,,,,,,,,,,,,
736,史诗舍利子,1,35166,3,240008,20,710078,15,,,,,,,203035,203036,35175,20,35166,40,35166,40,,,,,,,,,,,,,,,,,,,,,,,,,,,,,,,,,,,,,,,,,,,,,,,,,,,,,,
737,史诗翡翠石,1,35167,3,240008,20,710078,15,,,,,,,203035,203036,35176,20,35167,40,35167,40,,,,,,,,,,,,,,,,,,,,,,,,,,,,,,,,,,,,,,,,,,,,,,,,,,,,,,
738,史诗黑宝石,1,35168,3,240008,20,710078,15,,,,,,,203035,203036,35177,20,35168,40,35168,40,,,,,,,,,,,,,,,,,,,,,,,,,,,,,,,,,,,,,,,,,,,,,,,,,,,,,,
739,史诗昆仑玉,1,35169,3,240008,20,710078,15,,,,,,,203035,203036,35178,20,35169,40,35169,40,,,,,,,,,,,,,,,,,,,,,,,,,,,,,,,,,,,,,,,,,,,,,,,,,,,,,,
740,史诗红纹石,1,35170,3,240008,20,710078,15,,,,,,,203035,203036,35179,20,35170,40,35170,40,,,,,,,,,,,,,,,,,,,,,,,,,,,,,,,,,,,,,,,,,,,,,,,,,,,,,,
741,史诗神秘石,1,35171,3,240008,20,710078,15,,,,,,,203035,203036,35180,20,35171,40,35171,40,,,,,,,,,,,,,,,,,,,,,,,,,,,,,,,,,,,,,,,,,,,,,,,,,,,,,,
742,传说光芒石,1,35172,3,240008,25,710078,18,,,,,,,203035,203036,35181,10,35172,45,35172,45,,,,,,,,,,,,,,,,,,,,,,,,,,,,,,,,,,,,,,,,,,,,,,,,,,,,,,
743,传说太阳石,1,35173,3,240008,25,710078,18,,,,,,,203035,203036,35182,10,35173,45,35173,45,,,,,,,,,,,,,,,,,,,,,,,,,,,,,,,,,,,,,,,,,,,,,,,,,,,,,,
744,传说月亮石,1,35174,3,240008,25,710078,18,,,,,,,203035,203036,35183,10,35174,45,35174,45,,,,,,,,,,,,,,,,,,,,,,,,,,,,,,,,,,,,,,,,,,,,,,,,,,,,,,
745,传说舍利子,1,35175,3,240008,25,710078,18,,,,,,,203035,203036,35184,10,35175,45,35175,45,,,,,,,,,,,,,,,,,,,,,,,,,,,,,,,,,,,,,,,,,,,,,,,,,,,,,,
746,传说翡翠石,1,35176,3,240008,25,710078,18,,,,,,,203035,203036,35185,10,35176,45,35176,45,,,,,,,,,,,,,,,,,,,,,,,,,,,,,,,,,,,,,,,,,,,,,,,,,,,,,,
747,传说黑宝石,1,35177,3,240008,25,710078,18,,,,,,,203035,203036,35186,10,35177,45,35177,45,,,,,,,,,,,,,,,,,,,,,,,,,,,,,,,,,,,,,,,,,,,,,,,,,,,,,,
748,传说昆仑玉,1,35178,3,240008,25,710078,18,,,,,,,203035,203036,35187,10,35178,45,35178,45,,,,,,,,,,,,,,,,,,,,,,,,,,,,,,,,,,,,,,,,,,,,,,,,,,,,,,
749,传说红纹石,1,35179,3,240008,25,710078,18,,,,,,,203035,203036,35188,10,35179,45,35179,45,,,,,,,,,,,,,,,,,,,,,,,,,,,,,,,,,,,,,,,,,,,,,,,,,,,,,,
750,传说神秘石,1,35180,3,240008,25,710078,18,,,,,,,203035,203036,35189,10,35180,45,35180,45,,,,,,,,,,,,,,,,,,,,,,,,,,,,,,,,,,,,,,,,,,,,,,,,,,,,,,
751,神话光芒石,1,35181,3,240008,30,710078,21,,,,,,,203035,203036,35190,5,35181,50,35181,50,,,,,,,,,,,,,,,,,,,,,,,,,,,,,,,,,,,,,,,,,,,,,,,,,,,,,,
752,神话太阳石,1,35182,3,240008,30,710078,21,,,,,,,203035,203036,35191,5,35182,50,35182,50,,,,,,,,,,,,,,,,,,,,,,,,,,,,,,,,,,,,,,,,,,,,,,,,,,,,,,
753,神话月亮石,1,35183,3,240008,30,710078,21,,,,,,,203035,203036,35192,5,35183,50,35183,50,,,,,,,,,,,,,,,,,,,,,,,,,,,,,,,,,,,,,,,,,,,,,,,,,,,,,,
754,神话舍利子,1,35184,3,240008,30,710078,21,,,,,,,203035,203036,35193,5,35184,50,35184,50,,,,,,,,,,,,,,,,,,,,,,,,,,,,,,,,,,,,,,,,,,,,,,,,,,,,,,
755,神话翡翠石,1,35185,3,240008,30,710078,21,,,,,,,203035,203036,35194,5,35185,50,35185,50,,,,,,,,,,,,,,,,,,,,,,,,,,,,,,,,,,,,,,,,,,,,,,,,,,,,,,
756,神话黑宝石,1,35186,3,240008,30,710078,21,,,,,,,203035,203036,35195,5,35186,50,35186,50,,,,,,,,,,,,,,,,,,,,,,,,,,,,,,,,,,,,,,,,,,,,,,,,,,,,,,
757,神话昆仑玉,1,35187,3,240008,30,710078,21,,,,,,,203035,203036,35196,5,35187,50,35187,50,,,,,,,,,,,,,,,,,,,,,,,,,,,,,,,,,,,,,,,,,,,,,,,,,,,,,,
758,神话红纹石,1,35188,3,240008,30,710078,21,,,,,,,203035,203036,35197,5,35188,50,35188,50,,,,,,,,,,,,,,,,,,,,,,,,,,,,,,,,,,,,,,,,,,,,,,,,,,,,,,
759,神话神秘石,1,35189,3,240008,30,710078,21,,,,,,,203035,203036,35198,5,35189,50,35189,50,,,,,,,,,,,,,,,,,,,,,,,,,,,,,,,,,,,,,,,,,,,,,,,,,,,,,,
760,灭世光芒石,1,35190,3,240008,35,710078,23,,,,,,,203035,203036,35199,1,35190,75,35190,75,,,,,,,,,,,,,,,,,,,,,,,,,,,,,,,,,,,,,,,,,,,,,,,,,,,,,,
761,灭世太阳石,1,35191,3,240008,35,710078,23,,,,,,,203035,203036,35200,1,35191,75,35191,75,,,,,,,,,,,,,,,,,,,,,,,,,,,,,,,,,,,,,,,,,,,,,,,,,,,,,,
762,灭世月亮石,1,35192,3,240008,35,710078,23,,,,,,,203035,203036,35201,1,35192,75,35192,75,,,,,,,,,,,,,,,,,,,,,,,,,,,,,,,,,,,,,,,,,,,,,,,,,,,,,,
763,灭世舍利子,1,35193,3,240008,35,710078,23,,,,,,,203035,203036,35202,1,35193,75,35193,75,,,,,,,,,,,,,,,,,,,,,,,,,,,,,,,,,,,,,,,,,,,,,,,,,,,,,,
764,灭世翡翠石,1,35194,3,240008,35,710078,23,,,,,,,203035,203036,35203,1,35194,75,35194,75,,,,,,,,,,,,,,,,,,,,,,,,,,,,,,,,,,,,,,,,,,,,,,,,,,,,,,
765,灭世黑宝石,1,35195,3,240008,35,710078,23,,,,,,,203035,203036,35204,1,35195,75,35195,75,,,,,,,,,,,,,,,,,,,,,,,,,,,,,,,,,,,,,,,,,,,,,,,,,,,,,,
766,灭世昆仑玉,1,35196,3,240008,35,710078,23,,,,,,,203035,203036,35205,1,35196,75,35196,75,,,,,,,,,,,,,,,,,,,,,,,,,,,,,,,,,,,,,,,,,,,,,,,,,,,,,,
767,灭世红纹石,1,35197,3,240008,35,710078,23,,,,,,,203035,203036,35206,1,35197,75,35197,75,,,,,,,,,,,,,,,,,,,,,,,,,,,,,,,,,,,,,,,,,,,,,,,,,,,,,,
768,灭世神秘石,1,35198,3,240008,35,710078,23,,,,,,,203035,203036,35207,1,35198,75,35198,75,,,,,,,,,,,,,,,,,,,,,,,,,,,,,,,,,,,,,,,,,,,,,,,,,,,,,,
769,中级神力珠,1,35503,2,240007,5,710078,35,,,,,,,203035,203036,35504,99,35503,99,35503,99,,,,,,,,,,,,,,,,,,,,,,,,,,,,,,,,,,,,,,,,,,,,,,,,,,,,,,
770,高阶神力珠,1,35504,2,240007,10,710078,40,,,,,,,203035,203036,35505,70,35504,99,35504,99,,,,,,,,,,,,,,,,,,,,,,,,,,,,,,,,,,,,,,,,,,,,,,,,,,,,,,
771,灵韵神力珠,1,35505,2,240007,15,710078,45,,,,,,,203035,203036,35506,50,35505,99,35505,99,,,,,,,,,,,,,,,,,,,,,,,,,,,,,,,,,,,,,,,,,,,,,,,,,,,,,,
772,珍品神力珠,1,35506,2,240007,20,710078,50,,,,,,,203035,203036,35507,40,35506,99,35506,99,,,,,,,,,,,,,,,,,,,,,,,,,,,,,,,,,,,,,,,,,,,,,,,,,,,,,,
773,史诗神力珠,1,35507,2,240007,25,710078,55,,,,,,,203035,203036,35508,30,35507,99,35507,99,,,,,,,,,,,,,,,,,,,,,,,,,,,,,,,,,,,,,,,,,,,,,,,,,,,,,,
774,传说神力珠,1,35508,2,240007,30,710078,60,,,,,,,203035,203036,35509,20,35508,99,35508,99,,,,,,,,,,,,,,,,,,,,,,,,,,,,,,,,,,,,,,,,,,,,,,,,,,,,,,
775,圣品神力珠,1,35509,2,240007,35,710078,65,,,,,,,203035,203036,35510,10,35509,99,35509,99,,,,,,,,,,,,,,,,,,,,,,,,,,,,,,,,,,,,,,,,,,,,,,,,,,,,,,
776,神话神力珠,1,35510,2,240007,40,710078,70,,,,,,,203035,203036,35511,9,35510,99,35510,99,,,,,,,,,,,,,,,,,,,,,,,,,,,,,,,,,,,,,,,,,,,,,,,,,,,,,,
777,鸿蒙神力珠,1,35511,2,240007,45,710078,75,,,,,,,203035,203036,35512,7,35511,99,35511,99,,,,,,,,,,,,,,,,,,,,,,,,,,,,,,,,,,,,,,,,,,,,,,,,,,,,,,
778,混沌神力珠,1,35512,2,240007,50,710078,80,,,,,,,203035,203036,35513,5,35512,99,35512,99,,,,,,,,,,,,,,,,,,,,,,,,,,,,,,,,,,,,,,,,,,,,,,,,,,,,,,
779,灭世神力珠,1,35513,2,240007,55,710078,85,,,,,,,203035,203036,35514,1,35513,99,35513,99,,,,,,,,,,,,,,,,,,,,,,,,,,,,,,,,,,,,,,,,,,,,,,,,,,,,,,
780,中级魔蕴珠,1,35515,2,240007,5,710078,35,,,,,,,203035,203036,35516,99,35515,99,35515,99,,,,,,,,,,,,,,,,,,,,,,,,,,,,,,,,,,,,,,,,,,,,,,,,,,,,,,
781,高阶魔蕴珠,1,35516,2,240007,10,710078,40,,,,,,,203035,203036,35517,70,35516,99,35516,99,,,,,,,,,,,,,,,,,,,,,,,,,,,,,,,,,,,,,,,,,,,,,,,,,,,,,,
782,灵韵魔蕴珠,1,35517,2,240007,15,710078,45,,,,,,,203035,203036,35518,50,35517,99,35517,99,,,,,,,,,,,,,,,,,,,,,,,,,,,,,,,,,,,,,,,,,,,,,,,,,,,,,,
783,珍品魔蕴珠,1,35518,2,240007,20,710078,50,,,,,,,203035,203036,35519,40,35518,99,35518,99,,,,,,,,,,,,,,,,,,,,,,,,,,,,,,,,,,,,,,,,,,,,,,,,,,,,,,
784,史诗魔蕴珠,1,35519,2,240007,25,710078,55,,,,,,,203035,203036,35520,30,35519,99,35519,99,,,,,,,,,,,,,,,,,,,,,,,,,,,,,,,,,,,,,,,,,,,,,,,,,,,,,,
785,传说魔蕴珠,1,35520,2,240007,30,710078,60,,,,,,,203035,203036,35521,20,35520,99,35520,99,,,,,,,,,,,,,,,,,,,,,,,,,,,,,,,,,,,,,,,,,,,,,,,,,,,,,,
786,圣品魔蕴珠,1,35521,2,240007,35,710078,65,,,,,,,203035,203036,35522,10,35521,99,35521,99,,,,,,,,,,,,,,,,,,,,,,,,,,,,,,,,,,,,,,,,,,,,,,,,,,,,,,
787,神话魔蕴珠,1,35522,2,240007,40,710078,70,,,,,,,203035,203036,35523,9,35522,99,35522,99,,,,,,,,,,,,,,,,,,,,,,,,,,,,,,,,,,,,,,,,,,,,,,,,,,,,,,
788,鸿蒙魔蕴珠,1,35523,2,240007,45,710078,75,,,,,,,203035,203036,35524,7,35523,99,35523,99,,,,,,,,,,,,,,,,,,,,,,,,,,,,,,,,,,,,,,,,,,,,,,,,,,,,,,
789,混沌魔蕴珠,1,35524,2,240007,50,710078,80,,,,,,,203035,203036,35525,5,35524,99,35524,99,,,,,,,,,,,,,,,,,,,,,,,,,,,,,,,,,,,,,,,,,,,,,,,,,,,,,,
790,灭世魔蕴珠,1,35525,2,240007,55,710078,85,,,,,,,203035,203036,35526,1,35525,99,35525,99,,,,,,,,,,,,,,,,,,,,,,,,,,,,,,,,,,,,,,,,,,,,,,,,,,,,,,
791,中级神魄珠,1,35527,2,240007,5,710078,35,,,,,,,203035,203036,35528,99,35527,99,35527,99,,,,,,,,,,,,,,,,,,,,,,,,,,,,,,,,,,,,,,,,,,,,,,,,,,,,,,
792,高阶神魄珠,1,35528,2,240007,10,710078,40,,,,,,,203035,203036,35529,70,35528,99,35528,99,,,,,,,,,,,,,,,,,,,,,,,,,,,,,,,,,,,,,,,,,,,,,,,,,,,,,,
793,灵韵神魄珠,1,35529,2,240007,15,710078,45,,,,,,,203035,203036,35530,50,35529,99,35529,99,,,,,,,,,,,,,,,,,,,,,,,,,,,,,,,,,,,,,,,,,,,,,,,,,,,,,,
794,珍品神魄珠,1,35530,2,240007,20,710078,50,,,,,,,203035,203036,35531,40,35530,99,35530,99,,,,,,,,,,,,,,,,,,,,,,,,,,,,,,,,,,,,,,,,,,,,,,,,,,,,,,
795,史诗神魄珠,1,35531,2,240007,25,710078,55,,,,,,,203035,203036,35532,30,35531,99,35531,99,,,,,,,,,,,,,,,,,,,,,,,,,,,,,,,,,,,,,,,,,,,,,,,,,,,,,,
796,传说神魄珠,1,35532,2,240007,30,710078,60,,,,,,,203035,203036,35533,20,35532,99,35532,99,,,,,,,,,,,,,,,,,,,,,,,,,,,,,,,,,,,,,,,,,,,,,,,,,,,,,,
797,圣品神魄珠,1,35533,2,240007,35,710078,65,,,,,,,203035,203036,35534,10,35533,99,35533,99,,,,,,,,,,,,,,,,,,,,,,,,,,,,,,,,,,,,,,,,,,,,,,,,,,,,,,
798,神话神魄珠,1,35534,2,240007,40,710078,70,,,,,,,203035,203036,35535,9,35534,99,35534,99,,,,,,,,,,,,,,,,,,,,,,,,,,,,,,,,,,,,,,,,,,,,,,,,,,,,,,
799,鸿蒙神魄珠,1,35535,2,240007,45,710078,75,,,,,,,203035,203036,35536,7,35535,99,35535,99,,,,,,,,,,,,,,,,,,,,,,,,,,,,,,,,,,,,,,,,,,,,,,,,,,,,,,
800,混沌神魄珠,1,35536,2,240007,50,710078,80,,,,,,,203035,203036,35537,5,35536,99,35536,99,,,,,,,,,,,,,,,,,,,,,,,,,,,,,,,,,,,,,,,,,,,,,,,,,,,,,,
801,灭世神魄珠,1,35537,2,240007,55,710078,85,,,,,,,203035,203036,35538,1,35537,99,35537,99,,,,,,,,,,,,,,,,,,,,,,,,,,,,,,,,,,,,,,,,,,,,,,,,,,,,,,
802,中级风灵珠,1,35539,2,240007,5,710078,35,,,,,,,203035,203036,35540,99,35539,99,35539,99,,,,,,,,,,,,,,,,,,,,,,,,,,,,,,,,,,,,,,,,,,,,,,,,,,,,,,
803,高阶风灵珠,1,35540,2,240007,10,710078,40,,,,,,,203035,203036,35541,70,35540,99,35540,99,,,,,,,,,,,,,,,,,,,,,,,,,,,,,,,,,,,,,,,,,,,,,,,,,,,,,,
804,灵韵风灵珠,1,35541,2,240007,15,710078,45,,,,,,,203035,203036,35542,50,35541,99,35541,99,,,,,,,,,,,,,,,,,,,,,,,,,,,,,,,,,,,,,,,,,,,,,,,,,,,,,,
805,珍品风灵珠,1,35542,2,240007,20,710078,50,,,,,,,203035,203036,35543,40,35542,99,35542,99,,,,,,,,,,,,,,,,,,,,,,,,,,,,,,,,,,,,,,,,,,,,,,,,,,,,,,
806,史诗风灵珠,1,35543,2,240007,25,710078,55,,,,,,,203035,203036,35544,30,35543,99,35543,99,,,,,,,,,,,,,,,,,,,,,,,,,,,,,,,,,,,,,,,,,,,,,,,,,,,,,,
807,传说风灵珠,1,35544,2,240007,30,710078,60,,,,,,,203035,203036,35545,20,35544,99,35544,99,,,,,,,,,,,,,,,,,,,,,,,,,,,,,,,,,,,,,,,,,,,,,,,,,,,,,,
808,圣品风灵珠,1,35545,2,240007,35,710078,65,,,,,,,203035,203036,35546,10,35545,99,35545,99,,,,,,,,,,,,,,,,,,,,,,,,,,,,,,,,,,,,,,,,,,,,,,,,,,,,,,
809,神话风灵珠,1,35546,2,240007,40,710078,70,,,,,,,203035,203036,35547,9,35546,99,35546,99,,,,,,,,,,,,,,,,,,,,,,,,,,,,,,,,,,,,,,,,,,,,,,,,,,,,,,
810,鸿蒙风灵珠,1,35547,2,240007,45,710078,75,,,,,,,203035,203036,35548,7,35547,99,35547,99,,,,,,,,,,,,,,,,,,,,,,,,,,,,,,,,,,,,,,,,,,,,,,,,,,,,,,
811,混沌风灵珠,1,35548,2,240007,50,710078,80,,,,,,,203035,203036,35549,5,35548,99,35548,99,,,,,,,,,,,,,,,,,,,,,,,,,,,,,,,,,,,,,,,,,,,,,,,,,,,,,,
812,灭世风灵珠,1,35549,2,240007,55,710078,85,,,,,,,203035,203036,35550,1,35549,99,35549,99,,,,,,,,,,,,,,,,,,,,,,,,,,,,,,,,,,,,,,,,,,,,,,,,,,,,,,
861,专属法宝自选,1,240010,1,240011,1,240012,1,240013,1,,,927050,0,203040,203039,927050,100,,,,,,,,,,,,,,,,,,,,,,,,,,,,,,,,,,,,,,,,,,,,,,,,,,,,,,,,,,
866,棒棒糖,1,240015,1,240016,1,240017,1,240018,1,,,310105,0,203040,203039,310105,100,,,,,,,,,,,,,,,,,,,,,,,,,,,,,,,,,,,,,,,,,,,,,,,,,,,,,,,,,,
900,120钨金,1,680006,3,,,,,,,,,,,193115,193116,680007,50,923001,50,,,,,,,,,,,,,,,,,,,,,,,,,,,,,,,,,,,,,,,,,,,,,,,,,,,,,,,,
901,130钨金,1,680007,3,,,,,,,,,,,193115,193116,680008,50,923001,50,,,,,,,,,,,,,,,,,,,,,,,,,,,,,,,,,,,,,,,,,,,,,,,,,,,,,,,,
902,140钨金,1,680008,3,,,,,,,,,,,193115,193116,680009,50,923002,50,,,,,,,,,,,,,,,,,,,,,,,,,,,,,,,,,,,,,,,,,,,,,,,,,,,,,,,,
903,150钨金,1,680009,3,,,,,,,,,,,193115,193116,680010,50,923002,50,,,,,,,,,,,,,,,,,,,,,,,,,,,,,,,,,,,,,,,,,,,,,,,,,,,,,,,,
904,160钨金,1,680010,3,,,,,,,,,,,193115,193116,680011,50,923003,50,,,,,,,,,,,,,,,,,,,,,,,,,,,,,,,,,,,,,,,,,,,,,,,,,,,,,,,,
905,器灵•逆鳞,1,921004,50,921005,1,,,,,,,,,193115,193116,920000,100,,,,,,,,,,,,,,,,,,,,,,,,,,,,,,,,,,,,,,,,,,,,,,,,,,,,,,,,,,
906,器灵•顺甲,1,921004,50,921005,1,,,,,,,,,193115,193116,920001,100,,,,,,,,,,,,,,,,,,,,,,,,,,,,,,,,,,,,,,,,,,,,,,,,,,,,,,,,,,
907,器灵•安陆,1,921004,50,921005,1,,,,,,,,,193115,193116,920002,100,,,,,,,,,,,,,,,,,,,,,,,,,,,,,,,,,,,,,,,,,,,,,,,,,,,,,,,,,,
908,器灵•齐云,1,921004,50,921005,1,,,,,,,,,193115,193116,920003,100,,,,,,,,,,,,,,,,,,,,,,,,,,,,,,,,,,,,,,,,,,,,,,,,,,,,,,,,,,
909,器灵•照夜,1,921004,100,921005,10,,,,,,,,,193115,193116,920004,100,,,,,,,,,,,,,,,,,,,,,,,,,,,,,,,,,,,,,,,,,,,,,,,,,,,,,,,,,,
910,器灵•青岚,1,921004,100,921005,10,,,,,,,,,193115,193116,920005,100,,,,,,,,,,,,,,,,,,,,,,,,,,,,,,,,,,,,,,,,,,,,,,,,,,,,,,,,,,
911,器灵•灵泽,1,921004,100,921005,10,,,,,,,,,193115,193116,920006,100,,,,,,,,,,,,,,,,,,,,,,,,,,,,,,,,,,,,,,,,,,,,,,,,,,,,,,,,,,
912,器灵•霁华,1,921004,100,921005,10,,,,,,,,,193115,193116,920007,100,,,,,,,,,,,,,,,,,,,,,,,,,,,,,,,,,,,,,,,,,,,,,,,,,,,,,,,,,,
913,器灵•纤凝,1,921004,150,921005,50,,,,,,,,,193115,193116,920008,100,,,,,,,,,,,,,,,,,,,,,,,,,,,,,,,,,,,,,,,,,,,,,,,,,,,,,,,,,,
914,器灵•山骨,1,921004,150,921005,50,,,,,,,,,193115,193116,920009,100,,,,,,,,,,,,,,,,,,,,,,,,,,,,,,,,,,,,,,,,,,,,,,,,,,,,,,,,,,
915,器灵•缥缃,1,921004,150,921005,50,,,,,,,,,193115,193116,920010,100,,,,,,,,,,,,,,,,,,,,,,,,,,,,,,,,,,,,,,,,,,,,,,,,,,,,,,,,,,
916,器灵•翠微,1,921004,150,921005,50,,,,,,,,,193115,193116,920011,100,,,,,,,,,,,,,,,,,,,,,,,,,,,,,,,,,,,,,,,,,,,,,,,,,,,,,,,,,,
917,器灵•鹿梦,1,921004,200,921005,100,,,,,,,,,193115,193116,920012,100,,,,,,,,,,,,,,,,,,,,,,,,,,,,,,,,,,,,,,,,,,,,,,,,,,,,,,,,,,
918,器灵•扶疏,1,921004,200,921005,100,,,,,,,,,193115,193116,920013,100,,,,,,,,,,,,,,,,,,,,,,,,,,,,,,,,,,,,,,,,,,,,,,,,,,,,,,,,,,
919,器灵•绮陌,1,921004,200,921005,100,,,,,,,,,193115,193116,920014,100,,,,,,,,,,,,,,,,,,,,,,,,,,,,,,,,,,,,,,,,,,,,,,,,,,,,,,,,,,
920,器灵•望舒,1,921004,200,921005,100,,,,,,,,,193115,193116,920015,100,,,,,,,,,,,,,,,,,,,,,,,,,,,,,,,,,,,,,,,,,,,,,,,,,,,,,,,,,,
921,器灵•汀兰,1,921004,350,921005,180,,,,,,,,,193115,193116,920016,100,,,,,,,,,,,,,,,,,,,,,,,,,,,,,,,,,,,,,,,,,,,,,,,,,,,,,,,,,,
922,器灵•星眠,1,921004,350,921005,180,,,,,,,,,193115,193116,920017,100,,,,,,,,,,,,,,,,,,,,,,,,,,,,,,,,,,,,,,,,,,,,,,,,,,,,,,,,,,
923,器灵•雾屿,1,921004,350,921005,180,,,,,,,,,193115,193116,920018,100,,,,,,,,,,,,,,,,,,,,,,,,,,,,,,,,,,,,,,,,,,,,,,,,,,,,,,,,,,
924,器灵•云舒,1,921004,350,921005,180,,,,,,,,,193115,193116,920019,100,,,,,,,,,,,,,,,,,,,,,,,,,,,,,,,,,,,,,,,,,,,,,,,,,,,,,,,,,,
925,器灵•月徊,1,921004,550,921005,300,,,,,,,,,193115,193116,920020,100,,,,,,,,,,,,,,,,,,,,,,,,,,,,,,,,,,,,,,,,,,,,,,,,,,,,,,,,,,
926,器灵•风软,1,921004,550,921005,300,,,,,,,,,193115,193116,920021,100,,,,,,,,,,,,,,,,,,,,,,,,,,,,,,,,,,,,,,,,,,,,,,,,,,,,,,,,,,
927,器灵•雪笺,1,921004,550,921005,300,,,,,,,,,193115,193116,920022,100,,,,,,,,,,,,,,,,,,,,,,,,,,,,,,,,,,,,,,,,,,,,,,,,,,,,,,,,,,
928,器灵•晚晴,1,921004,550,921005,300,,,,,,,,,193115,193116,920023,100,,,,,,,,,,,,,,,,,,,,,,,,,,,,,,,,,,,,,,,,,,,,,,,,,,,,,,,,,,
929,器灵•疏影,1,921004,850,921005,500,,,,,,,,,193115,193116,920024,100,,,,,,,,,,,,,,,,,,,,,,,,,,,,,,,,,,,,,,,,,,,,,,,,,,,,,,,,,,
930,器灵•清欢,1,921004,850,921005,500,,,,,,,,,193115,193116,920025,100,,,,,,,,,,,,,,,,,,,,,,,,,,,,,,,,,,,,,,,,,,,,,,,,,,,,,,,,,,
931,器灵•枕星,1,921004,850,921005,500,,,,,,,,,193115,193116,920026,100,,,,,,,,,,,,,,,,,,,,,,,,,,,,,,,,,,,,,,,,,,,,,,,,,,,,,,,,,,
932,器灵•漱月,1,921004,850,921005,500,,,,,,,,,193115,193116,920027,100,,,,,,,,,,,,,,,,,,,,,,,,,,,,,,,,,,,,,,,,,,,,,,,,,,,,,,,,,,
933,器灵•栖鹤,1,921004,1500,921005,700,,,,,,,,,193115,193116,920028,100,,,,,,,,,,,,,,,,,,,,,,,,,,,,,,,,,,,,,,,,,,,,,,,,,,,,,,,,,,
934,器灵•听澜,1,921004,1500,921005,700,,,,,,,,,193115,193116,920029,100,,,,,,,,,,,,,,,,,,,,,,,,,,,,,,,,,,,,,,,,,,,,,,,,,,,,,,,,,,
935,器灵•酌光,1,921004,1500,921005,700,,,,,,,,,193115,193116,920030,100,,,,,,,,,,,,,,,,,,,,,,,,,,,,,,,,,,,,,,,,,,,,,,,,,,,,,,,,,,
936,器灵•心境,1,921004,1500,921005,700,,,,,,,,,193115,193116,920031,100,,,,,,,,,,,,,,,,,,,,,,,,,,,,,,,,,,,,,,,,,,,,,,,,,,,,,,,,,,
