附加属性id,名称,颜色,属性id,属性名称,区间,buffid,技能id,拍卖筛选是否显示
1,体质+&,FF00b1ff,15,cons_value,1;1,0,0,1
2,智力+&,FF00b1ff,25,iq_value,1;2,0,0,1
3,力量+&,FF00b1ff,35,str_value,1;3,0,0,1
4,耐力+&,FF00b1ff,45,endu_value,1;4,0,0,1
5,敏捷+&,FF00b1ff,65,agi_value,1;5,0,0,1
6,体质+&,FF00b1ff,15,cons_value,2;3,0,0,1
7,智力+&,FF00b1ff,25,iq_value,2;4,0,0,1
8,力量+&,FF00b1ff,35,str_value,2;5,0,0,1
9,耐力+&,FF00b1ff,45,endu_value,2;6,0,0,1
10,敏捷+&,FF00b1ff,65,agi_value,2;7,0,0,1
11,体质+&,FF00b1ff,15,cons_value,3;4,0,0,1
12,智力+&,FF00b1ff,25,iq_value,3;5,0,0,1
13,力量+&,FF00b1ff,35,str_value,3;6,0,0,1
14,耐力+&,FF00b1ff,45,endu_value,3;7,0,0,1
15,敏捷+&,FF00b1ff,65,agi_value,3;8,0,0,1
16,体质+&,FF00b1ff,15,cons_value,4;5,0,0,1
17,智力+&,FF00b1ff,25,iq_value,4;6,0,0,1
18,力量+&,FF00b1ff,35,str_value,4;7,0,0,1
19,耐力+&,FF00b1ff,45,endu_value,4;8,0,0,1
20,敏捷+&,FF00b1ff,65,agi_value,4;9,0,0,1
21,体质+&,FF00b1ff,15,cons_value,5;6,0,0,1
22,智力+&,FF00b1ff,25,iq_value,5;7,0,0,1
23,力量+&,FF00b1ff,35,str_value,5;8,0,0,1
24,耐力+&,FF00b1ff,45,endu_value,5;9,0,0,1
25,敏捷+&,FF00b1ff,65,agi_value,5;10,0,0,1
26,体质+&,FF00b1ff,15,cons_value,6;8,0,0,1
27,智力+&,FF00b1ff,25,iq_value,6;9,0,0,1
28,力量+&,FF00b1ff,35,str_value,6;10,0,0,1
29,耐力+&,FF00b1ff,45,endu_value,6;11,0,0,1
30,敏捷+&,FF00b1ff,65,agi_value,6;12,0,0,1
31,体质+&,FF00b1ff,15,cons_value,7;9,0,0,1
32,智力+&,FF00b1ff,25,iq_value,7;10,0,0,1
33,力量+&,FF00b1ff,35,str_value,7;11,0,0,1
34,耐力+&,FF00b1ff,45,endu_value,7;12,0,0,1
35,敏捷+&,FF00b1ff,65,agi_value,7;13,0,0,1
36,体质+&,FF00b1ff,15,cons_value,8;10,0,0,1
37,智力+&,FF00b1ff,25,iq_value,8;10,0,0,1
38,力量+&,FF00b1ff,35,str_value,8;10,0,0,1
39,耐力+&,FF00b1ff,45,endu_value,8;10,0,0,1
40,敏捷+&,FF00b1ff,65,agi_value,8;10,0,0,1
41,体质+&,FF00b1ff,15,cons_value,8;11,0,0,1
42,智力+&,FF00b1ff,25,iq_value,8;11,0,0,1
43,力量+&,FF00b1ff,35,str_value,8;11,0,0,1
44,耐力+&,FF00b1ff,45,endu_value,8;11,0,0,1
45,敏捷+&,FF00b1ff,65,agi_value,8;11,0,0,1
46,体质+&,FF00b1ff,15,cons_value,9;13,0,0,1
47,智力+&,FF00b1ff,25,iq_value,9;14,0,0,1
48,力量+&,FF00b1ff,35,str_value,9;15,0,0,1
49,耐力+&,FF00b1ff,45,endu_value,9;16,0,0,1
50,敏捷+&,FF00b1ff,65,agi_value,9;17,0,0,1
51,体质+&,FF00b1ff,15,cons_value,10;14,0,0,1
52,智力+&,FF00b1ff,25,iq_value,10;15,0,0,1
53,力量+&,FF00b1ff,35,str_value,10;16,0,0,1
54,耐力+&,FF00b1ff,45,endu_value,10;17,0,0,1
55,敏捷+&,FF00b1ff,65,agi_value,10;18,0,0,1
56,体质+&,FF00b1ff,15,cons_value,11;15,0,0,1
57,智力+&,FF00b1ff,25,iq_value,11;16,0,0,1
58,力量+&,FF00b1ff,35,str_value,11;17,0,0,1
59,耐力+&,FF00b1ff,45,endu_value,11;18,0,0,1
60,敏捷+&,FF00b1ff,65,agi_value,11;19,0,0,1
61,体质+&,FF00b1ff,15,cons_value,12;16,0,0,1
62,智力+&,FF00b1ff,25,iq_value,12;17,0,0,1
63,力量+&,FF00b1ff,35,str_value,12;18,0,0,1
64,耐力+&,FF00b1ff,45,endu_value,12;19,0,0,1
65,敏捷+&,FF00b1ff,65,agi_value,12;20,0,0,1
66,体质+&,FF00b1ff,15,cons_value,13;18,0,0,1
67,智力+&,FF00b1ff,25,iq_value,13;19,0,0,1
68,力量+&,FF00b1ff,35,str_value,13;20,0,0,1
69,耐力+&,FF00b1ff,45,endu_value,13;21,0,0,1
70,敏捷+&,FF00b1ff,65,agi_value,13;22,0,0,1
71,体质+&,FF00b1ff,15,cons_value,14;19,0,0,1
72,智力+&,FF00b1ff,25,iq_value,14;20,0,0,1
73,力量+&,FF00b1ff,35,str_value,14;21,0,0,1
74,耐力+&,FF00b1ff,45,endu_value,14;22,0,0,1
75,敏捷+&,FF00b1ff,65,agi_value,14;23,0,0,1
76,体质+&,FF00b1ff,15,cons_value,1;2,0,0,1
77,智力+&,FF00b1ff,25,iq_value,1;3,0,0,1
78,力量+&,FF00b1ff,35,str_value,1;4,0,0,1
79,耐力+&,FF00b1ff,45,endu_value,1;5,0,0,1
80,敏捷+&,FF00b1ff,65,agi_value,1;6,0,0,1
81,体质+&,FF00b1ff,15,cons_value,3;4,0,0,1
82,智力+&,FF00b1ff,25,iq_value,3;5,0,0,1
83,力量+&,FF00b1ff,35,str_value,3;6,0,0,1
84,耐力+&,FF00b1ff,45,endu_value,3;7,0,0,1
85,敏捷+&,FF00b1ff,65,agi_value,3;8,0,0,1
86,体质+&,FF00b1ff,15,cons_value,4;6,0,0,1
87,智力+&,FF00b1ff,25,iq_value,4;7,0,0,1
88,力量+&,FF00b1ff,35,str_value,4;8,0,0,1
89,耐力+&,FF00b1ff,45,endu_value,4;9,0,0,1
90,敏捷+&,FF00b1ff,65,agi_value,4;10,0,0,1
91,体质+&,FF00b1ff,15,cons_value,6;8,0,0,1
92,智力+&,FF00b1ff,25,iq_value,6;9,0,0,1
93,力量+&,FF00b1ff,35,str_value,6;10,0,0,1
94,耐力+&,FF00b1ff,45,endu_value,6;11,0,0,1
95,敏捷+&,FF00b1ff,65,agi_value,6;12,0,0,1
96,体质+&,FF00b1ff,15,cons_value,7;9,0,0,1
97,智力+&,FF00b1ff,25,iq_value,7;10,0,0,1
98,力量+&,FF00b1ff,35,str_value,7;11,0,0,1
99,耐力+&,FF00b1ff,45,endu_value,7;12,0,0,1
100,敏捷+&,FF00b1ff,65,agi_value,7;13,0,0,1
101,体质+&,FF00b1ff,15,cons_value,8;11,0,0,1
102,智力+&,FF00b1ff,25,iq_value,8;12,0,0,1
103,力量+&,FF00b1ff,35,str_value,8;13,0,0,1
104,耐力+&,FF00b1ff,45,endu_value,8;14,0,0,1
105,敏捷+&,FF00b1ff,65,agi_value,8;15,0,0,1
106,体质+&,FF00b1ff,15,cons_value,10;13,0,0,1
107,智力+&,FF00b1ff,25,iq_value,10;14,0,0,1
108,力量+&,FF00b1ff,35,str_value,10;15,0,0,1
109,耐力+&,FF00b1ff,45,endu_value,10;16,0,0,1
110,敏捷+&,FF00b1ff,65,agi_value,10;17,0,0,1
111,体质+&,FF00b1ff,15,cons_value,11;15,0,0,1
112,智力+&,FF00b1ff,25,iq_value,11;16,0,0,1
113,力量+&,FF00b1ff,35,str_value,11;17,0,0,1
114,耐力+&,FF00b1ff,45,endu_value,11;18,0,0,1
115,敏捷+&,FF00b1ff,65,agi_value,11;19,0,0,1
116,体质+&,FF00b1ff,15,cons_value,13;17,0,0,1
117,智力+&,FF00b1ff,25,iq_value,13;18,0,0,1
118,力量+&,FF00b1ff,35,str_value,13;19,0,0,1
119,耐力+&,FF00b1ff,45,endu_value,13;20,0,0,1
120,敏捷+&,FF00b1ff,65,agi_value,13;21,0,0,1
121,体质+&,FF00b1ff,15,cons_value,14;19,0,0,1
122,智力+&,FF00b1ff,25,iq_value,14;20,0,0,1
123,力量+&,FF00b1ff,35,str_value,14;21,0,0,1
124,耐力+&,FF00b1ff,45,endu_value,14;22,0,0,1
125,敏捷+&,FF00b1ff,65,agi_value,14;23,0,0,1
126,体质+&,FF00b1ff,15,cons_value,15;21,0,0,1
127,智力+&,FF00b1ff,25,iq_value,15;22,0,0,1
128,力量+&,FF00b1ff,35,str_value,15;23,0,0,1
129,耐力+&,FF00b1ff,45,endu_value,15;24,0,0,1
130,敏捷+&,FF00b1ff,65,agi_value,15;25,0,0,1
131,体质+&,FF00b1ff,15,cons_value,17;23,0,0,1
132,智力+&,FF00b1ff,25,iq_value,17;24,0,0,1
133,力量+&,FF00b1ff,35,str_value,17;25,0,0,1
134,耐力+&,FF00b1ff,45,endu_value,17;26,0,0,1
135,敏捷+&,FF00b1ff,65,agi_value,17;27,0,0,1
136,体质+&,FF00b1ff,15,cons_value,18;24,0,0,1
137,智力+&,FF00b1ff,25,iq_value,18;25,0,0,1
138,力量+&,FF00b1ff,35,str_value,18;26,0,0,1
139,耐力+&,FF00b1ff,45,endu_value,18;27,0,0,1
140,敏捷+&,FF00b1ff,65,agi_value,18;28,0,0,1
141,体质+&,FF00b1ff,15,cons_value,20;26,0,0,1
142,智力+&,FF00b1ff,25,iq_value,20;27,0,0,1
143,力量+&,FF00b1ff,35,str_value,20;28,0,0,1
144,耐力+&,FF00b1ff,45,endu_value,20;29,0,0,1
145,敏捷+&,FF00b1ff,65,agi_value,20;30,0,0,1
146,体质+&,FF00b1ff,15,cons_value,21;28,0,0,1
147,智力+&,FF00b1ff,25,iq_value,21;29,0,0,1
148,力量+&,FF00b1ff,35,str_value,21;30,0,0,1
149,耐力+&,FF00b1ff,45,endu_value,21;31,0,0,1
150,敏捷+&,FF00b1ff,65,agi_value,21;32,0,0,1
151,体质+&,FF00b1ff,15,cons_value,2;3,0,0,1
152,智力+&,FF00b1ff,25,iq_value,2;4,0,0,1
153,力量+&,FF00b1ff,35,str_value,2;5,0,0,1
154,耐力+&,FF00b1ff,45,endu_value,2;6,0,0,1
155,敏捷+&,FF00b1ff,65,agi_value,2;7,0,0,1
156,体质+&,FF00b1ff,15,cons_value,4;5,0,0,1
157,智力+&,FF00b1ff,25,iq_value,4;6,0,0,1
158,力量+&,FF00b1ff,35,str_value,4;7,0,0,1
159,耐力+&,FF00b1ff,45,endu_value,4;8,0,0,1
160,敏捷+&,FF00b1ff,65,agi_value,4;9,0,0,1
161,体质+&,FF00b1ff,15,cons_value,6;8,0,0,1
162,智力+&,FF00b1ff,25,iq_value,6;9,0,0,1
163,力量+&,FF00b1ff,35,str_value,6;10,0,0,1
164,耐力+&,FF00b1ff,45,endu_value,6;11,0,0,1
165,敏捷+&,FF00b1ff,65,agi_value,6;12,0,0,1
166,体质+&,FF00b1ff,15,cons_value,8;10,0,0,1
167,智力+&,FF00b1ff,25,iq_value,8;11,0,0,1
168,力量+&,FF00b1ff,35,str_value,8;12,0,0,1
169,耐力+&,FF00b1ff,45,endu_value,8;13,0,0,1
170,敏捷+&,FF00b1ff,65,agi_value,8;14,0,0,1
171,体质+&,FF00b1ff,15,cons_value,9;13,0,0,1
172,智力+&,FF00b1ff,25,iq_value,9;14,0,0,1
173,力量+&,FF00b1ff,35,str_value,9;15,0,0,1
174,耐力+&,FF00b1ff,45,endu_value,9;16,0,0,1
175,敏捷+&,FF00b1ff,65,agi_value,9;17,0,0,1
176,体质+&,FF00b1ff,15,cons_value,11;15,0,0,1
177,智力+&,FF00b1ff,25,iq_value,11;16,0,0,1
178,力量+&,FF00b1ff,35,str_value,11;17,0,0,1
179,耐力+&,FF00b1ff,45,endu_value,11;18,0,0,1
180,敏捷+&,FF00b1ff,65,agi_value,11;19,0,0,1
181,体质+&,FF00b1ff,15,cons_value,13;18,0,0,1
182,智力+&,FF00b1ff,25,iq_value,13;19,0,0,1
183,力量+&,FF00b1ff,35,str_value,13;20,0,0,1
184,耐力+&,FF00b1ff,45,endu_value,13;21,0,0,1
185,敏捷+&,FF00b1ff,65,agi_value,13;22,0,0,1
186,体质+&,FF00b1ff,15,cons_value,15;20,0,0,1
187,智力+&,FF00b1ff,25,iq_value,15;21,0,0,1
188,力量+&,FF00b1ff,35,str_value,15;22,0,0,1
189,耐力+&,FF00b1ff,45,endu_value,15;23,0,0,1
190,敏捷+&,FF00b1ff,65,agi_value,15;24,0,0,1
191,体质+&,FF00b1ff,15,cons_value,17;23,0,0,1
192,智力+&,FF00b1ff,25,iq_value,17;24,0,0,1
193,力量+&,FF00b1ff,35,str_value,17;25,0,0,1
194,耐力+&,FF00b1ff,45,endu_value,17;26,0,0,1
195,敏捷+&,FF00b1ff,65,agi_value,17;27,0,0,1
196,体质+&,FF00b1ff,15,cons_value,19;25,0,0,1
197,智力+&,FF00b1ff,25,iq_value,19;26,0,0,1
198,力量+&,FF00b1ff,35,str_value,19;27,0,0,1
199,耐力+&,FF00b1ff,45,endu_value,19;28,0,0,1
200,敏捷+&,FF00b1ff,65,agi_value,19;29,0,0,1
201,体质+&,FF00b1ff,15,cons_value,21;28,0,0,1
202,智力+&,FF00b1ff,25,iq_value,21;29,0,0,1
203,力量+&,FF00b1ff,35,str_value,21;30,0,0,1
204,耐力+&,FF00b1ff,45,endu_value,21;31,0,0,1
205,敏捷+&,FF00b1ff,65,agi_value,21;32,0,0,1
206,体质+&,FF00b1ff,15,cons_value,23;30,0,0,1
207,智力+&,FF00b1ff,25,iq_value,23;31,0,0,1
208,力量+&,FF00b1ff,35,str_value,23;32,0,0,1
209,耐力+&,FF00b1ff,45,endu_value,23;33,0,0,1
210,敏捷+&,FF00b1ff,65,agi_value,23;34,0,0,1
211,体质+&,FF00b1ff,15,cons_value,24;33,0,0,1
212,智力+&,FF00b1ff,25,iq_value,24;34,0,0,1
213,力量+&,FF00b1ff,35,str_value,24;35,0,0,1
214,耐力+&,FF00b1ff,45,endu_value,24;36,0,0,1
215,敏捷+&,FF00b1ff,65,agi_value,24;37,0,0,1
216,体质+&,FF00b1ff,15,cons_value,26;35,0,0,1
217,智力+&,FF00b1ff,25,iq_value,26;36,0,0,1
218,力量+&,FF00b1ff,35,str_value,26;37,0,0,1
219,耐力+&,FF00b1ff,45,endu_value,26;38,0,0,1
220,敏捷+&,FF00b1ff,65,agi_value,26;39,0,0,1
221,体质+&,FF00b1ff,15,cons_value,28;38,0,0,1
222,智力+&,FF00b1ff,25,iq_value,28;39,0,0,1
223,力量+&,FF00b1ff,35,str_value,28;40,0,0,1
224,耐力+&,FF00b1ff,45,endu_value,28;41,0,0,1
225,敏捷+&,FF00b1ff,65,agi_value,28;42,0,0,1
226,体质+&,FF00b1ff,15,cons_value,-1;-1,0,0,1
227,智力+&,FF00b1ff,25,iq_value,-1;-1,0,0,1
228,力量+&,FF00b1ff,35,str_value,-1;-1,0,0,1
229,耐力+&,FF00b1ff,45,endu_value,-1;-1,0,0,1
230,敏捷+&,FF00b1ff,65,agi_value,-1;-1,0,0,1
231,体质+&,FF00b1ff,15,cons_value,-1;-1,0,0,1
232,智力+&,FF00b1ff,25,iq_value,-1;-1,0,0,1
233,力量+&,FF00b1ff,35,str_value,-1;-1,0,0,1
234,耐力+&,FF00b1ff,45,endu_value,-1;-1,0,0,1
235,敏捷+&,FF00b1ff,65,agi_value,-1;-1,0,0,1
236,体质+&,FF00b1ff,15,cons_value,-2;-2,0,0,1
237,智力+&,FF00b1ff,25,iq_value,-2;-2,0,0,1
238,力量+&,FF00b1ff,35,str_value,-2;-2,0,0,1
239,耐力+&,FF00b1ff,45,endu_value,-2;-2,0,0,1
240,敏捷+&,FF00b1ff,65,agi_value,-2;-2,0,0,1
241,体质+&,FF00b1ff,15,cons_value,-2;-3,0,0,1
242,智力+&,FF00b1ff,25,iq_value,-2;-3,0,0,1
243,力量+&,FF00b1ff,35,str_value,-2;-3,0,0,1
244,耐力+&,FF00b1ff,45,endu_value,-2;-3,0,0,1
245,敏捷+&,FF00b1ff,65,agi_value,-2;-3,0,0,1
246,体质+&,FF00b1ff,15,cons_value,-3;-3,0,0,1
247,智力+&,FF00b1ff,25,iq_value,-3;-3,0,0,1
248,力量+&,FF00b1ff,35,str_value,-3;-3,0,0,1
249,耐力+&,FF00b1ff,45,endu_value,-3;-3,0,0,1
250,敏捷+&,FF00b1ff,65,agi_value,-3;-3,0,0,1
251,体质+&,FF00b1ff,15,cons_value,-3;-4,0,0,1
252,智力+&,FF00b1ff,25,iq_value,-3;-4,0,0,1
253,力量+&,FF00b1ff,35,str_value,-3;-4,0,0,1
254,耐力+&,FF00b1ff,45,endu_value,-3;-4,0,0,1
255,敏捷+&,FF00b1ff,65,agi_value,-3;-4,0,0,1
256,体质+&,FF00b1ff,15,cons_value,-4;-4,0,0,1
257,智力+&,FF00b1ff,25,iq_value,-4;-4,0,0,1
258,力量+&,FF00b1ff,35,str_value,-4;-4,0,0,1
259,耐力+&,FF00b1ff,45,endu_value,-4;-4,0,0,1
260,敏捷+&,FF00b1ff,65,agi_value,-4;-4,0,0,1
261,体质+&,FF00b1ff,15,cons_value,-4;-5,0,0,1
262,智力+&,FF00b1ff,25,iq_value,-4;-5,0,0,1
263,力量+&,FF00b1ff,35,str_value,-4;-5,0,0,1
264,耐力+&,FF00b1ff,45,endu_value,-4;-5,0,0,1
265,敏捷+&,FF00b1ff,65,agi_value,-4;-5,0,0,1
266,体质+&,FF00b1ff,15,cons_value,-5;-6,0,0,1
267,智力+&,FF00b1ff,25,iq_value,-5;-6,0,0,1
268,力量+&,FF00b1ff,35,str_value,-5;-6,0,0,1
269,耐力+&,FF00b1ff,45,endu_value,-5;-6,0,0,1
270,敏捷+&,FF00b1ff,65,agi_value,-5;-6,0,0,1
271,体质+&,FF00b1ff,15,cons_value,-5;-6,0,0,1
272,智力+&,FF00b1ff,25,iq_value,-5;-6,0,0,1
273,力量+&,FF00b1ff,35,str_value,-5;-6,0,0,1
274,耐力+&,FF00b1ff,45,endu_value,-5;-6,0,0,1
275,敏捷+&,FF00b1ff,65,agi_value,-5;-6,0,0,1
276,体质+&,FF00b1ff,15,cons_value,-6;-7,0,0,1
277,智力+&,FF00b1ff,25,iq_value,-6;-7,0,0,1
278,力量+&,FF00b1ff,35,str_value,-6;-7,0,0,1
279,耐力+&,FF00b1ff,45,endu_value,-6;-7,0,0,1
280,敏捷+&,FF00b1ff,65,agi_value,-6;-7,0,0,1
281,体质+&,FF00b1ff,15,cons_value,-6;-8,0,0,1
282,智力+&,FF00b1ff,25,iq_value,-6;-8,0,0,1
283,力量+&,FF00b1ff,35,str_value,-6;-8,0,0,1
284,耐力+&,FF00b1ff,45,endu_value,-6;-8,0,0,1
285,敏捷+&,FF00b1ff,65,agi_value,-6;-8,0,0,1
286,体质+&,FF00b1ff,15,cons_value,-7;-8,0,0,1
287,智力+&,FF00b1ff,25,iq_value,-7;-8,0,0,1
288,力量+&,FF00b1ff,35,str_value,-7;-8,0,0,1
289,耐力+&,FF00b1ff,45,endu_value,-7;-8,0,0,1
290,敏捷+&,FF00b1ff,65,agi_value,-7;-8,0,0,1
291,体质+&,FF00b1ff,15,cons_value,-7;-9,0,0,1
292,智力+&,FF00b1ff,25,iq_value,-7;-9,0,0,1
293,力量+&,FF00b1ff,35,str_value,-7;-9,0,0,1
294,耐力+&,FF00b1ff,45,endu_value,-7;-9,0,0,1
295,敏捷+&,FF00b1ff,65,agi_value,-7;-9,0,0,1
296,体质+&,FF00b1ff,15,cons_value,-8;-9,0,0,1
297,智力+&,FF00b1ff,25,iq_value,-8;-10,0,0,1
298,力量+&,FF00b1ff,35,str_value,-8;-11,0,0,1
299,耐力+&,FF00b1ff,45,endu_value,-8;-12,0,0,1
300,敏捷+&,FF00b1ff,65,agi_value,-8;-13,0,0,1
301,体质+&,FF00b1ff,15,cons_value,1;2,0,0,1
302,智力+&,FF00b1ff,25,iq_value,1;3,0,0,1
303,力量+&,FF00b1ff,35,str_value,1;4,0,0,1
304,耐力+&,FF00b1ff,45,endu_value,1;5,0,0,1
305,敏捷+&,FF00b1ff,65,agi_value,1;6,0,0,1
306,体质+&,FF00b1ff,15,cons_value,3;4,0,0,1
307,智力+&,FF00b1ff,25,iq_value,3;5,0,0,1
308,力量+&,FF00b1ff,35,str_value,3;6,0,0,1
309,耐力+&,FF00b1ff,45,endu_value,3;7,0,0,1
310,敏捷+&,FF00b1ff,65,agi_value,3;8,0,0,1
311,体质+&,FF00b1ff,15,cons_value,4;7,0,0,1
312,智力+&,FF00b1ff,25,iq_value,4;8,0,0,1
313,力量+&,FF00b1ff,35,str_value,4;9,0,0,1
314,耐力+&,FF00b1ff,45,endu_value,4;10,0,0,1
315,敏捷+&,FF00b1ff,65,agi_value,4;11,0,0,1
316,体质+&,FF00b1ff,15,cons_value,5;9,0,0,1
317,智力+&,FF00b1ff,25,iq_value,5;10,0,0,1
318,力量+&,FF00b1ff,35,str_value,5;11,0,0,1
319,耐力+&,FF00b1ff,45,endu_value,5;12,0,0,1
320,敏捷+&,FF00b1ff,65,agi_value,5;13,0,0,1
321,体质+&,FF00b1ff,15,cons_value,6;11,0,0,1
322,智力+&,FF00b1ff,25,iq_value,6;12,0,0,1
323,力量+&,FF00b1ff,35,str_value,6;13,0,0,1
324,耐力+&,FF00b1ff,45,endu_value,6;14,0,0,1
325,敏捷+&,FF00b1ff,65,agi_value,6;15,0,0,1
326,体质+&,FF00b1ff,15,cons_value,8;13,0,0,1
327,智力+&,FF00b1ff,25,iq_value,8;14,0,0,1
328,力量+&,FF00b1ff,35,str_value,8;15,0,0,1
329,耐力+&,FF00b1ff,45,endu_value,8;16,0,0,1
330,敏捷+&,FF00b1ff,65,agi_value,8;17,0,0,1
331,体质+&,FF00b1ff,15,cons_value,9;15,0,0,1
332,智力+&,FF00b1ff,25,iq_value,9;16,0,0,1
333,力量+&,FF00b1ff,35,str_value,9;17,0,0,1
334,耐力+&,FF00b1ff,45,endu_value,9;18,0,0,1
335,敏捷+&,FF00b1ff,65,agi_value,9;19,0,0,1
336,体质+&,FF00b1ff,15,cons_value,10;18,0,0,1
337,智力+&,FF00b1ff,25,iq_value,10;19,0,0,1
338,力量+&,FF00b1ff,35,str_value,10;20,0,0,1
339,耐力+&,FF00b1ff,45,endu_value,10;21,0,0,1
340,敏捷+&,FF00b1ff,65,agi_value,10;22,0,0,1
341,体质+&,FF00b1ff,15,cons_value,11;20,0,0,1
342,智力+&,FF00b1ff,25,iq_value,11;21,0,0,1
343,力量+&,FF00b1ff,35,str_value,11;22,0,0,1
344,耐力+&,FF00b1ff,45,endu_value,11;23,0,0,1
345,敏捷+&,FF00b1ff,65,agi_value,11;24,0,0,1
346,体质+&,FF00b1ff,15,cons_value,13;22,0,0,1
347,智力+&,FF00b1ff,25,iq_value,13;23,0,0,1
348,力量+&,FF00b1ff,35,str_value,13;24,0,0,1
349,耐力+&,FF00b1ff,45,endu_value,13;25,0,0,1
350,敏捷+&,FF00b1ff,65,agi_value,13;26,0,0,1
351,体质+&,FF00b1ff,15,cons_value,14;24,0,0,1
352,智力+&,FF00b1ff,25,iq_value,14;25,0,0,1
353,力量+&,FF00b1ff,35,str_value,14;26,0,0,1
354,耐力+&,FF00b1ff,45,endu_value,14;27,0,0,1
355,敏捷+&,FF00b1ff,65,agi_value,14;28,0,0,1
356,体质+&,FF00b1ff,15,cons_value,15;26,0,0,1
357,智力+&,FF00b1ff,25,iq_value,15;27,0,0,1
358,力量+&,FF00b1ff,35,str_value,15;28,0,0,1
359,耐力+&,FF00b1ff,45,endu_value,15;29,0,0,1
360,敏捷+&,FF00b1ff,65,agi_value,15;30,0,0,1
361,体质+&,FF00b1ff,15,cons_value,16;28,0,0,1
362,智力+&,FF00b1ff,25,iq_value,16;29,0,0,1
363,力量+&,FF00b1ff,35,str_value,16;30,0,0,1
364,耐力+&,FF00b1ff,45,endu_value,16;31,0,0,1
365,敏捷+&,FF00b1ff,65,agi_value,16;32,0,0,1
366,体质+&,FF00b1ff,15,cons_value,18;31,0,0,1
367,智力+&,FF00b1ff,25,iq_value,18;32,0,0,1
368,力量+&,FF00b1ff,35,str_value,18;33,0,0,1
369,耐力+&,FF00b1ff,45,endu_value,18;34,0,0,1
370,敏捷+&,FF00b1ff,65,agi_value,18;35,0,0,1
371,体质+&,FF00b1ff,15,cons_value,19;33,0,0,1
372,智力+&,FF00b1ff,25,iq_value,19;34,0,0,1
373,力量+&,FF00b1ff,35,str_value,19;35,0,0,1
374,耐力+&,FF00b1ff,45,endu_value,19;36,0,0,1
375,敏捷+&,FF00b1ff,65,agi_value,19;37,0,0,1
376,体质+&,FF00b1ff,15,cons_value,2;3,0,0,1
377,智力+&,FF00b1ff,25,iq_value,2;4,0,0,1
378,力量+&,FF00b1ff,35,str_value,2;5,0,0,1
379,耐力+&,FF00b1ff,45,endu_value,2;6,0,0,1
380,敏捷+&,FF00b1ff,65,agi_value,2;7,0,0,1
381,体质+&,FF00b1ff,15,cons_value,4;7,0,0,1
382,智力+&,FF00b1ff,25,iq_value,4;8,0,0,1
383,力量+&,FF00b1ff,35,str_value,4;9,0,0,1
384,耐力+&,FF00b1ff,45,endu_value,4;10,0,0,1
385,敏捷+&,FF00b1ff,65,agi_value,4;11,0,0,1
386,体质+&,FF00b1ff,15,cons_value,6;10,0,0,1
387,智力+&,FF00b1ff,25,iq_value,6;11,0,0,1
388,力量+&,FF00b1ff,35,str_value,6;12,0,0,1
389,耐力+&,FF00b1ff,45,endu_value,6;13,0,0,1
390,敏捷+&,FF00b1ff,65,agi_value,6;14,0,0,1
391,体质+&,FF00b1ff,15,cons_value,8;13,0,0,1
392,智力+&,FF00b1ff,25,iq_value,8;14,0,0,1
393,力量+&,FF00b1ff,35,str_value,8;15,0,0,1
394,耐力+&,FF00b1ff,45,endu_value,8;16,0,0,1
395,敏捷+&,FF00b1ff,65,agi_value,8;17,0,0,1
396,体质+&,FF00b1ff,15,cons_value,9;16,0,0,1
397,智力+&,FF00b1ff,25,iq_value,9;17,0,0,1
398,力量+&,FF00b1ff,35,str_value,9;18,0,0,1
399,耐力+&,FF00b1ff,45,endu_value,9;19,0,0,1
400,敏捷+&,FF00b1ff,65,agi_value,9;20,0,0,1
401,体质+&,FF00b1ff,15,cons_value,11;20,0,0,1
402,智力+&,FF00b1ff,25,iq_value,11;21,0,0,1
403,力量+&,FF00b1ff,35,str_value,11;22,0,0,1
404,耐力+&,FF00b1ff,45,endu_value,11;23,0,0,1
405,敏捷+&,FF00b1ff,65,agi_value,11;24,0,0,1
406,体质+&,FF00b1ff,15,cons_value,13;23,0,0,1
407,智力+&,FF00b1ff,25,iq_value,13;24,0,0,1
408,力量+&,FF00b1ff,35,str_value,13;25,0,0,1
409,耐力+&,FF00b1ff,45,endu_value,13;26,0,0,1
410,敏捷+&,FF00b1ff,65,agi_value,13;27,0,0,1
411,体质+&,FF00b1ff,15,cons_value,15;26,0,0,1
412,智力+&,FF00b1ff,25,iq_value,15;27,0,0,1
413,力量+&,FF00b1ff,35,str_value,15;28,0,0,1
414,耐力+&,FF00b1ff,45,endu_value,15;29,0,0,1
415,敏捷+&,FF00b1ff,65,agi_value,15;30,0,0,1
416,体质+&,FF00b1ff,15,cons_value,17;30,0,0,1
417,智力+&,FF00b1ff,25,iq_value,17;31,0,0,1
418,力量+&,FF00b1ff,35,str_value,17;32,0,0,1
419,耐力+&,FF00b1ff,45,endu_value,17;33,0,0,1
420,敏捷+&,FF00b1ff,65,agi_value,17;34,0,0,1
421,体质+&,FF00b1ff,15,cons_value,19;33,0,0,1
422,智力+&,FF00b1ff,25,iq_value,19;34,0,0,1
423,力量+&,FF00b1ff,35,str_value,19;35,0,0,1
424,耐力+&,FF00b1ff,45,endu_value,19;36,0,0,1
425,敏捷+&,FF00b1ff,65,agi_value,19;37,0,0,1
426,体质+&,FF00b1ff,15,cons_value,21;36,0,0,1
427,智力+&,FF00b1ff,25,iq_value,21;37,0,0,1
428,力量+&,FF00b1ff,35,str_value,21;38,0,0,1
429,耐力+&,FF00b1ff,45,endu_value,21;39,0,0,1
430,敏捷+&,FF00b1ff,65,agi_value,21;40,0,0,1
431,体质+&,FF00b1ff,15,cons_value,23;39,0,0,1
432,智力+&,FF00b1ff,25,iq_value,23;40,0,0,1
433,力量+&,FF00b1ff,35,str_value,23;41,0,0,1
434,耐力+&,FF00b1ff,45,endu_value,23;42,0,0,1
435,敏捷+&,FF00b1ff,65,agi_value,23;43,0,0,1
436,体质+&,FF00b1ff,15,cons_value,24;43,0,0,1
437,智力+&,FF00b1ff,25,iq_value,24;44,0,0,1
438,力量+&,FF00b1ff,35,str_value,24;45,0,0,1
439,耐力+&,FF00b1ff,45,endu_value,24;46,0,0,1
440,敏捷+&,FF00b1ff,65,agi_value,24;47,0,0,1
441,体质+&,FF00b1ff,15,cons_value,26;46,0,0,1
442,智力+&,FF00b1ff,25,iq_value,26;47,0,0,1
443,力量+&,FF00b1ff,35,str_value,26;48,0,0,1
444,耐力+&,FF00b1ff,45,endu_value,26;49,0,0,1
445,敏捷+&,FF00b1ff,65,agi_value,26;50,0,0,1
446,体质+&,FF00b1ff,15,cons_value,28;49,0,0,1
447,智力+&,FF00b1ff,25,iq_value,28;50,0,0,1
448,力量+&,FF00b1ff,35,str_value,28;51,0,0,1
449,耐力+&,FF00b1ff,45,endu_value,28;52,0,0,1
450,敏捷+&,FF00b1ff,65,agi_value,28;53,0,0,1
451,体质+&,FF00b1ff,15,cons_value,3;4,0,0,1
452,智力+&,FF00b1ff,25,iq_value,3;5,0,0,1
453,力量+&,FF00b1ff,35,str_value,3;6,0,0,1
454,耐力+&,FF00b1ff,45,endu_value,3;7,0,0,1
455,敏捷+&,FF00b1ff,65,agi_value,3;8,0,0,1
456,体质+&,FF00b1ff,15,cons_value,5;9,0,0,1
457,智力+&,FF00b1ff,25,iq_value,5;10,0,0,1
458,力量+&,FF00b1ff,35,str_value,5;11,0,0,1
459,耐力+&,FF00b1ff,45,endu_value,5;12,0,0,1
460,敏捷+&,FF00b1ff,65,agi_value,5;13,0,0,1
461,体质+&,FF00b1ff,15,cons_value,8;13,0,0,1
462,智力+&,FF00b1ff,25,iq_value,8;14,0,0,1
463,力量+&,FF00b1ff,35,str_value,8;15,0,0,1
464,耐力+&,FF00b1ff,45,endu_value,8;16,0,0,1
465,敏捷+&,FF00b1ff,65,agi_value,8;17,0,0,1
466,体质+&,FF00b1ff,15,cons_value,10;18,0,0,1
467,智力+&,FF00b1ff,25,iq_value,10;19,0,0,1
468,力量+&,FF00b1ff,35,str_value,10;20,0,0,1
469,耐力+&,FF00b1ff,45,endu_value,10;21,0,0,1
470,敏捷+&,FF00b1ff,65,agi_value,10;22,0,0,1
471,体质+&,FF00b1ff,15,cons_value,13;22,0,0,1
472,智力+&,FF00b1ff,25,iq_value,13;23,0,0,1
473,力量+&,FF00b1ff,35,str_value,13;24,0,0,1
474,耐力+&,FF00b1ff,45,endu_value,13;25,0,0,1
475,敏捷+&,FF00b1ff,65,agi_value,13;26,0,0,1
476,体质+&,FF00b1ff,15,cons_value,15;26,0,0,1
477,智力+&,FF00b1ff,25,iq_value,15;27,0,0,1
478,力量+&,FF00b1ff,35,str_value,15;28,0,0,1
479,耐力+&,FF00b1ff,45,endu_value,15;29,0,0,1
480,敏捷+&,FF00b1ff,65,agi_value,15;30,0,0,1
481,体质+&,FF00b1ff,15,cons_value,18;31,0,0,1
482,智力+&,FF00b1ff,25,iq_value,18;32,0,0,1
483,力量+&,FF00b1ff,35,str_value,18;33,0,0,1
484,耐力+&,FF00b1ff,45,endu_value,18;34,0,0,1
485,敏捷+&,FF00b1ff,65,agi_value,18;35,0,0,1
486,体质+&,FF00b1ff,15,cons_value,20;35,0,0,1
487,智力+&,FF00b1ff,25,iq_value,20;36,0,0,1
488,力量+&,FF00b1ff,35,str_value,20;37,0,0,1
489,耐力+&,FF00b1ff,45,endu_value,20;38,0,0,1
490,敏捷+&,FF00b1ff,65,agi_value,20;39,0,0,1
491,体质+&,FF00b1ff,15,cons_value,23;39,0,0,1
492,智力+&,FF00b1ff,25,iq_value,23;40,0,0,1
493,力量+&,FF00b1ff,35,str_value,23;41,0,0,1
494,耐力+&,FF00b1ff,45,endu_value,23;42,0,0,1
495,敏捷+&,FF00b1ff,65,agi_value,23;43,0,0,1
496,体质+&,FF00b1ff,15,cons_value,25;44,0,0,1
497,智力+&,FF00b1ff,25,iq_value,25;45,0,0,1
498,力量+&,FF00b1ff,35,str_value,25;46,0,0,1
499,耐力+&,FF00b1ff,45,endu_value,25;47,0,0,1
500,敏捷+&,FF00b1ff,65,agi_value,25;48,0,0,1
501,体质+&,FF00b1ff,15,cons_value,28;48,0,0,1
502,智力+&,FF00b1ff,25,iq_value,28;49,0,0,1
503,力量+&,FF00b1ff,35,str_value,28;50,0,0,1
504,耐力+&,FF00b1ff,45,endu_value,28;51,0,0,1
505,敏捷+&,FF00b1ff,65,agi_value,28;52,0,0,1
506,体质+&,FF00b1ff,15,cons_value,30;53,0,0,1
507,智力+&,FF00b1ff,25,iq_value,30;54,0,0,1
508,力量+&,FF00b1ff,35,str_value,30;55,0,0,1
509,耐力+&,FF00b1ff,45,endu_value,30;56,0,0,1
510,敏捷+&,FF00b1ff,65,agi_value,30;57,0,0,1
511,体质+&,FF00b1ff,15,cons_value,33;57,0,0,1
512,智力+&,FF00b1ff,25,iq_value,33;58,0,0,1
513,力量+&,FF00b1ff,35,str_value,33;59,0,0,1
514,耐力+&,FF00b1ff,45,endu_value,33;60,0,0,1
515,敏捷+&,FF00b1ff,65,agi_value,33;61,0,0,1
516,体质+&,FF00b1ff,15,cons_value,35;61,0,0,1
517,智力+&,FF00b1ff,25,iq_value,35;62,0,0,1
518,力量+&,FF00b1ff,35,str_value,35;63,0,0,1
519,耐力+&,FF00b1ff,45,endu_value,35;64,0,0,1
520,敏捷+&,FF00b1ff,65,agi_value,35;65,0,0,1
521,体质+&,FF00b1ff,15,cons_value,38;66,0,0,1
522,智力+&,FF00b1ff,25,iq_value,38;67,0,0,1
523,力量+&,FF00b1ff,35,str_value,38;68,0,0,1
524,耐力+&,FF00b1ff,45,endu_value,38;69,0,0,1
525,敏捷+&,FF00b1ff,65,agi_value,38;70,0,0,1
526,体质+&,FF00b1ff,15,cons_value,-1;-1,0,0,1
527,智力+&,FF00b1ff,25,iq_value,-1;-2,0,0,1
528,力量+&,FF00b1ff,35,str_value,-1;-3,0,0,1
529,耐力+&,FF00b1ff,45,endu_value,-1;-4,0,0,1
530,敏捷+&,FF00b1ff,65,agi_value,-1;-5,0,0,1
531,体质+&,FF00b1ff,15,cons_value,-2;-2,0,0,1
532,智力+&,FF00b1ff,25,iq_value,-2;-2,0,0,1
533,力量+&,FF00b1ff,35,str_value,-2;-2,0,0,1
534,耐力+&,FF00b1ff,45,endu_value,-2;-2,0,0,1
535,敏捷+&,FF00b1ff,65,agi_value,-2;-2,0,0,1
536,体质+&,FF00b1ff,15,cons_value,-2;-3,0,0,1
537,智力+&,FF00b1ff,25,iq_value,-2;-3,0,0,1
538,力量+&,FF00b1ff,35,str_value,-2;-3,0,0,1
539,耐力+&,FF00b1ff,45,endu_value,-2;-3,0,0,1
540,敏捷+&,FF00b1ff,65,agi_value,-2;-3,0,0,1
541,体质+&,FF00b1ff,15,cons_value,-3;-4,0,0,1
542,智力+&,FF00b1ff,25,iq_value,-3;-5,0,0,1
543,力量+&,FF00b1ff,35,str_value,-3;-6,0,0,1
544,耐力+&,FF00b1ff,45,endu_value,-3;-7,0,0,1
545,敏捷+&,FF00b1ff,65,agi_value,-3;-8,0,0,1
546,体质+&,FF00b1ff,15,cons_value,-4;-5,0,0,1
547,智力+&,FF00b1ff,25,iq_value,-4;-5,0,0,1
548,力量+&,FF00b1ff,35,str_value,-4;-5,0,0,1
549,耐力+&,FF00b1ff,45,endu_value,-4;-5,0,0,1
550,敏捷+&,FF00b1ff,65,agi_value,-4;-5,0,0,1
551,体质+&,FF00b1ff,15,cons_value,-4;-7,0,0,1
552,智力+&,FF00b1ff,25,iq_value,-4;-7,0,0,1
553,力量+&,FF00b1ff,35,str_value,-4;-7,0,0,1
554,耐力+&,FF00b1ff,45,endu_value,-4;-7,0,0,1
555,敏捷+&,FF00b1ff,65,agi_value,-4;-7,0,0,1
556,体质+&,FF00b1ff,15,cons_value,-5;-8,0,0,1
557,智力+&,FF00b1ff,25,iq_value,-5;-8,0,0,1
558,力量+&,FF00b1ff,35,str_value,-5;-8,0,0,1
559,耐力+&,FF00b1ff,45,endu_value,-5;-8,0,0,1
560,敏捷+&,FF00b1ff,65,agi_value,-5;-8,0,0,1
561,体质+&,FF00b1ff,15,cons_value,-5;-9,0,0,1
562,智力+&,FF00b1ff,25,iq_value,-5;-9,0,0,1
563,力量+&,FF00b1ff,35,str_value,-5;-9,0,0,1
564,耐力+&,FF00b1ff,45,endu_value,-5;-9,0,0,1
565,敏捷+&,FF00b1ff,65,agi_value,-5;-9,0,0,1
566,体质+&,FF00b1ff,15,cons_value,-6;-10,0,0,1
567,智力+&,FF00b1ff,25,iq_value,-6;-11,0,0,1
568,力量+&,FF00b1ff,35,str_value,-6;-12,0,0,1
569,耐力+&,FF00b1ff,45,endu_value,-6;-13,0,0,1
570,敏捷+&,FF00b1ff,65,agi_value,-6;-14,0,0,1
571,体质+&,FF00b1ff,15,cons_value,-7;-11,0,0,1
572,智力+&,FF00b1ff,25,iq_value,-7;-11,0,0,1
573,力量+&,FF00b1ff,35,str_value,-7;-11,0,0,1
574,耐力+&,FF00b1ff,45,endu_value,-7;-11,0,0,1
575,敏捷+&,FF00b1ff,65,agi_value,-7;-11,0,0,1
576,体质+&,FF00b1ff,15,cons_value,-7;-12,0,0,1
577,智力+&,FF00b1ff,25,iq_value,-7;-12,0,0,1
578,力量+&,FF00b1ff,35,str_value,-7;-12,0,0,1
579,耐力+&,FF00b1ff,45,endu_value,-7;-12,0,0,1
580,敏捷+&,FF00b1ff,65,agi_value,-7;-12,0,0,1
581,体质+&,FF00b1ff,15,cons_value,-8;-13,0,0,1
582,智力+&,FF00b1ff,25,iq_value,-8;-14,0,0,1
583,力量+&,FF00b1ff,35,str_value,-8;-15,0,0,1
584,耐力+&,FF00b1ff,45,endu_value,-8;-16,0,0,1
585,敏捷+&,FF00b1ff,65,agi_value,-8;-17,0,0,1
586,体质+&,FF00b1ff,15,cons_value,-9;-14,0,0,1
587,智力+&,FF00b1ff,25,iq_value,-9;-14,0,0,1
588,力量+&,FF00b1ff,35,str_value,-9;-14,0,0,1
589,耐力+&,FF00b1ff,45,endu_value,-9;-14,0,0,1
590,敏捷+&,FF00b1ff,65,agi_value,-9;-14,0,0,1
591,体质+&,FF00b1ff,15,cons_value,-9;-15,0,0,1
592,智力+&,FF00b1ff,25,iq_value,-9;-15,0,0,1
593,力量+&,FF00b1ff,35,str_value,-9;-15,0,0,1
594,耐力+&,FF00b1ff,45,endu_value,-9;-15,0,0,1
595,敏捷+&,FF00b1ff,65,agi_value,-9;-15,0,0,1
596,体质+&,FF00b1ff,15,cons_value,-10;-16,0,0,1
597,智力+&,FF00b1ff,25,iq_value,-10;-17,0,0,1
598,力量+&,FF00b1ff,35,str_value,-10;-18,0,0,1
599,耐力+&,FF00b1ff,45,endu_value,-10;-19,0,0,1
600,敏捷+&,FF00b1ff,65,agi_value,-10;-20,0,0,1
601,体质+&,FF00b1ff,15,cons_value,2;3,0,0,1
602,智力+&,FF00b1ff,25,iq_value,2;4,0,0,1
603,力量+&,FF00b1ff,35,str_value,2;5,0,0,1
604,耐力+&,FF00b1ff,45,endu_value,2;6,0,0,1
605,敏捷+&,FF00b1ff,65,agi_value,2;7,0,0,1
606,体质+&,FF00b1ff,15,cons_value,3;6,0,0,1
607,智力+&,FF00b1ff,25,iq_value,3;7,0,0,1
608,力量+&,FF00b1ff,35,str_value,3;8,0,0,1
609,耐力+&,FF00b1ff,45,endu_value,3;9,0,0,1
610,敏捷+&,FF00b1ff,65,agi_value,3;10,0,0,1
611,体质+&,FF00b1ff,15,cons_value,5;9,0,0,1
612,智力+&,FF00b1ff,25,iq_value,5;10,0,0,1
613,力量+&,FF00b1ff,35,str_value,5;11,0,0,1
614,耐力+&,FF00b1ff,45,endu_value,5;12,0,0,1
615,敏捷+&,FF00b1ff,65,agi_value,5;13,0,0,1
616,体质+&,FF00b1ff,15,cons_value,6;13,0,0,1
617,智力+&,FF00b1ff,25,iq_value,6;14,0,0,1
618,力量+&,FF00b1ff,35,str_value,6;15,0,0,1
619,耐力+&,FF00b1ff,45,endu_value,6;16,0,0,1
620,敏捷+&,FF00b1ff,65,agi_value,6;17,0,0,1
621,体质+&,FF00b1ff,15,cons_value,8;16,0,0,1
622,智力+&,FF00b1ff,25,iq_value,8;17,0,0,1
623,力量+&,FF00b1ff,35,str_value,8;18,0,0,1
624,耐力+&,FF00b1ff,45,endu_value,8;19,0,0,1
625,敏捷+&,FF00b1ff,65,agi_value,8;20,0,0,1
626,体质+&,FF00b1ff,15,cons_value,9;19,0,0,1
627,智力+&,FF00b1ff,25,iq_value,9;20,0,0,1
628,力量+&,FF00b1ff,35,str_value,9;21,0,0,1
629,耐力+&,FF00b1ff,45,endu_value,9;22,0,0,1
630,敏捷+&,FF00b1ff,65,agi_value,9;23,0,0,1
631,体质+&,FF00b1ff,15,cons_value,11;22,0,0,1
632,智力+&,FF00b1ff,25,iq_value,11;23,0,0,1
633,力量+&,FF00b1ff,35,str_value,11;24,0,0,1
634,耐力+&,FF00b1ff,45,endu_value,11;25,0,0,1
635,敏捷+&,FF00b1ff,65,agi_value,11;26,0,0,1
636,体质+&,FF00b1ff,15,cons_value,13;25,0,0,1
637,智力+&,FF00b1ff,25,iq_value,13;26,0,0,1
638,力量+&,FF00b1ff,35,str_value,13;27,0,0,1
639,耐力+&,FF00b1ff,45,endu_value,13;28,0,0,1
640,敏捷+&,FF00b1ff,65,agi_value,13;29,0,0,1
641,体质+&,FF00b1ff,15,cons_value,14;28,0,0,1
642,智力+&,FF00b1ff,25,iq_value,14;29,0,0,1
643,力量+&,FF00b1ff,35,str_value,14;30,0,0,1
644,耐力+&,FF00b1ff,45,endu_value,14;31,0,0,1
645,敏捷+&,FF00b1ff,65,agi_value,14;32,0,0,1
646,体质+&,FF00b1ff,15,cons_value,16;31,0,0,1
647,智力+&,FF00b1ff,25,iq_value,16;32,0,0,1
648,力量+&,FF00b1ff,35,str_value,16;33,0,0,1
649,耐力+&,FF00b1ff,45,endu_value,16;34,0,0,1
650,敏捷+&,FF00b1ff,65,agi_value,16;35,0,0,1
651,体质+&,FF00b1ff,15,cons_value,17;34,0,0,1
652,智力+&,FF00b1ff,25,iq_value,17;35,0,0,1
653,力量+&,FF00b1ff,35,str_value,17;36,0,0,1
654,耐力+&,FF00b1ff,45,endu_value,17;37,0,0,1
655,敏捷+&,FF00b1ff,65,agi_value,17;38,0,0,1
656,体质+&,FF00b1ff,15,cons_value,19;38,0,0,1
657,智力+&,FF00b1ff,25,iq_value,19;39,0,0,1
658,力量+&,FF00b1ff,35,str_value,19;40,0,0,1
659,耐力+&,FF00b1ff,45,endu_value,19;41,0,0,1
660,敏捷+&,FF00b1ff,65,agi_value,19;42,0,0,1
661,体质+&,FF00b1ff,15,cons_value,20;41,0,0,1
662,智力+&,FF00b1ff,25,iq_value,20;42,0,0,1
663,力量+&,FF00b1ff,35,str_value,20;43,0,0,1
664,耐力+&,FF00b1ff,45,endu_value,20;44,0,0,1
665,敏捷+&,FF00b1ff,65,agi_value,20;45,0,0,1
666,体质+&,FF00b1ff,15,cons_value,22;44,0,0,1
667,智力+&,FF00b1ff,25,iq_value,22;45,0,0,1
668,力量+&,FF00b1ff,35,str_value,22;46,0,0,1
669,耐力+&,FF00b1ff,45,endu_value,22;47,0,0,1
670,敏捷+&,FF00b1ff,65,agi_value,22;48,0,0,1
671,体质+&,FF00b1ff,15,cons_value,23;47,0,0,1
672,智力+&,FF00b1ff,25,iq_value,23;48,0,0,1
673,力量+&,FF00b1ff,35,str_value,23;49,0,0,1
674,耐力+&,FF00b1ff,45,endu_value,23;50,0,0,1
675,敏捷+&,FF00b1ff,65,agi_value,23;51,0,0,1
676,体质+&,FF00b1ff,15,cons_value,2;5,0,0,1
677,智力+&,FF00b1ff,25,iq_value,2;6,0,0,1
678,力量+&,FF00b1ff,35,str_value,2;7,0,0,1
679,耐力+&,FF00b1ff,45,endu_value,2;8,0,0,1
680,敏捷+&,FF00b1ff,65,agi_value,2;9,0,0,1
681,体质+&,FF00b1ff,15,cons_value,5;9,0,0,1
682,智力+&,FF00b1ff,25,iq_value,5;10,0,0,1
683,力量+&,FF00b1ff,35,str_value,5;11,0,0,1
684,耐力+&,FF00b1ff,45,endu_value,5;12,0,0,1
685,敏捷+&,FF00b1ff,65,agi_value,5;13,0,0,1
686,体质+&,FF00b1ff,15,cons_value,7;14,0,0,1
687,智力+&,FF00b1ff,25,iq_value,7;15,0,0,1
688,力量+&,FF00b1ff,35,str_value,7;16,0,0,1
689,耐力+&,FF00b1ff,45,endu_value,7;17,0,0,1
690,敏捷+&,FF00b1ff,65,agi_value,7;18,0,0,1
691,体质+&,FF00b1ff,15,cons_value,9;19,0,0,1
692,智力+&,FF00b1ff,25,iq_value,9;20,0,0,1
693,力量+&,FF00b1ff,35,str_value,9;21,0,0,1
694,耐力+&,FF00b1ff,45,endu_value,9;22,0,0,1
695,敏捷+&,FF00b1ff,65,agi_value,9;23,0,0,1
696,体质+&,FF00b1ff,15,cons_value,12;23,0,0,1
697,智力+&,FF00b1ff,25,iq_value,12;24,0,0,1
698,力量+&,FF00b1ff,35,str_value,12;25,0,0,1
699,耐力+&,FF00b1ff,45,endu_value,12;26,0,0,1
700,敏捷+&,FF00b1ff,65,agi_value,12;27,0,0,1
701,体质+&,FF00b1ff,15,cons_value,14;28,0,0,1
702,智力+&,FF00b1ff,25,iq_value,14;29,0,0,1
703,力量+&,FF00b1ff,35,str_value,14;30,0,0,1
704,耐力+&,FF00b1ff,45,endu_value,14;31,0,0,1
705,敏捷+&,FF00b1ff,65,agi_value,14;32,0,0,1
706,体质+&,FF00b1ff,15,cons_value,16;33,0,0,1
707,智力+&,FF00b1ff,25,iq_value,16;34,0,0,1
708,力量+&,FF00b1ff,35,str_value,16;35,0,0,1
709,耐力+&,FF00b1ff,45,endu_value,16;36,0,0,1
710,敏捷+&,FF00b1ff,65,agi_value,16;37,0,0,1
711,体质+&,FF00b1ff,15,cons_value,19;38,0,0,1
712,智力+&,FF00b1ff,25,iq_value,19;39,0,0,1
713,力量+&,FF00b1ff,35,str_value,19;40,0,0,1
714,耐力+&,FF00b1ff,45,endu_value,19;41,0,0,1
715,敏捷+&,FF00b1ff,65,agi_value,19;42,0,0,1
716,体质+&,FF00b1ff,15,cons_value,21;42,0,0,1
717,智力+&,FF00b1ff,25,iq_value,21;43,0,0,1
718,力量+&,FF00b1ff,35,str_value,21;44,0,0,1
719,耐力+&,FF00b1ff,45,endu_value,21;45,0,0,1
720,敏捷+&,FF00b1ff,65,agi_value,21;46,0,0,1
721,体质+&,FF00b1ff,15,cons_value,23;47,0,0,1
722,智力+&,FF00b1ff,25,iq_value,23;48,0,0,1
723,力量+&,FF00b1ff,35,str_value,23;49,0,0,1
724,耐力+&,FF00b1ff,45,endu_value,23;50,0,0,1
725,敏捷+&,FF00b1ff,65,agi_value,23;51,0,0,1
726,体质+&,FF00b1ff,15,cons_value,26;52,0,0,1
727,智力+&,FF00b1ff,25,iq_value,26;53,0,0,1
728,力量+&,FF00b1ff,35,str_value,26;54,0,0,1
729,耐力+&,FF00b1ff,45,endu_value,26;55,0,0,1
730,敏捷+&,FF00b1ff,65,agi_value,26;56,0,0,1
731,体质+&,FF00b1ff,15,cons_value,28;56,0,0,1
732,智力+&,FF00b1ff,25,iq_value,28;57,0,0,1
733,力量+&,FF00b1ff,35,str_value,28;58,0,0,1
734,耐力+&,FF00b1ff,45,endu_value,28;59,0,0,1
735,敏捷+&,FF00b1ff,65,agi_value,28;60,0,0,1
736,体质+&,FF00b1ff,15,cons_value,30;61,0,0,1
737,智力+&,FF00b1ff,25,iq_value,30;62,0,0,1
738,力量+&,FF00b1ff,35,str_value,30;63,0,0,1
739,耐力+&,FF00b1ff,45,endu_value,30;64,0,0,1
740,敏捷+&,FF00b1ff,65,agi_value,30;65,0,0,1
741,体质+&,FF00b1ff,15,cons_value,33;66,0,0,1
742,智力+&,FF00b1ff,25,iq_value,33;67,0,0,1
743,力量+&,FF00b1ff,35,str_value,33;68,0,0,1
744,耐力+&,FF00b1ff,45,endu_value,33;69,0,0,1
745,敏捷+&,FF00b1ff,65,agi_value,33;70,0,0,1
746,体质+&,FF00b1ff,15,cons_value,35;70,0,0,1
747,智力+&,FF00b1ff,25,iq_value,35;71,0,0,1
748,力量+&,FF00b1ff,35,str_value,35;72,0,0,1
749,耐力+&,FF00b1ff,45,endu_value,35;73,0,0,1
750,敏捷+&,FF00b1ff,65,agi_value,35;74,0,0,1
751,体质+&,FF00b1ff,15,cons_value,3;6,0,0,1
752,智力+&,FF00b1ff,25,iq_value,3;7,0,0,1
753,力量+&,FF00b1ff,35,str_value,3;8,0,0,1
754,耐力+&,FF00b1ff,45,endu_value,3;9,0,0,1
755,敏捷+&,FF00b1ff,65,agi_value,3;10,0,0,1
756,体质+&,FF00b1ff,15,cons_value,6;13,0,0,1
757,智力+&,FF00b1ff,25,iq_value,6;14,0,0,1
758,力量+&,FF00b1ff,35,str_value,6;15,0,0,1
759,耐力+&,FF00b1ff,45,endu_value,6;16,0,0,1
760,敏捷+&,FF00b1ff,65,agi_value,6;17,0,0,1
761,体质+&,FF00b1ff,15,cons_value,9;19,0,0,1
762,智力+&,FF00b1ff,25,iq_value,9;20,0,0,1
763,力量+&,FF00b1ff,35,str_value,9;21,0,0,1
764,耐力+&,FF00b1ff,45,endu_value,9;22,0,0,1
765,敏捷+&,FF00b1ff,65,agi_value,9;23,0,0,1
766,体质+&,FF00b1ff,15,cons_value,13;25,0,0,1
767,智力+&,FF00b1ff,25,iq_value,13;26,0,0,1
768,力量+&,FF00b1ff,35,str_value,13;27,0,0,1
769,耐力+&,FF00b1ff,45,endu_value,13;28,0,0,1
770,敏捷+&,FF00b1ff,65,agi_value,13;29,0,0,1
771,体质+&,FF00b1ff,15,cons_value,16;31,0,0,1
772,智力+&,FF00b1ff,25,iq_value,16;32,0,0,1
773,力量+&,FF00b1ff,35,str_value,16;33,0,0,1
774,耐力+&,FF00b1ff,45,endu_value,16;34,0,0,1
775,敏捷+&,FF00b1ff,65,agi_value,16;35,0,0,1
776,体质+&,FF00b1ff,15,cons_value,19;38,0,0,1
777,智力+&,FF00b1ff,25,iq_value,19;39,0,0,1
778,力量+&,FF00b1ff,35,str_value,19;40,0,0,1
779,耐力+&,FF00b1ff,45,endu_value,19;41,0,0,1
780,敏捷+&,FF00b1ff,65,agi_value,19;42,0,0,1
781,体质+&,FF00b1ff,15,cons_value,22;44,0,0,1
782,智力+&,FF00b1ff,25,iq_value,22;45,0,0,1
783,力量+&,FF00b1ff,35,str_value,22;46,0,0,1
784,耐力+&,FF00b1ff,45,endu_value,22;47,0,0,1
785,敏捷+&,FF00b1ff,65,agi_value,22;48,0,0,1
786,体质+&,FF00b1ff,15,cons_value,25;50,0,0,1
787,智力+&,FF00b1ff,25,iq_value,25;51,0,0,1
788,力量+&,FF00b1ff,35,str_value,25;52,0,0,1
789,耐力+&,FF00b1ff,45,endu_value,25;53,0,0,1
790,敏捷+&,FF00b1ff,65,agi_value,25;54,0,0,1
791,体质+&,FF00b1ff,15,cons_value,28;56,0,0,1
792,智力+&,FF00b1ff,25,iq_value,28;57,0,0,1
793,力量+&,FF00b1ff,35,str_value,28;58,0,0,1
794,耐力+&,FF00b1ff,45,endu_value,28;59,0,0,1
795,敏捷+&,FF00b1ff,65,agi_value,28;60,0,0,1
796,体质+&,FF00b1ff,15,cons_value,31;63,0,0,1
797,智力+&,FF00b1ff,25,iq_value,31;64,0,0,1
798,力量+&,FF00b1ff,35,str_value,31;65,0,0,1
799,耐力+&,FF00b1ff,45,endu_value,31;66,0,0,1
800,敏捷+&,FF00b1ff,65,agi_value,31;67,0,0,1
801,体质+&,FF00b1ff,15,cons_value,34;69,0,0,1
802,智力+&,FF00b1ff,25,iq_value,34;70,0,0,1
803,力量+&,FF00b1ff,35,str_value,34;71,0,0,1
804,耐力+&,FF00b1ff,45,endu_value,34;72,0,0,1
805,敏捷+&,FF00b1ff,65,agi_value,34;73,0,0,1
806,体质+&,FF00b1ff,15,cons_value,38;75,0,0,1
807,智力+&,FF00b1ff,25,iq_value,38;76,0,0,1
808,力量+&,FF00b1ff,35,str_value,38;77,0,0,1
809,耐力+&,FF00b1ff,45,endu_value,38;78,0,0,1
810,敏捷+&,FF00b1ff,65,agi_value,38;79,0,0,1
811,体质+&,FF00b1ff,15,cons_value,41;81,0,0,1
812,智力+&,FF00b1ff,25,iq_value,41;82,0,0,1
813,力量+&,FF00b1ff,35,str_value,41;83,0,0,1
814,耐力+&,FF00b1ff,45,endu_value,41;84,0,0,1
815,敏捷+&,FF00b1ff,65,agi_value,41;85,0,0,1
816,体质+&,FF00b1ff,15,cons_value,44;88,0,0,1
817,智力+&,FF00b1ff,25,iq_value,44;89,0,0,1
818,力量+&,FF00b1ff,35,str_value,44;90,0,0,1
819,耐力+&,FF00b1ff,45,endu_value,44;91,0,0,1
820,敏捷+&,FF00b1ff,65,agi_value,44;92,0,0,1
821,体质+&,FF00b1ff,15,cons_value,47;94,0,0,1
822,智力+&,FF00b1ff,25,iq_value,47;95,0,0,1
823,力量+&,FF00b1ff,35,str_value,47;96,0,0,1
824,耐力+&,FF00b1ff,45,endu_value,47;97,0,0,1
825,敏捷+&,FF00b1ff,65,agi_value,47;98,0,0,1
826,体质+&,FF00b1ff,15,cons_value,-1;-2,0,0,1
827,智力+&,FF00b1ff,25,iq_value,-1;-3,0,0,1
828,力量+&,FF00b1ff,35,str_value,-1;-4,0,0,1
829,耐力+&,FF00b1ff,45,endu_value,-1;-5,0,0,1
830,敏捷+&,FF00b1ff,65,agi_value,-1;-6,0,0,1
831,体质+&,FF00b1ff,15,cons_value,-2;-3,0,0,1
832,智力+&,FF00b1ff,25,iq_value,-2;-4,0,0,1
833,力量+&,FF00b1ff,35,str_value,-2;-5,0,0,1
834,耐力+&,FF00b1ff,45,endu_value,-2;-6,0,0,1
835,敏捷+&,FF00b1ff,65,agi_value,-2;-7,0,0,1
836,体质+&,FF00b1ff,15,cons_value,-3;-5,0,0,1
837,智力+&,FF00b1ff,25,iq_value,-3;-6,0,0,1
838,力量+&,FF00b1ff,35,str_value,-3;-7,0,0,1
839,耐力+&,FF00b1ff,45,endu_value,-3;-8,0,0,1
840,敏捷+&,FF00b1ff,65,agi_value,-3;-9,0,0,1
841,体质+&,FF00b1ff,15,cons_value,-4;-6,0,0,1
842,智力+&,FF00b1ff,25,iq_value,-4;-6,0,0,1
843,力量+&,FF00b1ff,35,str_value,-4;-6,0,0,1
844,耐力+&,FF00b1ff,45,endu_value,-4;-6,0,0,1
845,敏捷+&,FF00b1ff,65,agi_value,-4;-6,0,0,1
846,体质+&,FF00b1ff,15,cons_value,-4;-8,0,0,1
847,智力+&,FF00b1ff,25,iq_value,-4;-8,0,0,1
848,力量+&,FF00b1ff,35,str_value,-4;-8,0,0,1
849,耐力+&,FF00b1ff,45,endu_value,-4;-8,0,0,1
850,敏捷+&,FF00b1ff,65,agi_value,-4;-8,0,0,1
851,体质+&,FF00b1ff,15,cons_value,-5;-9,0,0,1
852,智力+&,FF00b1ff,25,iq_value,-5;-10,0,0,1
853,力量+&,FF00b1ff,35,str_value,-5;-11,0,0,1
854,耐力+&,FF00b1ff,45,endu_value,-5;-12,0,0,1
855,敏捷+&,FF00b1ff,65,agi_value,-5;-13,0,0,1
856,体质+&,FF00b1ff,15,cons_value,-6;-11,0,0,1
857,智力+&,FF00b1ff,25,iq_value,-6;-12,0,0,1
858,力量+&,FF00b1ff,35,str_value,-6;-13,0,0,1
859,耐力+&,FF00b1ff,45,endu_value,-6;-14,0,0,1
860,敏捷+&,FF00b1ff,65,agi_value,-6;-15,0,0,1
861,体质+&,FF00b1ff,15,cons_value,-7;-13,0,0,1
862,智力+&,FF00b1ff,25,iq_value,-7;-14,0,0,1
863,力量+&,FF00b1ff,35,str_value,-7;-15,0,0,1
864,耐力+&,FF00b1ff,45,endu_value,-7;-16,0,0,1
865,敏捷+&,FF00b1ff,65,agi_value,-7;-17,0,0,1
866,体质+&,FF00b1ff,15,cons_value,-8;-14,0,0,1
867,智力+&,FF00b1ff,25,iq_value,-8;-14,0,0,1
868,力量+&,FF00b1ff,35,str_value,-8;-14,0,0,1
869,耐力+&,FF00b1ff,45,endu_value,-8;-14,0,0,1
870,敏捷+&,FF00b1ff,65,agi_value,-8;-14,0,0,1
871,体质+&,FF00b1ff,15,cons_value,-8;-16,0,0,1
872,智力+&,FF00b1ff,25,iq_value,-8;-16,0,0,1
873,力量+&,FF00b1ff,35,str_value,-8;-16,0,0,1
874,耐力+&,FF00b1ff,45,endu_value,-8;-16,0,0,1
875,敏捷+&,FF00b1ff,65,agi_value,-8;-16,0,0,1
876,体质+&,FF00b1ff,15,cons_value,-9;-17,0,0,1
877,智力+&,FF00b1ff,25,iq_value,-9;-18,0,0,1
878,力量+&,FF00b1ff,35,str_value,-9;-19,0,0,1
879,耐力+&,FF00b1ff,45,endu_value,-9;-20,0,0,1
880,敏捷+&,FF00b1ff,65,agi_value,-9;-21,0,0,1
881,体质+&,FF00b1ff,15,cons_value,-10;-19,0,0,1
882,智力+&,FF00b1ff,25,iq_value,-10;-20,0,0,1
883,力量+&,FF00b1ff,35,str_value,-10;-21,0,0,1
884,耐力+&,FF00b1ff,45,endu_value,-10;-22,0,0,1
885,敏捷+&,FF00b1ff,65,agi_value,-10;-23,0,0,1
886,体质+&,FF00b1ff,15,cons_value,-11;-20,0,0,1
887,智力+&,FF00b1ff,25,iq_value,-11;-20,0,0,1
888,力量+&,FF00b1ff,35,str_value,-11;-20,0,0,1
889,耐力+&,FF00b1ff,45,endu_value,-11;-20,0,0,1
890,敏捷+&,FF00b1ff,65,agi_value,-11;-20,0,0,1
891,体质+&,FF00b1ff,15,cons_value,-11;-22,0,0,1
892,智力+&,FF00b1ff,25,iq_value,-11;-22,0,0,1
893,力量+&,FF00b1ff,35,str_value,-11;-22,0,0,1
894,耐力+&,FF00b1ff,45,endu_value,-11;-22,0,0,1
895,敏捷+&,FF00b1ff,65,agi_value,-11;-22,0,0,1
896,体质+&,FF00b1ff,15,cons_value,-12;-23,0,0,1
897,智力+&,FF00b1ff,25,iq_value,-12;-24,0,0,1
898,力量+&,FF00b1ff,35,str_value,-12;-25,0,0,1
899,耐力+&,FF00b1ff,45,endu_value,-12;-26,0,0,1
900,敏捷+&,FF00b1ff,65,agi_value,-12;-27,0,0,1
901,体质+&,FF00b1ff,15,cons_value,2;3,0,0,1
902,智力+&,FF00b1ff,25,iq_value,2;4,0,0,1
903,力量+&,FF00b1ff,35,str_value,2;5,0,0,1
904,耐力+&,FF00b1ff,45,endu_value,2;6,0,0,1
905,敏捷+&,FF00b1ff,65,agi_value,2;7,0,0,1
906,体质+&,FF00b1ff,15,cons_value,4;6,0,0,1
907,智力+&,FF00b1ff,25,iq_value,4;7,0,0,1
908,力量+&,FF00b1ff,35,str_value,4;8,0,0,1
909,耐力+&,FF00b1ff,45,endu_value,4;9,0,0,1
910,敏捷+&,FF00b1ff,65,agi_value,4;10,0,0,1
911,体质+&,FF00b1ff,15,cons_value,7;9,0,0,1
912,智力+&,FF00b1ff,25,iq_value,7;10,0,0,1
913,力量+&,FF00b1ff,35,str_value,7;11,0,0,1
914,耐力+&,FF00b1ff,45,endu_value,7;12,0,0,1
915,敏捷+&,FF00b1ff,65,agi_value,7;13,0,0,1
916,体质+&,FF00b1ff,15,cons_value,9;13,0,0,1
917,智力+&,FF00b1ff,25,iq_value,9;14,0,0,1
918,力量+&,FF00b1ff,35,str_value,9;15,0,0,1
919,耐力+&,FF00b1ff,45,endu_value,9;16,0,0,1
920,敏捷+&,FF00b1ff,65,agi_value,9;17,0,0,1
921,体质+&,FF00b1ff,15,cons_value,11;16,0,0,1
922,智力+&,FF00b1ff,25,iq_value,11;17,0,0,1
923,力量+&,FF00b1ff,35,str_value,11;18,0,0,1
924,耐力+&,FF00b1ff,45,endu_value,11;19,0,0,1
925,敏捷+&,FF00b1ff,65,agi_value,11;20,0,0,1
926,体质+&,FF00b1ff,15,cons_value,13;19,0,0,1
927,智力+&,FF00b1ff,25,iq_value,13;20,0,0,1
928,力量+&,FF00b1ff,35,str_value,13;21,0,0,1
929,耐力+&,FF00b1ff,45,endu_value,13;22,0,0,1
930,敏捷+&,FF00b1ff,65,agi_value,13;23,0,0,1
931,体质+&,FF00b1ff,15,cons_value,15;22,0,0,1
932,智力+&,FF00b1ff,25,iq_value,15;23,0,0,1
933,力量+&,FF00b1ff,35,str_value,15;24,0,0,1
934,耐力+&,FF00b1ff,45,endu_value,15;25,0,0,1
935,敏捷+&,FF00b1ff,65,agi_value,15;26,0,0,1
936,体质+&,FF00b1ff,15,cons_value,18;25,0,0,1
937,智力+&,FF00b1ff,25,iq_value,18;26,0,0,1
938,力量+&,FF00b1ff,35,str_value,18;27,0,0,1
939,耐力+&,FF00b1ff,45,endu_value,18;28,0,0,1
940,敏捷+&,FF00b1ff,65,agi_value,18;29,0,0,1
941,体质+&,FF00b1ff,15,cons_value,20;28,0,0,1
942,智力+&,FF00b1ff,25,iq_value,20;29,0,0,1
943,力量+&,FF00b1ff,35,str_value,20;30,0,0,1
944,耐力+&,FF00b1ff,45,endu_value,20;31,0,0,1
945,敏捷+&,FF00b1ff,65,agi_value,20;32,0,0,1
946,体质+&,FF00b1ff,15,cons_value,22;31,0,0,1
947,智力+&,FF00b1ff,25,iq_value,22;32,0,0,1
948,力量+&,FF00b1ff,35,str_value,22;33,0,0,1
949,耐力+&,FF00b1ff,45,endu_value,22;34,0,0,1
950,敏捷+&,FF00b1ff,65,agi_value,22;35,0,0,1
951,体质+&,FF00b1ff,15,cons_value,24;34,0,0,1
952,智力+&,FF00b1ff,25,iq_value,24;35,0,0,1
953,力量+&,FF00b1ff,35,str_value,24;36,0,0,1
954,耐力+&,FF00b1ff,45,endu_value,24;37,0,0,1
955,敏捷+&,FF00b1ff,65,agi_value,24;38,0,0,1
956,体质+&,FF00b1ff,15,cons_value,26;38,0,0,1
957,智力+&,FF00b1ff,25,iq_value,26;39,0,0,1
958,力量+&,FF00b1ff,35,str_value,26;40,0,0,1
959,耐力+&,FF00b1ff,45,endu_value,26;41,0,0,1
960,敏捷+&,FF00b1ff,65,agi_value,26;42,0,0,1
961,体质+&,FF00b1ff,15,cons_value,28;41,0,0,1
962,智力+&,FF00b1ff,25,iq_value,28;42,0,0,1
963,力量+&,FF00b1ff,35,str_value,28;43,0,0,1
964,耐力+&,FF00b1ff,45,endu_value,28;44,0,0,1
965,敏捷+&,FF00b1ff,65,agi_value,28;45,0,0,1
966,体质+&,FF00b1ff,15,cons_value,31;44,0,0,1
967,智力+&,FF00b1ff,25,iq_value,31;45,0,0,1
968,力量+&,FF00b1ff,35,str_value,31;46,0,0,1
969,耐力+&,FF00b1ff,45,endu_value,31;47,0,0,1
970,敏捷+&,FF00b1ff,65,agi_value,31;48,0,0,1
971,体质+&,FF00b1ff,15,cons_value,18;120,0,0,1
972,智力+&,FF00b1ff,25,iq_value,18;120,0,0,1
973,力量+&,FF00b1ff,35,str_value,18;120,0,0,1
974,耐力+&,FF00b1ff,45,endu_value,18;120,0,0,1
975,敏捷+&,FF00b1ff,65,agi_value,33;51,0,0,1
976,体质+&,FF00b1ff,15,cons_value,3;5,0,0,1
977,智力+&,FF00b1ff,25,iq_value,3;6,0,0,1
978,力量+&,FF00b1ff,35,str_value,3;7,0,0,1
979,耐力+&,FF00b1ff,45,endu_value,3;8,0,0,1
980,敏捷+&,FF00b1ff,65,agi_value,3;9,0,0,1
981,体质+&,FF00b1ff,15,cons_value,7;9,0,0,1
982,智力+&,FF00b1ff,25,iq_value,7;10,0,0,1
983,力量+&,FF00b1ff,35,str_value,7;11,0,0,1
984,耐力+&,FF00b1ff,45,endu_value,7;12,0,0,1
985,敏捷+&,FF00b1ff,65,agi_value,7;13,0,0,1
986,体质+&,FF00b1ff,15,cons_value,10;14,0,0,1
987,智力+&,FF00b1ff,25,iq_value,10;15,0,0,1
988,力量+&,FF00b1ff,35,str_value,10;16,0,0,1
989,耐力+&,FF00b1ff,45,endu_value,10;17,0,0,1
990,敏捷+&,FF00b1ff,65,agi_value,10;18,0,0,1
991,体质+&,FF00b1ff,15,cons_value,13;19,0,0,1
992,智力+&,FF00b1ff,25,iq_value,13;20,0,0,1
993,力量+&,FF00b1ff,35,str_value,13;21,0,0,1
994,耐力+&,FF00b1ff,45,endu_value,13;22,0,0,1
995,敏捷+&,FF00b1ff,65,agi_value,13;23,0,0,1
996,体质+&,FF00b1ff,15,cons_value,16;23,0,0,1
997,智力+&,FF00b1ff,25,iq_value,16;24,0,0,1
998,力量+&,FF00b1ff,35,str_value,16;25,0,0,1
999,耐力+&,FF00b1ff,45,endu_value,16;26,0,0,1
1000,敏捷+&,FF00b1ff,65,agi_value,16;27,0,0,1
1001,体质+&,FF00b1ff,15,cons_value,20;28,0,0,1
1002,智力+&,FF00b1ff,25,iq_value,20;29,0,0,1
1003,力量+&,FF00b1ff,35,str_value,20;30,0,0,1
1004,耐力+&,FF00b1ff,45,endu_value,20;31,0,0,1
1005,敏捷+&,FF00b1ff,65,agi_value,20;32,0,0,1
1006,体质+&,FF00b1ff,15,cons_value,23;33,0,0,1
1007,智力+&,FF00b1ff,25,iq_value,23;34,0,0,1
1008,力量+&,FF00b1ff,35,str_value,23;35,0,0,1
1009,耐力+&,FF00b1ff,45,endu_value,23;36,0,0,1
1010,敏捷+&,FF00b1ff,65,agi_value,23;37,0,0,1
1011,体质+&,FF00b1ff,15,cons_value,26;38,0,0,1
1012,智力+&,FF00b1ff,25,iq_value,26;39,0,0,1
1013,力量+&,FF00b1ff,35,str_value,26;40,0,0,1
1014,耐力+&,FF00b1ff,45,endu_value,26;41,0,0,1
1015,敏捷+&,FF00b1ff,65,agi_value,26;42,0,0,1
1016,体质+&,FF00b1ff,15,cons_value,30;42,0,0,1
1017,智力+&,FF00b1ff,25,iq_value,30;43,0,0,1
1018,力量+&,FF00b1ff,35,str_value,30;44,0,0,1
1019,耐力+&,FF00b1ff,45,endu_value,30;45,0,0,1
1020,敏捷+&,FF00b1ff,65,agi_value,30;46,0,0,1
1021,体质+&,FF00b1ff,15,cons_value,33;47,0,0,1
1022,智力+&,FF00b1ff,25,iq_value,33;48,0,0,1
1023,力量+&,FF00b1ff,35,str_value,33;49,0,0,1
1024,耐力+&,FF00b1ff,45,endu_value,33;50,0,0,1
1025,敏捷+&,FF00b1ff,65,agi_value,33;51,0,0,1
1026,体质+&,FF00b1ff,15,cons_value,36;52,0,0,1
1027,智力+&,FF00b1ff,25,iq_value,36;53,0,0,1
1028,力量+&,FF00b1ff,35,str_value,36;54,0,0,1
1029,耐力+&,FF00b1ff,45,endu_value,36;55,0,0,1
1030,敏捷+&,FF00b1ff,65,agi_value,36;56,0,0,1
1031,体质+&,FF00b1ff,15,cons_value,39;56,0,0,1
1032,智力+&,FF00b1ff,25,iq_value,39;57,0,0,1
1033,力量+&,FF00b1ff,35,str_value,39;58,0,0,1
1034,耐力+&,FF00b1ff,45,endu_value,39;59,0,0,1
1035,敏捷+&,FF00b1ff,65,agi_value,39;60,0,0,1
1036,体质+&,FF00b1ff,15,cons_value,43;61,0,0,1
1037,智力+&,FF00b1ff,25,iq_value,43;62,0,0,1
1038,力量+&,FF00b1ff,35,str_value,43;63,0,0,1
1039,耐力+&,FF00b1ff,45,endu_value,43;64,0,0,1
1040,敏捷+&,FF00b1ff,65,agi_value,43;65,0,0,1
1041,体质+&,FF00b1ff,15,cons_value,46;66,0,0,1
1042,智力+&,FF00b1ff,25,iq_value,46;67,0,0,1
1043,力量+&,FF00b1ff,35,str_value,46;68,0,0,1
1044,耐力+&,FF00b1ff,45,endu_value,46;69,0,0,1
1045,敏捷+&,FF00b1ff,65,agi_value,46;70,0,0,1
1046,体质+&,FF00b1ff,15,cons_value,49;70,0,0,1
1047,智力+&,FF00b1ff,25,iq_value,49;71,0,0,1
1048,力量+&,FF00b1ff,35,str_value,49;72,0,0,1
1049,耐力+&,FF00b1ff,45,endu_value,49;73,0,0,1
1050,敏捷+&,FF00b1ff,65,agi_value,49;74,0,0,1
1051,体质+&,FF00b1ff,15,cons_value,4;6,0,0,1
1052,智力+&,FF00b1ff,25,iq_value,4;7,0,0,1
1053,力量+&,FF00b1ff,35,str_value,4;8,0,0,1
1054,耐力+&,FF00b1ff,45,endu_value,4;9,0,0,1
1055,敏捷+&,FF00b1ff,65,agi_value,4;10,0,0,1
1056,体质+&,FF00b1ff,15,cons_value,9;13,0,0,1
1057,智力+&,FF00b1ff,25,iq_value,9;14,0,0,1
1058,力量+&,FF00b1ff,35,str_value,9;15,0,0,1
1059,耐力+&,FF00b1ff,45,endu_value,9;16,0,0,1
1060,敏捷+&,FF00b1ff,65,agi_value,9;17,0,0,1
1061,体质+&,FF00b1ff,15,cons_value,13;19,0,0,1
1062,智力+&,FF00b1ff,25,iq_value,13;20,0,0,1
1063,力量+&,FF00b1ff,35,str_value,13;21,0,0,1
1064,耐力+&,FF00b1ff,45,endu_value,13;22,0,0,1
1065,敏捷+&,FF00b1ff,65,agi_value,13;23,0,0,1
1066,体质+&,FF00b1ff,15,cons_value,18;25,0,0,1
1067,智力+&,FF00b1ff,25,iq_value,18;26,0,0,1
1068,力量+&,FF00b1ff,35,str_value,18;27,0,0,1
1069,耐力+&,FF00b1ff,45,endu_value,18;28,0,0,1
1070,敏捷+&,FF00b1ff,65,agi_value,18;29,0,0,1
1071,体质+&,FF00b1ff,15,cons_value,22;31,0,0,1
1072,智力+&,FF00b1ff,25,iq_value,22;32,0,0,1
1073,力量+&,FF00b1ff,35,str_value,22;33,0,0,1
1074,耐力+&,FF00b1ff,45,endu_value,22;34,0,0,1
1075,敏捷+&,FF00b1ff,65,agi_value,22;35,0,0,1
1076,体质+&,FF00b1ff,15,cons_value,26;38,0,0,1
1077,智力+&,FF00b1ff,25,iq_value,26;39,0,0,1
1078,力量+&,FF00b1ff,35,str_value,26;40,0,0,1
1079,耐力+&,FF00b1ff,45,endu_value,26;41,0,0,1
1080,敏捷+&,FF00b1ff,65,agi_value,26;42,0,0,1
1081,体质+&,FF00b1ff,15,cons_value,31;44,0,0,1
1082,智力+&,FF00b1ff,25,iq_value,31;45,0,0,1
1083,力量+&,FF00b1ff,35,str_value,31;46,0,0,1
1084,耐力+&,FF00b1ff,45,endu_value,31;47,0,0,1
1085,敏捷+&,FF00b1ff,65,agi_value,31;48,0,0,1
1086,体质+&,FF00b1ff,15,cons_value,35;50,0,0,1
1087,智力+&,FF00b1ff,25,iq_value,35;51,0,0,1
1088,力量+&,FF00b1ff,35,str_value,35;52,0,0,1
1089,耐力+&,FF00b1ff,45,endu_value,35;53,0,0,1
1090,敏捷+&,FF00b1ff,65,agi_value,35;54,0,0,1
1091,体质+&,FF00b1ff,15,cons_value,39;56,0,0,1
1092,智力+&,FF00b1ff,25,iq_value,39;57,0,0,1
1093,力量+&,FF00b1ff,35,str_value,39;58,0,0,1
1094,耐力+&,FF00b1ff,45,endu_value,39;59,0,0,1
1095,敏捷+&,FF00b1ff,65,agi_value,39;60,0,0,1
1096,体质+&,FF00b1ff,15,cons_value,44;63,0,0,1
1097,智力+&,FF00b1ff,25,iq_value,44;64,0,0,1
1098,力量+&,FF00b1ff,35,str_value,44;65,0,0,1
1099,耐力+&,FF00b1ff,45,endu_value,44;66,0,0,1
1100,敏捷+&,FF00b1ff,65,agi_value,44;67,0,0,1
1101,体质+&,FF00b1ff,15,cons_value,48;69,0,0,1
1102,智力+&,FF00b1ff,25,iq_value,48;70,0,0,1
1103,力量+&,FF00b1ff,35,str_value,48;71,0,0,1
1104,耐力+&,FF00b1ff,45,endu_value,48;72,0,0,1
1105,敏捷+&,FF00b1ff,65,agi_value,48;73,0,0,1
1106,体质+&,FF00b1ff,15,cons_value,53;75,0,0,1
1107,智力+&,FF00b1ff,25,iq_value,53;76,0,0,1
1108,力量+&,FF00b1ff,35,str_value,53;77,0,0,1
1109,耐力+&,FF00b1ff,45,endu_value,53;78,0,0,1
1110,敏捷+&,FF00b1ff,65,agi_value,53;79,0,0,1
1111,体质+&,FF00b1ff,15,cons_value,57;81,0,0,1
1112,智力+&,FF00b1ff,25,iq_value,57;82,0,0,1
1113,力量+&,FF00b1ff,35,str_value,57;83,0,0,1
1114,耐力+&,FF00b1ff,45,endu_value,57;84,0,0,1
1115,敏捷+&,FF00b1ff,65,agi_value,57;85,0,0,1
1116,体质+&,FF00b1ff,15,cons_value,61;88,0,0,1
1117,智力+&,FF00b1ff,25,iq_value,61;89,0,0,1
1118,力量+&,FF00b1ff,35,str_value,61;90,0,0,1
1119,耐力+&,FF00b1ff,45,endu_value,61;91,0,0,1
1120,敏捷+&,FF00b1ff,65,agi_value,61;92,0,0,1
1121,体质+&,FF00b1ff,15,cons_value,18;120,0,0,1
1122,智力+&,FF00b1ff,25,iq_value,18;120,0,0,1
1123,力量+&,FF00b1ff,35,str_value,18;120,0,0,1
1124,耐力+&,FF00b1ff,45,endu_value,18;120,0,0,1
1125,敏捷+&,FF00b1ff,65,agi_value,18;120,0,0,1
1126,体质+&,FF00b1ff,15,cons_value,-2;-2,0,0,1
1127,智力+&,FF00b1ff,25,iq_value,-2;-3,0,0,1
1128,力量+&,FF00b1ff,35,str_value,-2;-4,0,0,1
1129,耐力+&,FF00b1ff,45,endu_value,-2;-5,0,0,1
1130,敏捷+&,FF00b1ff,65,agi_value,-2;-6,0,0,1
1131,体质+&,FF00b1ff,15,cons_value,-3;-3,0,0,1
1132,智力+&,FF00b1ff,25,iq_value,-3;-4,0,0,1
1133,力量+&,FF00b1ff,35,str_value,-3;-5,0,0,1
1134,耐力+&,FF00b1ff,45,endu_value,-3;-6,0,0,1
1135,敏捷+&,FF00b1ff,65,agi_value,-3;-7,0,0,1
1136,体质+&,FF00b1ff,15,cons_value,-4;-5,0,0,1
1137,智力+&,FF00b1ff,25,iq_value,-4;-6,0,0,1
1138,力量+&,FF00b1ff,35,str_value,-4;-7,0,0,1
1139,耐力+&,FF00b1ff,45,endu_value,-4;-8,0,0,1
1140,敏捷+&,FF00b1ff,65,agi_value,-4;-9,0,0,1
1141,体质+&,FF00b1ff,15,cons_value,-5;-6,0,0,1
1142,智力+&,FF00b1ff,25,iq_value,-5;-7,0,0,1
1143,力量+&,FF00b1ff,35,str_value,-5;-8,0,0,1
1144,耐力+&,FF00b1ff,45,endu_value,-5;-9,0,0,1
1145,敏捷+&,FF00b1ff,65,agi_value,-5;-10,0,0,1
1146,体质+&,FF00b1ff,15,cons_value,-6;-8,0,0,1
1147,智力+&,FF00b1ff,25,iq_value,-6;-9,0,0,1
1148,力量+&,FF00b1ff,35,str_value,-6;-10,0,0,1
1149,耐力+&,FF00b1ff,45,endu_value,-6;-11,0,0,1
1150,敏捷+&,FF00b1ff,65,agi_value,-6;-12,0,0,1
1151,体质+&,FF00b1ff,15,cons_value,-7;-9,0,0,1
1152,智力+&,FF00b1ff,25,iq_value,-7;-10,0,0,1
1153,力量+&,FF00b1ff,35,str_value,-7;-11,0,0,1
1154,耐力+&,FF00b1ff,45,endu_value,-7;-12,0,0,1
1155,敏捷+&,FF00b1ff,65,agi_value,-7;-13,0,0,1
1156,体质+&,FF00b1ff,15,cons_value,-8;-11,0,0,1
1157,智力+&,FF00b1ff,25,iq_value,-8;-12,0,0,1
1158,力量+&,FF00b1ff,35,str_value,-8;-13,0,0,1
1159,耐力+&,FF00b1ff,45,endu_value,-8;-14,0,0,1
1160,敏捷+&,FF00b1ff,65,agi_value,-8;-15,0,0,1
1161,体质+&,FF00b1ff,15,cons_value,-9;-13,0,0,1
1162,智力+&,FF00b1ff,25,iq_value,-9;-14,0,0,1
1163,力量+&,FF00b1ff,35,str_value,-9;-15,0,0,1
1164,耐力+&,FF00b1ff,45,endu_value,-9;-16,0,0,1
1165,敏捷+&,FF00b1ff,65,agi_value,-9;-17,0,0,1
1166,体质+&,FF00b1ff,15,cons_value,-10;-14,0,0,1
1167,智力+&,FF00b1ff,25,iq_value,-10;-15,0,0,1
1168,力量+&,FF00b1ff,35,str_value,-10;-16,0,0,1
1169,耐力+&,FF00b1ff,45,endu_value,-10;-17,0,0,1
1170,敏捷+&,FF00b1ff,65,agi_value,-10;-18,0,0,1
1171,体质+&,FF00b1ff,15,cons_value,-11;-16,0,0,1
1172,智力+&,FF00b1ff,25,iq_value,-11;-17,0,0,1
1173,力量+&,FF00b1ff,35,str_value,-11;-18,0,0,1
1174,耐力+&,FF00b1ff,45,endu_value,-11;-19,0,0,1
1175,敏捷+&,FF00b1ff,65,agi_value,-11;-20,0,0,1
1176,体质+&,FF00b1ff,15,cons_value,-13;-17,0,0,1
1177,智力+&,FF00b1ff,25,iq_value,-13;-18,0,0,1
1178,力量+&,FF00b1ff,35,str_value,-13;-19,0,0,1
1179,耐力+&,FF00b1ff,45,endu_value,-13;-20,0,0,1
1180,敏捷+&,FF00b1ff,65,agi_value,-13;-21,0,0,1
1181,体质+&,FF00b1ff,15,cons_value,-14;-19,0,0,1
1182,智力+&,FF00b1ff,25,iq_value,-14;-20,0,0,1
1183,力量+&,FF00b1ff,35,str_value,-14;-21,0,0,1
1184,耐力+&,FF00b1ff,45,endu_value,-14;-22,0,0,1
1185,敏捷+&,FF00b1ff,65,agi_value,-14;-23,0,0,1
1186,体质+&,FF00b1ff,15,cons_value,-15;-20,0,0,1
1187,智力+&,FF00b1ff,25,iq_value,-15;-21,0,0,1
1188,力量+&,FF00b1ff,35,str_value,-15;-22,0,0,1
1189,耐力+&,FF00b1ff,45,endu_value,-15;-23,0,0,1
1190,敏捷+&,FF00b1ff,65,agi_value,-15;-24,0,0,1
1191,体质+&,FF00b1ff,15,cons_value,-16;-22,0,0,1
1192,智力+&,FF00b1ff,25,iq_value,-16;-23,0,0,1
1193,力量+&,FF00b1ff,35,str_value,-16;-24,0,0,1
1194,耐力+&,FF00b1ff,45,endu_value,-16;-25,0,0,1
1195,敏捷+&,FF00b1ff,65,agi_value,-16;-26,0,0,1
1196,体质+&,FF00b1ff,15,cons_value,18;120,0,0,1
1197,智力+&,FF00b1ff,25,iq_value,18;120,0,0,1
1198,力量+&,FF00b1ff,35,str_value,18;120,0,0,1
1199,耐力+&,FF00b1ff,45,endu_value,18;120,0,0,1
1200,敏捷+&,FF00b1ff,65,agi_value,18;120,0,0,1
1201,体质+&,FF00b1ff,15,cons_value,1;99,0,165003,1
1202,智力+&,FF00b1ff,25,iq_value,1;99,0,165003,1
1203,力量+&,FF00b1ff,35,str_value,1;99,0,165003,1
1204,耐力+&,FF00b1ff,45,endu_value,1;99,0,165003,1
1205,敏捷+&,FF00b1ff,65,agi_value,1;99,0,165003,1
1206,体质+&,FF00b1ff,15,cons_value,1;99,0,165003,1
1207,智力+&,FF00b1ff,25,iq_value,1;99,0,165003,1
1208,力量+&,FF00b1ff,35,str_value,1;99,0,165003,1
1209,耐力+&,FF00b1ff,45,endu_value,1;99,0,165003,1
1210,敏捷+&,FF00b1ff,65,agi_value,1;99,0,165003,1
1211,体质+&,FF00b1ff,15,cons_value,18;120,0,,1
1212,智力+&,FF00b1ff,25,iq_value,18;120,0,,1
1213,力量+&,FF00b1ff,35,str_value,18;120,0,,1
1214,耐力+&,FF00b1ff,45,endu_value,18;120,0,,1
1215,敏捷+&,FF00b1ff,65,agi_value,18;120,0,,1
1216,体质+&,FF00b1ff,15,cons_value,13;27,0,0,1
1217,魔力+&,FF00b1ff,25,iq_value,13;27,0,0,1
1218,力量+&,FF00b1ff,35,str_value,13;27,0,0,1
1219,耐力+&,FF00b1ff,45,endu_value,13;27,0,0,1
1220,敏捷+&,FF00b1ff,65,agi_value,13;27,0,0,1
1221,体质+&,FF00b1ff,15,cons_value,11;22,0,0,1
1222,魔力+&,FF00b1ff,25,iq_value,11;22,0,0,1
1223,力量+&,FF00b1ff,35,str_value,11;22,0,0,1
1224,耐力+&,FF00b1ff,45,endu_value,11;22,0,0,1
1225,敏捷+&,FF00b1ff,65,agi_value,11;22,0,0,1
1226,体质+&,FF00b1ff,15,cons_value,15;31,0,0,1
1227,魔力+&,FF00b1ff,25,iq_value,15;31,0,0,1
1228,力量+&,FF00b1ff,35,str_value,15;31,0,0,1
1229,耐力+&,FF00b1ff,45,endu_value,15;31,0,0,1
1230,敏捷+&,FF00b1ff,65,agi_value,15;31,0,0,1
1231,体质+&,FF00b1ff,15,cons_value,12;25,0,0,1
1232,魔力+&,FF00b1ff,25,iq_value,12;25,0,0,1
1233,力量+&,FF00b1ff,35,str_value,12;25,0,0,1
1234,耐力+&,FF00b1ff,45,endu_value,12;25,0,0,1
1235,敏捷+&,FF00b1ff,65,agi_value,12;25,0,0,1
1236,体质+&,FF00b1ff,15,cons_value,18;36,0,0,1
1237,魔力+&,FF00b1ff,25,iq_value,18;36,0,0,1
1238,力量+&,FF00b1ff,35,str_value,18;36,0,0,1
1239,耐力+&,FF00b1ff,45,endu_value,18;36,0,0,1
1240,敏捷+&,FF00b1ff,65,agi_value,18;36,0,0,1
1241,体质+&,FF00b1ff,15,cons_value,14;29,0,0,1
1242,魔力+&,FF00b1ff,25,iq_value,14;29,0,0,1
1243,力量+&,FF00b1ff,35,str_value,14;29,0,0,1
1244,耐力+&,FF00b1ff,45,endu_value,14;29,0,0,1
1245,敏捷+&,FF00b1ff,65,agi_value,14;29,0,0,1
1246,体质+&,FF00b1ff,15,cons_value,20;40,0,0,1
1247,魔力+&,FF00b1ff,25,iq_value,20;40,0,0,1
1248,力量+&,FF00b1ff,35,str_value,20;40,0,0,1
1249,耐力+&,FF00b1ff,45,endu_value,20;40,0,0,1
1250,敏捷+&,FF00b1ff,65,agi_value,20;40,0,0,1
1251,体质+&,FF00b1ff,15,cons_value,16;36,0,0,1
1252,魔力+&,FF00b1ff,25,iq_value,16;36,0,0,1
1253,力量+&,FF00b1ff,35,str_value,16;36,0,0,1
1254,耐力+&,FF00b1ff,45,endu_value,16;36,0,0,1
1255,敏捷+&,FF00b1ff,65,agi_value,16;36,0,0,1
1256,体质+&,FF00b1ff,15,cons_value,22;44,0,0,1
1257,魔力+&,FF00b1ff,25,iq_value,22;44,0,0,1
1258,力量+&,FF00b1ff,35,str_value,22;44,0,0,1
1259,耐力+&,FF00b1ff,45,endu_value,22;44,0,0,1
1260,敏捷+&,FF00b1ff,65,agi_value,22;44,0,0,1
1261,体质+&,FF00b1ff,15,cons_value,18;36,0,0,1
1262,魔力+&,FF00b1ff,25,iq_value,18;36,0,0,1
1263,力量+&,FF00b1ff,35,str_value,18;36,0,0,1
1264,耐力+&,FF00b1ff,45,endu_value,18;36,0,0,1
1265,敏捷+&,FF00b1ff,65,agi_value,18;36,0,0,1
1266,体质+&,FF00b1ff,15,cons_value,24;46,0,0,1
1267,魔力+&,FF00b1ff,25,iq_value,24;46,0,0,1
1268,力量+&,FF00b1ff,35,str_value,24;46,0,0,1
1269,耐力+&,FF00b1ff,45,endu_value,24;46,0,0,1
1270,敏捷+&,FF00b1ff,65,agi_value,24;46,0,0,1
1271,体质+&,FF00b1ff,15,cons_value,20;38,0,0,1
1272,魔力+&,FF00b1ff,25,iq_value,20;38,0,0,1
1273,力量+&,FF00b1ff,35,str_value,20;38,0,0,1
1274,耐力+&,FF00b1ff,45,endu_value,20;38,0,0,1
1275,敏捷+&,FF00b1ff,65,agi_value,20;38,0,0,1
1276,体质+&,FF00b1ff,15,cons_value,26;48,0,0,1
1277,魔力+&,FF00b1ff,25,iq_value,26;48,0,0,1
1278,力量+&,FF00b1ff,35,str_value,26;48,0,0,1
1279,耐力+&,FF00b1ff,45,endu_value,26;48,0,0,1
1280,敏捷+&,FF00b1ff,65,agi_value,26;48,0,0,1
1281,体质+&,FF00b1ff,15,cons_value,22;40,0,0,1
1282,魔力+&,FF00b1ff,25,iq_value,22;40,0,0,1
1283,力量+&,FF00b1ff,35,str_value,22;40,0,0,1
1284,耐力+&,FF00b1ff,45,endu_value,22;40,0,0,1
1285,敏捷+&,FF00b1ff,65,agi_value,22;40,0,0,1
1286,体质+&,FF00b1ff,15,cons_value,28;50,0,0,1
1287,魔力+&,FF00b1ff,25,iq_value,28;50,0,0,1
1288,力量+&,FF00b1ff,35,str_value,28;50,0,0,1
1289,耐力+&,FF00b1ff,45,endu_value,28;50,0,0,1
1290,敏捷+&,FF00b1ff,65,agi_value,28;50,0,0,1
1291,体质+&,FF00b1ff,15,cons_value,24;42,0,0,1
1292,魔力+&,FF00b1ff,25,iq_value,24;42,0,0,1
1293,力量+&,FF00b1ff,35,str_value,24;42,0,0,1
1294,耐力+&,FF00b1ff,45,endu_value,24;42,0,0,1
1295,敏捷+&,FF00b1ff,65,agi_value,24;42,0,0,1
1296,体质+&,FF00b1ff,15,cons_value,30;52,0,0,1
1297,魔力+&,FF00b1ff,25,iq_value,30;52,0,0,1
1298,力量+&,FF00b1ff,35,str_value,30;52,0,0,1
1299,耐力+&,FF00b1ff,45,endu_value,30;52,0,0,1
1300,敏捷+&,FF00b1ff,65,agi_value,30;52,0,0,1
1301,体质+&,FF00b1ff,15,cons_value,26;44,0,0,1
1302,魔力+&,FF00b1ff,25,iq_value,26;44,0,0,1
1303,力量+&,FF00b1ff,35,str_value,26;44,0,0,1
1304,耐力+&,FF00b1ff,45,endu_value,26;44,0,0,1
1305,敏捷+&,FF00b1ff,65,agi_value,26;44,0,0,1
1306,体质+&,FF00b1ff,15,cons_value,32;54,0,0,1
1307,魔力+&,FF00b1ff,25,iq_value,32;54,0,0,1
1308,力量+&,FF00b1ff,35,str_value,32;54,0,0,1
1309,耐力+&,FF00b1ff,45,endu_value,32;54,0,0,1
1310,敏捷+&,FF00b1ff,65,agi_value,32;54,0,0,1
1311,体质+&,FF00b1ff,15,cons_value,28;46,0,0,1
1312,魔力+&,FF00b1ff,25,iq_value,28;46,0,0,1
1313,力量+&,FF00b1ff,35,str_value,28;46,0,0,1
1314,耐力+&,FF00b1ff,45,endu_value,28;46,0,0,1
1315,敏捷+&,FF00b1ff,65,agi_value,28;46,0,0,1
1316,体质+&,FF00b1ff,15,cons_value,34;56,0,0,1
1317,魔力+&,FF00b1ff,25,iq_value,34;56,0,0,1
1318,力量+&,FF00b1ff,35,str_value,34;56,0,0,1
1319,耐力+&,FF00b1ff,45,endu_value,34;56,0,0,1
1320,敏捷+&,FF00b1ff,65,agi_value,34;56,0,0,1
1321,体质+&,FF00b1ff,15,cons_value,30;48,0,0,1
1322,魔力+&,FF00b1ff,25,iq_value,30;48,0,0,1
1323,力量+&,FF00b1ff,35,str_value,30;48,0,0,1
1324,耐力+&,FF00b1ff,45,endu_value,30;48,0,0,1
1325,敏捷+&,FF00b1ff,65,agi_value,30;48,0,0,1
1326,体质+&,FF00b1ff,15,cons_value,36;58,0,0,1
1327,魔力+&,FF00b1ff,25,iq_value,36;58,0,0,1
1328,力量+&,FF00b1ff,35,str_value,36;58,0,0,1
1329,耐力+&,FF00b1ff,45,endu_value,36;58,0,0,1
1330,敏捷+&,FF00b1ff,65,agi_value,36;58,0,0,1
1331,体质+&,FF00b1ff,15,cons_value,32;50,0,0,1
1332,魔力+&,FF00b1ff,25,iq_value,32;50,0,0,1
1333,力量+&,FF00b1ff,35,str_value,32;50,0,0,1
1334,耐力+&,FF00b1ff,45,endu_value,32;50,0,0,1
1335,敏捷+&,FF00b1ff,65,agi_value,32;50,0,0,1
1336,体质+&,FF00b1ff,15,cons_value,38;80,0,0,1
1337,魔力+&,FF00b1ff,25,iq_value,38;80,0,0,1
1338,力量+&,FF00b1ff,35,str_value,38;80,0,0,1
1339,耐力+&,FF00b1ff,45,endu_value,38;80,0,0,1
1340,敏捷+&,FF00b1ff,65,agi_value,38;80,0,0,1
1341,体质+&,FF00b1ff,15,cons_value,34;62,0,0,1
1342,魔力+&,FF00b1ff,25,iq_value,34;62,0,0,1
1343,力量+&,FF00b1ff,35,str_value,34;62,0,0,1
1344,耐力+&,FF00b1ff,45,endu_value,34;62,0,0,1
1345,敏捷+&,FF00b1ff,65,agi_value,34;62,0,0,1
1346,体质+&,FF00b1ff,15,cons_value,40;90,0,0,1
1347,魔力+&,FF00b1ff,25,iq_value,40;90,0,0,1
1348,力量+&,FF00b1ff,35,str_value,40;90,0,0,1
1349,耐力+&,FF00b1ff,45,endu_value,40;90,0,0,1
1350,敏捷+&,FF00b1ff,65,agi_value,40;90,0,0,1
1351,体质+&,FF00b1ff,15,cons_value,36;74,0,0,1
1352,魔力+&,FF00b1ff,25,iq_value,36;74,0,0,1
1353,力量+&,FF00b1ff,35,str_value,36;74,0,0,1
1354,耐力+&,FF00b1ff,45,endu_value,36;74,0,0,1
1355,敏捷+&,FF00b1ff,65,agi_value,36;74,0,0,1
1356,体质+&,FF00b1ff,15,cons_value,42;100,0,0,1
1357,魔力+&,FF00b1ff,25,iq_value,42;100,0,0,1
1358,力量+&,FF00b1ff,35,str_value,42;100,0,0,1
1359,耐力+&,FF00b1ff,45,endu_value,42;100,0,0,1
1360,敏捷+&,FF00b1ff,65,agi_value,42;100,0,0,1
1361,体质+&,FF00b1ff,15,cons_value,38;86,0,0,1
1362,魔力+&,FF00b1ff,25,iq_value,38;86,0,0,1
1363,力量+&,FF00b1ff,35,str_value,38;86,0,0,1
1364,耐力+&,FF00b1ff,45,endu_value,38;86,0,0,1
1365,敏捷+&,FF00b1ff,65,agi_value,38;86,0,0,1
1366,体质+&,FF00b1ff,15,cons_value,130;130,0,0,1
1367,魔力+&,FF00b1ff,25,iq_value,130;130,0,0,1
1368,力量+&,FF00b1ff,35,str_value,130;130,0,0,1
1369,耐力+&,FF00b1ff,45,endu_value,130;130,0,0,1
1370,敏捷+&,FF00b1ff,65,agi_value,130;130,0,0,1
1371,体质+&,FF00b1ff,15,cons_value,100;100,0,0,1
1372,魔力+&,FF00b1ff,25,iq_value,100;100,0,0,1
1373,力量+&,FF00b1ff,35,str_value,100;100,0,0,1
1374,耐力+&,FF00b1ff,45,endu_value,100;100,0,0,1
1375,敏捷+&,FF00b1ff,65,agi_value,100;100,0,0,1
,,,,,,,,
1500,物理穿透,FF00b1ff,951,physicchuantou_value,1;17,0,0,0
1501,物理抵抗,FF00b1ff,961,physicdikang_value,1;17,0,0,0
1502,法术穿透,FF00b1ff,971,magicchuantou_value,1;17,0,0,0
1503,法术抵抗,FF00b1ff,981,magicdikang_value,1;17,0,0,0
1504,治疗加深,FF00b1ff,991,medicaljiashen_value,1;8,0,0,0
1505,恢复强度,FF00b1ff,1001,medicalonjiashen_value,1;8,0,0,0
1506,封印加成,FF00b1ff,2131,kongzhijiacheng_value,1;8,0,0,0
1507,封印免疫,FF00b1ff,2141,kongzhimianyi_value,1;8,0,0,0
1600,物理穿透,FF00b1ff,951,physicchuantou_value,5;20,0,0,0
1601,物理抵抗,FF00b1ff,961,physicdikang_value,5;20,0,0,0
1602,法术穿透,FF00b1ff,971,magicchuantou_value,5;20,0,0,0
1603,法术抵抗,FF00b1ff,981,magicdikang_value,5;20,0,0,0
1604,治疗加深,FF00b1ff,991,medicaljiashen_value,5;15,0,0,0
1605,恢复强度,FF00b1ff,1001,medicalonjiashen_value,5;15,0,0,0
1606,封印加成,FF00b1ff,2131,kongzhijiacheng_value,5;15,0,0,0
1607,封印免疫,FF00b1ff,2141,kongzhimianyi_value,5;15,0,0,0
2200,物理穿透 +1,FFd200ff,,,,,442000,
2201,物理穿透 +2,FFd200ff,,,,,442001,
2202,物理穿透 +3,FFd200ff,,,,,442002,
2203,物理穿透 +4,FFd200ff,,,,,442003,
2204,物理穿透 +5,FFd200ff,,,,,442004,
2205,物理穿透 +6,FFd200ff,,,,,442005,
2206,物理穿透 +7,FFd200ff,,,,,442006,
2207,物理穿透 +8,FFd200ff,,,,,442007,
2208,物理穿透 +9,FFd200ff,,,,,442008,
2209,物理穿透 +10,FFd200ff,,,,,442009,
2210,物理穿透 +11,FFd200ff,,,,,442010,
2211,物理穿透 +12,FFd200ff,,,,,442011,
2212,物理穿透 +13,FFd200ff,,,,,442012,
2213,物理穿透 +14,FFd200ff,,,,,442013,
2214,物理穿透 +15,FFd200ff,,,,,442014,
2215,物理穿透 +16,FFd200ff,,,,,442015,
2216,物理穿透 +17,FFd200ff,,,,,442016,
2217,物理抵抗 +1,FFd200ff,,,,,442017,
2218,物理抵抗 +2,FFd200ff,,,,,442018,
2219,物理抵抗 +3,FFd200ff,,,,,442019,
2220,物理抵抗 +4,FFd200ff,,,,,442020,
2221,物理抵抗 +5,FFd200ff,,,,,442021,
2222,物理抵抗 +6,FFd200ff,,,,,442022,
2223,物理抵抗 +7,FFd200ff,,,,,442023,
2224,物理抵抗 +8,FFd200ff,,,,,442024,
2225,物理抵抗 +9,FFd200ff,,,,,442025,
2226,物理抵抗 +10,FFd200ff,,,,,442026,
2227,物理抵抗 +11,FFd200ff,,,,,442027,
2228,物理抵抗 +12,FFd200ff,,,,,442028,
2229,物理抵抗 +13,FFd200ff,,,,,442029,
2230,物理抵抗 +14,FFd200ff,,,,,442030,
2231,物理抵抗 +15,FFd200ff,,,,,442031,
2232,物理抵抗 +16,FFd200ff,,,,,442032,
2233,物理抵抗 +17,FFd200ff,,,,,442033,
2234,法术穿透 +1,FFd200ff,,,,,442034,
2235,法术穿透 +2,FFd200ff,,,,,442035,
2236,法术穿透 +3,FFd200ff,,,,,442036,
2237,法术穿透 +4,FFd200ff,,,,,442037,
2238,法术穿透 +5,FFd200ff,,,,,442038,
2239,法术穿透 +6,FFd200ff,,,,,442039,
2240,法术穿透 +7,FFd200ff,,,,,442040,
2241,法术穿透 +8,FFd200ff,,,,,442041,
2242,法术穿透 +9,FFd200ff,,,,,442042,
2243,法术穿透 +10,FFd200ff,,,,,442043,
2244,法术穿透 +11,FFd200ff,,,,,442044,
2245,法术穿透 +12,FFd200ff,,,,,442045,
2246,法术穿透 +13,FFd200ff,,,,,442046,
2247,法术穿透 +14,FFd200ff,,,,,442047,
2248,法术穿透 +15,FFd200ff,,,,,442048,
2249,法术穿透 +16,FFd200ff,,,,,442049,
2250,法术穿透 +17,FFd200ff,,,,,442050,
2251,法术抵抗 +1,FFd200ff,,,,,442051,
2252,法术抵抗 +2,FFd200ff,,,,,442052,
2253,法术抵抗 +3,FFd200ff,,,,,442053,
2254,法术抵抗 +4,FFd200ff,,,,,442054,
2255,法术抵抗 +5,FFd200ff,,,,,442055,
2256,法术抵抗 +6,FFd200ff,,,,,442056,
2257,法术抵抗 +7,FFd200ff,,,,,442057,
2258,法术抵抗 +8,FFd200ff,,,,,442058,
2259,法术抵抗 +9,FFd200ff,,,,,442059,
2260,法术抵抗 +10,FFd200ff,,,,,442060,
2261,法术抵抗 +11,FFd200ff,,,,,442061,
2262,法术抵抗 +12,FFd200ff,,,,,442062,
2263,法术抵抗 +13,FFd200ff,,,,,442063,
2264,法术抵抗 +14,FFd200ff,,,,,442064,
2265,法术抵抗 +15,FFd200ff,,,,,442065,
2266,法术抵抗 +16,FFd200ff,,,,,442066,
2267,法术抵抗 +17,FFd200ff,,,,,442067,
2268,封印加成 +1,FFd200ff,,,,,442068,
2269,封印加成 +2,FFd200ff,,,,,442069,
2270,封印加成 +3,FFd200ff,,,,,442070,
2271,封印加成 +4,FFd200ff,,,,,442071,
2272,封印加成 +5,FFd200ff,,,,,442072,
2273,封印加成 +6,FFd200ff,,,,,442073,
2274,封印加成 +7,FFd200ff,,,,,442074,
2275,封印加成 +8,FFd200ff,,,,,442075,
2276,封印免疫 +1,FFd200ff,,,,,442076,
2277,封印免疫 +2,FFd200ff,,,,,442077,
2278,封印免疫 +3,FFd200ff,,,,,442078,
2279,封印免疫 +4,FFd200ff,,,,,442079,
2280,封印免疫 +5,FFd200ff,,,,,442080,
2281,封印免疫 +6,FFd200ff,,,,,442081,
2282,封印免疫 +7,FFd200ff,,,,,442082,
2283,封印免疫 +8,FFd200ff,,,,,442083,
2284,治疗加深 +1,FFd200ff,,,,,442084,
2285,治疗加深 +2,FFd200ff,,,,,442085,
2286,治疗加深 +3,FFd200ff,,,,,442086,
2287,治疗加深 +4,FFd200ff,,,,,442087,
2288,治疗加深 +5,FFd200ff,,,,,442088,
2289,治疗加深 +6,FFd200ff,,,,,442089,
2290,治疗加深 +7,FFd200ff,,,,,442090,
2291,治疗加深 +8,FFd200ff,,,,,442091,
2292,恢复强度 +1,FFd200ff,,,,,442092,
2293,恢复强度 +2,FFd200ff,,,,,442093,
2294,恢复强度 +3,FFd200ff,,,,,442094,
2295,恢复强度 +4,FFd200ff,,,,,442095,
2296,恢复强度 +5,FFd200ff,,,,,442096,
2297,恢复强度 +6,FFd200ff,,,,,442097,
2298,恢复强度 +7,FFd200ff,,,,,442098,
2299,恢复强度 +8,FFd200ff,,,,,442099,
2400,物理穿透 +5,FFd200ff,,,,,443000,
2401,物理穿透 +6,FFd200ff,,,,,443001,
2402,物理穿透 +7,FFd200ff,,,,,443002,
2403,物理穿透 +8,FFd200ff,,,,,443003,
2404,物理穿透 +9,FFd200ff,,,,,443004,
2405,物理穿透 +10,FFd200ff,,,,,443005,
2406,物理穿透 +11,FFd200ff,,,,,443006,
2407,物理穿透 +12,FFd200ff,,,,,443007,
2408,物理穿透 +13,FFd200ff,,,,,443008,
2409,物理穿透 +14,FFd200ff,,,,,443009,
2410,物理穿透 +15,FFd200ff,,,,,443010,
2411,物理穿透 +16,FFd200ff,,,,,443011,
2412,物理穿透 +17,FFd200ff,,,,,443012,
2413,物理穿透 +18,FFd200ff,,,,,443013,
2414,物理穿透 +19,FFd200ff,,,,,443014,
2415,物理穿透 +20,FFd200ff,,,,,443015,
2416,物理抵抗 +5,FFd200ff,,,,,443016,
2417,物理抵抗 +6,FFd200ff,,,,,443017,
2418,物理抵抗 +7,FFd200ff,,,,,443018,
2419,物理抵抗 +8,FFd200ff,,,,,443019,
2420,物理抵抗 +9,FFd200ff,,,,,443020,
2421,物理抵抗 +10,FFd200ff,,,,,443021,
2422,物理抵抗 +11,FFd200ff,,,,,443022,
2423,物理抵抗 +12,FFd200ff,,,,,443023,
2424,物理抵抗 +13,FFd200ff,,,,,443024,
2425,物理抵抗 +14,FFd200ff,,,,,443025,
2426,物理抵抗 +15,FFd200ff,,,,,443026,
2427,物理抵抗 +16,FFd200ff,,,,,443027,
2428,物理抵抗 +17,FFd200ff,,,,,443028,
2429,物理抵抗 +18,FFd200ff,,,,,443029,
2430,物理抵抗 +19,FFd200ff,,,,,443030,
2431,物理抵抗 +20,FFd200ff,,,,,443031,
2432,法术穿透 +5,FFd200ff,,,,,443032,
2433,法术穿透 +6,FFd200ff,,,,,443033,
2434,法术穿透 +7,FFd200ff,,,,,443034,
2435,法术穿透 +8,FFd200ff,,,,,443035,
2436,法术穿透 +9,FFd200ff,,,,,443036,
2437,法术穿透 +10,FFd200ff,,,,,443037,
2438,法术穿透 +11,FFd200ff,,,,,443038,
2439,法术穿透 +12,FFd200ff,,,,,443039,
2440,法术穿透 +13,FFd200ff,,,,,443040,
2441,法术穿透 +14,FFd200ff,,,,,443041,
2442,法术穿透 +15,FFd200ff,,,,,443042,
2443,法术穿透 +16,FFd200ff,,,,,443043,
2444,法术穿透 +17,FFd200ff,,,,,443044,
2445,法术穿透 +18,FFd200ff,,,,,443045,
2446,法术穿透 +19,FFd200ff,,,,,443046,
2447,法术穿透 +20,FFd200ff,,,,,443047,
2448,法术抵抗 +5,FFd200ff,,,,,443048,
2449,法术抵抗 +6,FFd200ff,,,,,443049,
2450,法术抵抗 +7,FFd200ff,,,,,443050,
2451,法术抵抗 +8,FFd200ff,,,,,443051,
2452,法术抵抗 +9,FFd200ff,,,,,443052,
2453,法术抵抗 +10,FFd200ff,,,,,443053,
2454,法术抵抗 +11,FFd200ff,,,,,443054,
2455,法术抵抗 +12,FFd200ff,,,,,443055,
2456,法术抵抗 +13,FFd200ff,,,,,443056,
2457,法术抵抗 +14,FFd200ff,,,,,443057,
2458,法术抵抗 +15,FFd200ff,,,,,443058,
2459,法术抵抗 +16,FFd200ff,,,,,443059,
2460,法术抵抗 +17,FFd200ff,,,,,443060,
2461,法术抵抗 +18,FFd200ff,,,,,443061,
2462,法术抵抗 +19,FFd200ff,,,,,443062,
2463,法术抵抗 +20,FFd200ff,,,,,443063,
2464,封印加成 +5,FFd200ff,,,,,443064,
2465,封印加成 +6,FFd200ff,,,,,443065,
2466,封印加成 +7,FFd200ff,,,,,443066,
2467,封印加成 +8,FFd200ff,,,,,443067,
2468,封印加成 +9,FFd200ff,,,,,443068,
2469,封印加成 +10,FFd200ff,,,,,443069,
2470,封印加成 +11,FFd200ff,,,,,443070,
2471,封印加成 +12,FFd200ff,,,,,443071,
2472,封印加成 +13,FFd200ff,,,,,443072,
2473,封印加成 +14,FFd200ff,,,,,443073,
2474,封印加成 +15,FFd200ff,,,,,443074,
2475,封印免疫 +5,FFd200ff,,,,,443075,
2476,封印免疫 +6,FFd200ff,,,,,443076,
2477,封印免疫 +7,FFd200ff,,,,,443077,
2478,封印免疫 +8,FFd200ff,,,,,443078,
2479,封印免疫 +9,FFd200ff,,,,,443079,
2480,封印免疫 +10,FFd200ff,,,,,443080,
2481,封印免疫 +11,FFd200ff,,,,,443081,
2482,封印免疫 +12,FFd200ff,,,,,443082,
2483,封印免疫 +13,FFd200ff,,,,,443083,
2484,封印免疫 +14,FFd200ff,,,,,443084,
2485,封印免疫 +15,FFd200ff,,,,,443085,
2486,治疗加深 +5,FFd200ff,,,,,443086,
2487,治疗加深 +6,FFd200ff,,,,,443087,
2488,治疗加深 +7,FFd200ff,,,,,443088,
2489,治疗加深 +8,FFd200ff,,,,,443089,
2490,治疗加深 +9,FFd200ff,,,,,443090,
2491,治疗加深 +10,FFd200ff,,,,,443091,
2492,治疗加深 +11,FFd200ff,,,,,443092,
2493,治疗加深 +12,FFd200ff,,,,,443093,
2494,治疗加深 +13,FFd200ff,,,,,443094,
2495,治疗加深 +14,FFd200ff,,,,,443095,
2496,治疗加深 +15,FFd200ff,,,,,443096,
2497,恢复强度 +5,FFd200ff,,,,,443097,
2498,恢复强度 +6,FFd200ff,,,,,443098,
2499,恢复强度 +7,FFd200ff,,,,,443099,
2500,恢复强度 +8,FFd200ff,,,,,443100,
2501,恢复强度 +9,FFd200ff,,,,,443101,
2502,恢复强度 +10,FFd200ff,,,,,443102,
2503,恢复强度 +11,FFd200ff,,,,,443103,
2504,恢复强度 +12,FFd200ff,,,,,443104,
2505,恢复强度 +13,FFd200ff,,,,,443105,
2506,恢复强度 +14,FFd200ff,,,,,443106,
2507,恢复强度 +15,FFd200ff,,,,,443107,
2001,物理暴击+1%,FFd200ff,,,,,430001,
2002,物理暴抗+1%,FFd200ff,,,,,430002,
2003,法术暴击+1%,FFd200ff,,,,,430003,
2004,法术暴抗+1%,FFd200ff,,,,,430004,
2005,封印命中+1%,FFd200ff,,,,,430005,
2006,封印抵抗+1%,FFd200ff,,,,,430006,
2007,忽视物防+1%,FFd200ff,,,,,430007,
2008,忽视法防+1%,FFd200ff,,,,,430008,
2009,法术连击+1%,FFd200ff,,,,,430009,
2010,法术暴击+1%,FFd200ff,,,,,430010,
2011,物理暴击+2%,FFd200ff,,,,,430011,
2012,物理暴抗+2%,FFd200ff,,,,,430012,
2013,法术暴击+2%,FFd200ff,,,,,430013,
2014,法术暴抗+2%,FFd200ff,,,,,430014,
2015,封印命中+2%,FFd200ff,,,,,430015,
2016,封印抵抗+2%,FFd200ff,,,,,430016,
2017,忽视物防+2%,FFd200ff,,,,,430017,
2018,忽视法防+2%,FFd200ff,,,,,430018,
2019,法术连击+2%,FFd200ff,,,,,430019,
2020,法术暴击+2%,FFd200ff,,,,,430020,
2025,愤怒,FFd200ff,,,,,430025,1
2026,暴怒,FFd200ff,,,,,430026,1
2027,神佑,FFd200ff,,,,,430027,1
2028,神农,FFd200ff,,,,,430028,1
2029,再生,FFd200ff,,,,,430029,1
2030,专注,FFd200ff,,,,,430030,1
2031,斩杀,FFd200ff,,,,,430031,1
2032,迷踪,FFd200ff,,,,,430032,1
2033,狩猎,FFd200ff,,,,,430033,1
2034,简易,FFd200ff,,,,,430034,1
2035,无级别限制,FFd200ff,,,,,430035,0
2036,感知,FFd200ff,,,,,430036,1
2040,阳:提升物理伤害+1%,FFd200ff,,,,,440001,0
2041,阳:提升物理伤害+1.2%,FFd200ff,,,,,440002,0
2042,阳:提升物理伤害+1.4%,FFd200ff,,,,,440003,0
2043,阳:提升物理伤害+1.8%,FFd200ff,,,,,440004,0
2044,阳:提升物理伤害+2%,FFd200ff,,,,,440005,0
2045,阳:提升物理伤害+2.2%,FFd200ff,,,,,440006,0
2046,阳:提升物理伤害+2.4%,FFd200ff,,,,,440007,0
2047,阳:提升物理伤害+2.6%,FFd200ff,,,,,440008,0
2048,阳:提升物理伤害+2.8%,FFd200ff,,,,,440009,0
2049,阳:提升物理伤害+3%,FFd200ff,,,,,440010,0
2050,阴:提升物理伤害+8,FFd200ff,,,,,440011,0
2051,阴:提升物理伤害+16,FFd200ff,,,,,440012,0
2052,阴:提升物理伤害+24,FFd200ff,,,,,440013,0
2053,阴:提升物理伤害+32,FFd200ff,,,,,440014,0
2054,阴:提升物理伤害+40,FFd200ff,,,,,440015,0
2055,阴:提升物理伤害+48,FFd200ff,,,,,440016,0
2056,阴:提升物理伤害+56,FFd200ff,,,,,440017,0
2057,阴:提升物理伤害+64,FFd200ff,,,,,440018,0
2058,阴:提升物理伤害+72,FFd200ff,,,,,440019,0
2059,阴:提升物理伤害+80,FFd200ff,,,,,440020,0
2060,阳:提升法术伤害+1%,FFd200ff,,,,,440021,0
2061,阳:提升法术伤害+1.2%,FFd200ff,,,,,440022,0
2062,阳:提升法术伤害+1.4%,FFd200ff,,,,,440023,0
2063,阳:提升法术伤害+1.8%,FFd200ff,,,,,440024,0
2064,阳:提升法术伤害+2%,FFd200ff,,,,,440025,0
2065,阳:提升法术伤害+2.2%,FFd200ff,,,,,440026,0
2066,阳:提升法术伤害+2.4%,FFd200ff,,,,,440027,0
2067,阳:提升法术伤害+2.6%,FFd200ff,,,,,440028,0
2068,阳:提升法术伤害+2.8%,FFd200ff,,,,,440029,0
2069,阳:提升法术伤害+3%,FFd200ff,,,,,440030,0
2070,阴:提升法术伤害+6,FFd200ff,,,,,440031,0
2071,阴:提升法术伤害+12,FFd200ff,,,,,440032,0
2072,阴:提升法术伤害+18,FFd200ff,,,,,440033,0
2073,阴:提升法术伤害+24,FFd200ff,,,,,440034,0
2074,阴:提升法术伤害+30,FFd200ff,,,,,440035,0
2075,阴:提升法术伤害+36,FFd200ff,,,,,440036,0
2076,阴:提升法术伤害+42,FFd200ff,,,,,440037,0
2077,阴:提升法术伤害+48,FFd200ff,,,,,440038,0
2078,阴:提升法术伤害+54,FFd200ff,,,,,440039,0
2079,阴:提升法术伤害+60,FFd200ff,,,,,440040,0
2080,阳:提升气血+1%,FFd200ff,,,,,440041,0
2081,阳:提升气血+1.5%,FFd200ff,,,,,440042,0
2082,阳:提升气血+2%,FFd200ff,,,,,440043,0
2083,阳:提升气血+2.5%,FFd200ff,,,,,440044,0
2084,阳:提升气血+3%,FFd200ff,,,,,440045,0
2085,阳:提升气血+3.5%,FFd200ff,,,,,440046,0
2086,阳:提升气血+4%,FFd200ff,,,,,440047,0
2087,阳:提升气血+4.5%,FFd200ff,,,,,440048,0
2088,阳:提升气血+5%,FFd200ff,,,,,440049,0
2089,阳:提升气血+7%,FFd200ff,,,,,440050,0
2090,阴:提升气血+40,FFd200ff,,,,,440051,0
2091,阴:提升气血+80,FFd200ff,,,,,440052,0
2092,阴:提升气血+120,FFd200ff,,,,,440053,0
2093,阴:提升气血+160,FFd200ff,,,,,440054,0
2094,阴:提升气血+200,FFd200ff,,,,,440055,0
2095,阴:提升气血+240,FFd200ff,,,,,440056,0
2096,阴:提升气血+280,FFd200ff,,,,,440057,0
2097,阴:提升气血+320,FFd200ff,,,,,440058,0
2098,阴:提升气血+360,FFd200ff,,,,,440059,0
2099,阴:提升气血+400,FFd200ff,,,,,440060,0
2100,阳:提升治疗强度+1%,FFd200ff,,,,,440071,0
2101,阳:提升治疗强度+1.2%,FFd200ff,,,,,440072,0
2102,阳:提升治疗强度+1.4%,FFd200ff,,,,,440073,0
2103,阳:提升治疗强度+1.8%,FFd200ff,,,,,440074,0
2104,阳:提升治疗强度+2%,FFd200ff,,,,,440075,0
2105,阳:提升治疗强度+2.2%,FFd200ff,,,,,440076,0
2106,阳:提升治疗强度+2.4%,FFd200ff,,,,,440077,0
2107,阳:提升治疗强度+2.6%,FFd200ff,,,,,440078,0
2108,阳:提升治疗强度+2.8%,FFd200ff,,,,,440079,0
2109,阳:提升治疗强度+3%,FFd200ff,,,,,440080,0
2110,阴:提升治疗强度+8,FFd200ff,,,,,440081,0
2111,阴:提升治疗强度+16,FFd200ff,,,,,440082,0
2112,阴:提升治疗强度+24,FFd200ff,,,,,440083,0
2113,阴:提升治疗强度+32,FFd200ff,,,,,440084,0
2114,阴:提升治疗强度+40,FFd200ff,,,,,440085,0
2115,阴:提升治疗强度+48,FFd200ff,,,,,440086,0
2116,阴:提升治疗强度+56,FFd200ff,,,,,440087,0
2117,阴:提升治疗强度+64,FFd200ff,,,,,440088,0
2118,阴:提升治疗强度+72,FFd200ff,,,,,440089,0
2119,阴:提升治疗强度+80,FFd200ff,,,,,440090,0
2120,阳：提升物理防御+1%,FFd200ff,,,,,440091,0
2121,阳：提升物理防御+1.2%,FFd200ff,,,,,440092,0
2122,阳：提升物理防御+1.4%,FFd200ff,,,,,440093,0
2123,阳：提升物理防御+1.8%,FFd200ff,,,,,440094,0
2124,阳：提升物理防御+2%,FFd200ff,,,,,440095,0
2125,阳：提升物理防御+2.2%,FFd200ff,,,,,440096,0
2126,阳：提升物理防御+2.4%,FFd200ff,,,,,440097,0
2127,阳：提升物理防御+2.6%,FFd200ff,,,,,440098,0
2128,阳：提升物理防御+2.8%,FFd200ff,,,,,440099,0
2129,阳：提升物理防御+3%,FFd200ff,,,,,440100,0
2130,阴:提升物理防御+12,FFd200ff,,,,,440101,0
2131,阴:提升物理防御+24,FFd200ff,,,,,440102,0
2132,阴:提升物理防御+36,FFd200ff,,,,,440103,0
2133,阴:提升物理防御+48,FFd200ff,,,,,440104,0
2134,阴:提升物理防御+60,FFd200ff,,,,,440105,0
2135,阴:提升物理防御+72,FFd200ff,,,,,440106,0
2136,阴:提升物理防御+84,FFd200ff,,,,,440107,0
2137,阴:提升物理防御+96,FFd200ff,,,,,440108,0
2138,阴:提升物理防御+108,FFd200ff,,,,,440109,0
2139,阴:提升物理防御+120,FFd200ff,,,,,440110,0
2140,阳：提升法术防御+1%,FFd200ff,,,,,440111,0
2141,阳：提升法术防御+1.2%,FFd200ff,,,,,440112,0
2142,阳：提升法术防御+1.4%,FFd200ff,,,,,440113,0
2143,阳：提升法术防御+1.8%,FFd200ff,,,,,440114,0
2144,阳：提升法术防御+2%,FFd200ff,,,,,440115,0
2145,阳：提升法术防御+2.2%,FFd200ff,,,,,440116,0
2146,阳：提升法术防御+2.4%,FFd200ff,,,,,440117,0
2147,阳：提升法术防御+2.6%,FFd200ff,,,,,440118,0
2148,阳：提升法术防御+2.8%,FFd200ff,,,,,440119,0
2149,阳：提升法术防御+3%,FFd200ff,,,,,440120,0
2150,阴：提升法术防御+8,FFd200ff,,,,,440121,0
2151,阴：提升法术防御+16,FFd200ff,,,,,440122,0
2152,阴：提升法术防御+24,FFd200ff,,,,,440123,0
2153,阴：提升法术防御+32,FFd200ff,,,,,440124,0
2154,阴：提升法术防御+40,FFd200ff,,,,,440125,0
2155,阴：提升法术防御+48,FFd200ff,,,,,440126,0
2156,阴：提升法术防御+56,FFd200ff,,,,,440127,0
2157,阴：提升法术防御+64,FFd200ff,,,,,440128,0
2158,阴：提升法术防御+72,FFd200ff,,,,,440129,0
2159,阴：提升法术防御+80,FFd200ff,,,,,440130,0
2160,阳：提升速度+1%,FFd200ff,,,,,440131,0
2161,阳：提升速度+1.2%,FFd200ff,,,,,440132,0
2162,阳：提升速度+1.4%,FFd200ff,,,,,440133,0
2163,阳：提升速度+1.8%,FFd200ff,,,,,440134,0
2164,阳：提升速度+2%,FFd200ff,,,,,440135,0
2165,阳：提升速度+2.2%,FFd200ff,,,,,440136,0
2166,阳：提升速度+2.4%,FFd200ff,,,,,440137,0
2167,阳：提升速度+2.6%,FFd200ff,,,,,440138,0
2168,阳：提升速度+2.8%,FFd200ff,,,,,440139,0
2169,阳：提升速度+3%,FFd200ff,,,,,440140,0
2170,阴：提升速度+8,FFd200ff,,,,,440141,0
2171,阴：提升速度+16,FFd200ff,,,,,440142,0
2172,阴：提升速度+24,FFd200ff,,,,,440143,0
2173,阴：提升速度+32,FFd200ff,,,,,440144,0
2174,阴：提升速度+40,FFd200ff,,,,,440145,0
2175,阴：提升速度+48,FFd200ff,,,,,440146,0
2176,阴：提升速度+56,FFd200ff,,,,,440147,0
2177,阴：提升速度+64,FFd200ff,,,,,440148,0
2178,阴：提升速度+72,FFd200ff,,,,,440149,0
2179,阴：提升速度+80,FFd200ff,,,,,440150,0
2600,阴：提升物理暴击+8,FFd200ff,,,,,440201,0
2601,阴：提升物理暴击+16,FFd200ff,,,,,440202,0
2602,阴：提升物理暴击+24,FFd200ff,,,,,440203,0
2603,阴：提升物理暴击+32,FFd200ff,,,,,440204,0
2604,阴：提升物理暴击+40,FFd200ff,,,,,440205,0
2605,阴：提升物理暴击+48,FFd200ff,,,,,440206,0
2606,阴：提升物理暴击+56,FFd200ff,,,,,440207,0
2607,阴：提升物理暴击+64,FFd200ff,,,,,440208,0
2608,少阴：提升物理暴击+72,FFd200ff,,,,,440209,0
2609,太阴：提升物理暴击+80,FFd200ff,,,,,440210,0
2610,阴：提升法术暴击+8,FFd200ff,,,,,440211,0
2611,阴：提升法术暴击+16,FFd200ff,,,,,440212,0
2612,阴：提升法术暴击+24,FFd200ff,,,,,440213,0
2613,阴：提升法术暴击+32,FFd200ff,,,,,440214,0
2614,阴：提升法术暴击+40,FFd200ff,,,,,440215,0
2615,阴：提升法术暴击+48,FFd200ff,,,,,440216,0
2616,阴：提升法术暴击+56,FFd200ff,,,,,440217,0
2617,阴：提升法术暴击+64,FFd200ff,,,,,440218,0
2618,少阴：提升法术暴击+72,FFd200ff,,,,,440219,0
2619,太阴：提升法术暴击+80,FFd200ff,,,,,440220,0
2620,阴：提升治疗暴击+8,FFd200ff,,,,,440221,0
2621,阴：提升治疗暴击+16,FFd200ff,,,,,440222,0
2622,阴：提升治疗暴击+24,FFd200ff,,,,,440223,0
2623,阴：提升治疗暴击+32,FFd200ff,,,,,440224,0
2624,阴：提升治疗暴击+40,FFd200ff,,,,,440225,0
2625,阴：提升治疗暴击+48,FFd200ff,,,,,440226,0
2626,阴：提升治疗暴击+56,FFd200ff,,,,,440227,0
2627,阴：提升治疗暴击+64,FFd200ff,,,,,440228,0
2628,少阴：提升治疗暴击+72,FFd200ff,,,,,440229,0
2629,太阴：提升治疗暴击+80,FFd200ff,,,,,440230,0
2630,阴：提升封印命中+8,FFd200ff,,,,,440231,0
2631,阴：提升封印命中+16,FFd200ff,,,,,440232,0
2632,阴：提升封印命中+24,FFd200ff,,,,,440233,0
2633,阴：提升封印命中+32,FFd200ff,,,,,440234,0
2634,阴：提升封印命中+40,FFd200ff,,,,,440235,0
2635,阴：提升封印命中+48,FFd200ff,,,,,440236,0
2636,阴：提升封印命中+56,FFd200ff,,,,,440237,0
2637,阴：提升封印命中+64,FFd200ff,,,,,440238,0
2638,少阴：提升封印命中+72,FFd200ff,,,,,440239,0
2639,太阴：提升封印命中+80,FFd200ff,,,,,440240,0
2640,阴：提升物理抗暴+8,FFd200ff,,,,,440241,0
2641,阴：提升物理抗暴+16,FFd200ff,,,,,440242,0
2642,阴：提升物理抗暴+24,FFd200ff,,,,,440243,0
2643,阴：提升物理抗暴+32,FFd200ff,,,,,440244,0
2644,阴：提升物理抗暴+40,FFd200ff,,,,,440245,0
2645,阴：提升物理抗暴+48,FFd200ff,,,,,440246,0
2646,阴：提升物理抗暴+56,FFd200ff,,,,,440247,0
2647,阴：提升物理抗暴+64,FFd200ff,,,,,440248,0
2648,少阴：提升物理抗暴+72,FFd200ff,,,,,440249,0
2649,太阴：提升物理抗暴+80,FFd200ff,,,,,440250,0
2650,阴：提升法术抗暴+8,FFd200ff,,,,,440251,0
2651,阴：提升法术抗暴+16,FFd200ff,,,,,440252,0
2652,阴：提升法术抗暴+24,FFd200ff,,,,,440253,0
2653,阴：提升法术抗暴+32,FFd200ff,,,,,440254,0
2654,阴：提升法术抗暴+40,FFd200ff,,,,,440255,0
2655,阴：提升法术抗暴+48,FFd200ff,,,,,440256,0
2656,阴：提升法术抗暴+56,FFd200ff,,,,,440257,0
2657,阴：提升法术抗暴+64,FFd200ff,,,,,440258,0
2658,少阴：提升法术抗暴+72,FFd200ff,,,,,440259,0
2659,太阴：提升法术抗暴+80,FFd200ff,,,,,440260,0
2660,阳：提升物理暴击+1%,FFd200ff,,,,,440261,0
2661,阳：提升物理暴击+1.2%,FFd200ff,,,,,440262,0
2662,阳：提升物理暴击+1.4%,FFd200ff,,,,,440263,0
2663,阳：提升物理暴击+1.8%,FFd200ff,,,,,440264,0
2664,阳：提升物理暴击+2%,FFd200ff,,,,,440265,0
2665,阳：提升物理暴击+2.2%,FFd200ff,,,,,440266,0
2666,阳：提升物理暴击+2.4%,FFd200ff,,,,,440267,0
2667,阳：提升物理暴击+2.6%,FFd200ff,,,,,440268,0
2668,少阳：提升物理暴击+2.8%,FFd200ff,,,,,440269,0
2669,太阳：提升物理暴击+3%,FFd200ff,,,,,440270,0
2670,阳：提升法术暴击+1%,FFd200ff,,,,,440271,0
2671,阳：提升法术暴击+1.2%,FFd200ff,,,,,440272,0
2672,阳：提升法术暴击+1.4%,FFd200ff,,,,,440273,0
2673,阳：提升法术暴击+1.8%,FFd200ff,,,,,440274,0
2674,阳：提升法术暴击+2%,FFd200ff,,,,,440275,0
2675,阳：提升法术暴击+2.2%,FFd200ff,,,,,440276,0
2676,阳：提升法术暴击+2.4%,FFd200ff,,,,,440277,0
2677,阳：提升法术暴击+2.6%,FFd200ff,,,,,440278,0
2678,少阳：提升法术暴击+2.8%,FFd200ff,,,,,440279,0
2679,太阳：提升法术暴击+3%,FFd200ff,,,,,440280,0
2680,阳：提升治疗暴击+1%,FFd200ff,,,,,440281,0
2681,阳：提升治疗暴击+1.2%,FFd200ff,,,,,440282,0
2682,阳：提升治疗暴击+1.4%,FFd200ff,,,,,440283,0
2683,阳：提升治疗暴击+1.8%,FFd200ff,,,,,440284,0
2684,阳：提升治疗暴击+2%,FFd200ff,,,,,440285,0
2685,阳：提升治疗暴击+2.2%,FFd200ff,,,,,440286,0
2686,阳：提升治疗暴击+2.4%,FFd200ff,,,,,440287,0
2687,阳：提升治疗暴击+2.6%,FFd200ff,,,,,440288,0
2688,少阳：提升治疗暴击+2.8%,FFd200ff,,,,,440289,0
2689,太阳：提升治疗暴击+3%,FFd200ff,,,,,440290,0
2690,阳：提升封印命中+1%,FFd200ff,,,,,440291,0
2691,阳：提升封印命中+1.2%,FFd200ff,,,,,440292,0
2692,阳：提升封印命中+1.4%,FFd200ff,,,,,440293,0
2693,阳：提升封印命中+1.8%,FFd200ff,,,,,440294,0
2694,阳：提升封印命中+2%,FFd200ff,,,,,440295,0
2695,阳：提升封印命中+2.2%,FFd200ff,,,,,440296,0
2696,阳：提升封印命中+2.4%,FFd200ff,,,,,440297,0
2697,阳：提升封印命中+2.6%,FFd200ff,,,,,440298,0
2698,少阳：提升封印命中+2.8%,FFd200ff,,,,,440299,0
2699,太阳：提升封印命中+3%,FFd200ff,,,,,440300,0
2700,阳：提升物理抗暴+1%,FFd200ff,,,,,440301,0
2701,阳：提升物理抗暴+1.2%,FFd200ff,,,,,440302,0
2702,阳：提升物理抗暴+1.4%,FFd200ff,,,,,440303,0
2703,阳：提升物理抗暴+1.8%,FFd200ff,,,,,440304,0
2704,阳：提升物理抗暴+2%,FFd200ff,,,,,440305,0
2705,阳：提升物理抗暴+2.2%,FFd200ff,,,,,440306,0
2706,阳：提升物理抗暴+2.4%,FFd200ff,,,,,440307,0
2707,阳：提升物理抗暴+2.6%,FFd200ff,,,,,440308,0
2708,少阳：提升物理抗暴+2.8%,FFd200ff,,,,,440309,0
2709,太阳：提升物理抗暴+3%,FFd200ff,,,,,440310,0
2710,阳：提升法术抗暴+1%,FFd200ff,,,,,440311,0
2711,阳：提升法术抗暴+1.2%,FFd200ff,,,,,440312,0
2712,阳：提升法术抗暴+1.4%,FFd200ff,,,,,440313,0
2713,阳：提升法术抗暴+1.8%,FFd200ff,,,,,440314,0
2714,阳：提升法术抗暴+2%,FFd200ff,,,,,440315,0
2715,阳：提升法术抗暴+2.2%,FFd200ff,,,,,440316,0
2716,阳：提升法术抗暴+2.4%,FFd200ff,,,,,440317,0
2717,阳：提升法术抗暴+2.6%,FFd200ff,,,,,440318,0
2718,少阳：提升法术抗暴+2.8%,FFd200ff,,,,,440319,0
2719,太阳：提升法术抗暴+3%,FFd200ff,,,,,440320,0
2300,戒指品质•0级,FFd200ff,,,,,441000,0
2301,戒指品质•1级,FFd200ff,,,,,441001,0
2302,戒指品质•2级,FFd200ff,,,,,441002,0
2303,戒指品质•3级,FFd200ff,,,,,441003,0
2304,戒指品质•4级,FFd200ff,,,,,441004,0
2305,戒指品质•5级,FFd200ff,,,,,441005,0
2306,戒指品质•6级,FFd200ff,,,,,441006,0
2307,戒指品质•7级,FFd200ff,,,,,441007,0
2308,戒指品质•8级,FFd200ff,,,,,441008,0
2309,戒指品质•9级,FFd200ff,,,,,441009,0
2310,戒指品质•10级,FFd200ff,,,,,441010,0
2311,戒指品质•11级,FFd200ff,,,,,441011,0
2312,戒指品质•12级,FFd200ff,,,,,441012,0
2313,戒指品质•13级,FFd200ff,,,,,441013,0
2314,戒指品质•14级,FFd200ff,,,,,441014,0
2315,戒指品质•15级,FFd200ff,,,,,441015,0
2316,戒指品质•16级,FFd200ff,,,,,441016,0
2317,戒指品质•17级,FFd200ff,,,,,441017,0
2318,戒指品质•18级,FFd200ff,,,,,441018,0
2319,戒指品质•19级,FFd200ff,,,,,441019,0
2320,戒指品质•Max,FFd200ff,,,,,441020,0
2321,戒指品质•Max,FFd200ff,,,,,441021,0
2322,戒指品质•Max,FFd200ff,,,,,441022,0
2323,戒指品质•Max,FFd200ff,,,,,441023,0
3311,物理伤害+&,FFd200ff,130,phyattack_value,8;8,0,0,0
3312,法术伤害+&,FFd200ff,140,defend_value,12;12,0,0,0
3313,物理防御+&,FFd200ff,150,magicattack_value,6;6,0,0,0
3314,法术防御+&,FFd200ff,160,magicdef_value,8;8,0,0,0
3315,物理伤害+&,FFd200ff,130,phyattack_value,16;16,0,0,0
3316,法术伤害+&,FFd200ff,140,defend_value,24;24,0,0,0
3317,物理防御+&,FFd200ff,150,magicattack_value,12;12,0,0,0
3318,法术防御+&,FFd200ff,160,magicdef_value,16;16,0,0,0
3319,物理伤害+&,FFd200ff,130,phyattack_value,24;24,0,0,0
3320,法术伤害+&,FFd200ff,140,defend_value,36;36,0,0,0
3321,物理防御+&,FFd200ff,150,magicattack_value,18;18,0,0,0
3322,法术防御+&,FFd200ff,160,magicdef_value,24;24,0,0,0
3323,物理伤害+&,FFd200ff,130,phyattack_value,32;32,0,0,0
3324,法术伤害+&,FFd200ff,140,defend_value,48;48,0,0,0
3325,物理防御+&,FFd200ff,150,magicattack_value,24;24,0,0,0
3326,法术防御+&,FFd200ff,160,magicdef_value,32;32,0,0,0
3327,物理伤害+&,FFd200ff,130,phyattack_value,40;40,0,0,0
3328,法术伤害+&,FFd200ff,140,defend_value,60;60,0,0,0
3329,物理防御+&,FFd200ff,150,magicattack_value,30;30,0,0,0
3330,法术防御+&,FFd200ff,160,magicdef_value,40;40,0,0,0
3331,物理伤害+&,FFd200ff,130,phyattack_value,48;48,0,0,0
3332,法术伤害+&,FFd200ff,140,defend_value,72;72,0,0,0
3333,物理防御+&,FFd200ff,150,magicattack_value,36;36,0,0,0
3334,法术防御+&,FFd200ff,160,magicdef_value,48;48,0,0,0
3335,物理伤害+&,FFd200ff,130,phyattack_value,56;56,0,0,0
3336,法术伤害+&,FFd200ff,140,defend_value,84;84,0,0,0
3337,物理防御+&,FFd200ff,150,magicattack_value,42;42,0,0,0
3338,法术防御+&,FFd200ff,160,magicdef_value,56;56,0,0,0
3339,物理伤害+&,FFd200ff,130,phyattack_value,64;64,0,0,0
3340,法术伤害+&,FFd200ff,140,defend_value,96;96,0,0,0
3341,物理防御+&,FFd200ff,150,magicattack_value,48;48,0,0,0
3342,法术防御+&,FFd200ff,160,magicdef_value,64;64,0,0,0
3343,物理伤害+&,FFd200ff,130,phyattack_value,72;72,0,0,0
3344,法术伤害+&,FFd200ff,140,defend_value,108;108,0,0,0
3345,物理防御+&,FFd200ff,150,magicattack_value,54;54,0,0,0
3346,法术防御+&,FFd200ff,160,magicdef_value,72;72,0,0,0
3347,物理伤害+&,FFd200ff,130,phyattack_value,80;80,0,0,0
3348,法术伤害+&,FFd200ff,140,defend_value,120;120,0,0,0
3349,物理防御+&,FFd200ff,150,magicattack_value,60;60,0,0,0
3350,法术防御+&,FFd200ff,160,magicdef_value,80;80,0,0,0
3401,物理伤害+8,FFd200ff,,,,,441001,0
3402,物理伤害+9,FFd200ff,,,,,441002,0
3403,物理伤害+10,FFd200ff,,,,,441003,0
3404,物理伤害+11,FFd200ff,,,,,441004,0
3405,物理伤害+12,FFd200ff,,,,,441005,0
3406,物理伤害+13,FFd200ff,,,,,441006,0
3407,物理伤害+14,FFd200ff,,,,,441007,0
3408,物理伤害+15,FFd200ff,,,,,441008,0
3409,物理伤害+16,FFd200ff,,,,,441009,0
3410,物理伤害+17,FFd200ff,,,,,441010,0
3001,心疗术,FFd200ff,,,,,420002,1
3002,命疗术,FFd200ff,,,,,420003,1
3003,凝气决,FFd200ff,,,,,420004,1
3004,凝神决,FFd200ff,,,,,420005,1
3005,气归术,FFd200ff,,,,,420006,1
3006,命归术,FFd200ff,,,,,420007,1
3007,四海升平,FFd200ff,,,,,420008,1
3008,回魂咒,FFd200ff,,,,,420009,1
3009,起死回生,FFd200ff,,,,,420010,1
3010,慈航普度,FFd200ff,,,,,420011,1
3011,水清诀,FFd200ff,,,,,420012,1
3012,冰清诀,FFd200ff,,,,,420013,1
3013,玉清诀,FFd200ff,,,,,420014,1
3014,晶清诀,FFd200ff,,,,,420015,1
3015,笑里藏刀,FFd200ff,,,,,420016,1
3016,野兽之力,FFd200ff,,,,,420017,1
3017,魔兽之印,FFd200ff,,,,,420018,1
3018,放下屠刀,FFd200ff,,,,,420019,1
3019,河东狮吼,FFd200ff,,,,,420020,1
3020,光辉之甲,FFd200ff,,,,,420021,1
3021,圣灵之甲,FFd200ff,,,,,420022,1
3022,破甲术,FFd200ff,,,,,420023,1
3023,碎甲术,FFd200ff,,,,,420024,1
3024,流云诀,FFd200ff,,,,,420025,1
3025,啸风诀,FFd200ff,,,,,420026,1
3026,凝滞术,FFd200ff,,,,,420027,1
3027,停陷术,FFd200ff,,,,,420028,1
3028,太极护法,FFd200ff,,,,,420029,1
3029,罗汉金钟,FFd200ff,,,,,420030,1
3030,破血狂攻,FFd200ff,,,,,420031,1
3031,弱点击破,FFd200ff,,,,,420032,1
3032,破碎无双,FFd200ff,,,,,420033,1
3033,盘古之力,FFd200ff,,,,,420034,1
3034,女娲玄力,FFd200ff,,,,,420035,1
3035,盘古意志,FFd200ff,,,,,420036,1
3036,女娲神识,FFd200ff,,,,,420037,1
3100,阳:提升物理伤害+10%,FFd200ff,,,,,610000,0
3101,阴:提升物理伤害+300,FFd200ff,,,,,610001,0
3102,阳:提升法术伤害+10%,FFd200ff,,,,,610002,0
3103,阴:提升法术伤害+220,FFd200ff,,,,,610003,0
3104,阳:提升气血+15%,FFd200ff,,,,,610004,0
3105,阴:提升气血+1000,FFd200ff,,,,,610005,0
3106,阳:提升治疗强度+10%,FFd200ff,,,,,610006,0
3107,阴:提升治疗强度+180,FFd200ff,,,,,610007,0
3108,阳：提升物理防御+10%,FFd200ff,,,,,610008,0
3109,阴:提升物理防御+330,FFd200ff,,,,,610009,0
3110,阳：提升法术防御+10%,FFd200ff,,,,,610010,0
3111,阴：提升法术防御+210,FFd200ff,,,,,610011,0
3112,阳：提升速度+7%,FFd200ff,,,,,610012,0
3113,阴：提升速度+160,FFd200ff,,,,,610013,0
3114,太阴：提升物理暴击+160,FFd200ff,,,,,610014,0
3115,太阴：提升法术暴击+160,FFd200ff,,,,,610015,0
3116,太阴：提升治疗暴击+160,FFd200ff,,,,,610016,0
3117,太阴：提升封印命中+160,FFd200ff,,,,,610017,0
3118,太阴：提升物理抗暴+160,FFd200ff,,,,,610018,0
3119,太阴：提升法术抗暴+160,FFd200ff,,,,,610019,0
3120,太阳：提升物理暴击+7%,FFd200ff,,,,,610020,0
3121,太阳：提升法术暴击+7%,FFd200ff,,,,,610021,0
3122,太阳：提升治疗暴击+7%,FFd200ff,,,,,610022,0
3123,太阳：提升封印命中+7%,FFd200ff,,,,,610023,0
3124,太阳：提升物理抗暴+7%,FFd200ff,,,,,610024,0
3125,太阳：提升法术抗暴+7%,FFd200ff,,,,,610025,0
