"id","道具id","道具数量","货币类型","货币数量","是否绑定","角标","双倍类型"
"101","760005","1","0","0","1","","1"
"102","760005","1","0","0","1","set:jiangli image:2day","2"
"103","760005","1","0","0","1","","1"
"104","760005","1","0","0","1","","1"
"105","760005","1","0","0","1","set:jiangli image:5day","1"
"106","760005","1","0","0","1","","1"
"107","760005","1","0","0","1","set:jiangli image:7day","1"
"108","760005","1","0","0","1","","1"
"109","760005","1","0","0","1","","1"
"110","760005","1","0","0","1","set:jiangli image:10day","1"
"111","760005","1","0","0","1","","1"
"112","760005","1","0","0","1","set:jiangli image:12day","1"
"113","760005","1","0","0","1","","1"
"114","760005","1","0","0","1","","1"
"115","760005","1","0","0","1","set:jiangli image:15day","1"
"116","760005","1","0","0","1","","1"
"117","760005","1","0","0","1","set:jiangli image:17day","1"
"118","760005","1","0","0","1","","2"
"119","760005","1","0","0","1","","1"
"120","760005","1","0","0","1","set:jiangli image:20day","1"
"121","760005","1","0","0","1","","1"
"122","760005","1","0","0","1","set:jiangli image:22day","1"
"123","760005","2","0","0","1","","1"
"124","760005","3","0","0","1","","1"
"125","760005","4","0","0","1","set:jiangli image:25day","1"
"126","760005","5","0","0","1","","1"
"127","760005","6","0","0","1","set:jiangli image:27day","1"
"128","760005","7","0","0","1","","2"
"129","760005","8","0","0","1","","1"
"130","760005","9","0","0","1","set:jiangli image:30day","1"
"131","760005","10","0","0","1","","1"
"201","760005","1","0","0","1","","1"
"202","760005","1","0","0","1","set:jiangli image:2day","2"
"203","760005","1","0","0","1","","1"
"204","760005","1","0","0","1","","1"
"205","760005","1","0","0","1","set:jiangli image:5day","1"
"206","760005","1","0","0","1","","1"
"207","760005","1","0","0","1","set:jiangli image:7day","1"
"208","760005","1","0","0","1","","1"
"209","760005","1","0","0","1","","1"
"210","760005","1","0","0","1","set:jiangli image:10day","1"
"211","760005","1","0","0","1","","1"
"212","760005","1","0","0","1","set:jiangli image:12day","1"
"213","760005","1","0","0","1","","1"
"214","760005","1","0","0","1","","1"
"215","760005","1","0","0","1","set:jiangli image:15day","1"
"216","760005","1","0","0","1","","1"
"217","760005","1","0","0","1","set:jiangli image:17day","1"
"218","760005","1","0","0","1","","2"
"219","760005","1","0","0","1","","1"
"220","760005","1","0","0","1","set:jiangli image:20day","1"
"221","760005","2","0","0","1","","1"
"222","760005","3","0","0","1","set:jiangli image:22day","1"
"223","760005","4","0","0","1","","1"
"224","760005","5","0","0","1","","1"
"225","760005","6","0","0","1","set:jiangli image:25day","1"
"226","760005","7","0","0","1","","1"
"227","760005","8","0","0","1","set:jiangli image:27day","1"
"228","760005","9","0","0","1","","2"
"229","760005","10","0","0","1","","1"
"301","760005","1","0","0","1","","1"
"302","760005","1","0","0","1","set:jiangli image:2day","2"
"303","760005","1","0","0","1","","1"
"304","760005","1","0","0","1","","1"
"305","760005","1","0","0","1","set:jiangli image:5day","1"
"306","760005","1","0","0","1","","1"
"307","760005","1","0","0","1","set:jiangli image:7day","1"
"308","760005","1","0","0","1","","1"
"309","760005","1","0","0","1","","1"
"310","760005","1","0","0","1","set:jiangli image:10day","1"
"311","760005","1","0","0","1","","1"
"312","760005","1","0","0","1","set:jiangli image:12day","1"
"313","760005","1","0","0","1","","1"
"314","760005","1","0","0","1","","1"
"315","760005","1","0","0","1","set:jiangli image:15day","1"
"316","760005","1","0","0","1","","1"
"317","760005","1","0","0","1","set:jiangli image:17day","1"
"318","760005","1","0","0","1","","2"
"319","760005","1","0","0","1","","1"
"320","760005","1","0","0","1","set:jiangli image:20day","1"
"321","760005","1","0","0","1","","1"
"322","760005","1","0","0","1","set:jiangli image:22day","1"
"323","760005","2","0","0","1","","1"
"324","760005","3","0","0","1","","1"
"325","760005","4","0","0","1","set:jiangli image:25day","1"
"326","760005","5","0","0","1","","1"
"327","760005","6","0","0","1","set:jiangli image:27day","1"
"328","760005","7","0","0","1","","2"
"329","760005","8","0","0","1","","1"
"330","760005","9","0","0","1","set:jiangli image:30day","1"
"331","760005","10","0","0","1","","1"
"401","760005","1","0","0","1","","1"
"402","760005","1","0","0","1","set:jiangli image:2day","2"
"403","760005","1","0","0","1","","1"
"404","760005","1","0","0","1","","1"
"405","760005","1","0","0","1","set:jiangli image:5day","1"
"406","760005","1","0","0","1","","1"
"407","760005","1","0","0","1","set:jiangli image:7day","1"
"408","760005","1","0","0","1","","1"
"409","760005","1","0","0","1","","1"
"410","760005","1","0","0","1","set:jiangli image:10day","1"
"411","760005","1","0","0","1","","1"
"412","760005","1","0","0","1","set:jiangli image:12day","1"
"413","760005","1","0","0","1","","1"
"414","760005","1","0","0","1","","1"
"415","760005","1","0","0","1","set:jiangli image:15day","1"
"416","760005","1","0","0","1","","1"
"417","760005","1","0","0","1","set:jiangli image:17day","1"
"418","760005","1","0","0","1","","2"
"419","760005","1","0","0","1","","1"
"420","760005","1","0","0","1","set:jiangli image:20day","1"
"421","760005","1","0","0","1","","1"
"422","760005","2","0","0","1","set:jiangli image:22day","1"
"423","760005","3","0","0","1","","1"
"424","760005","4","0","0","1","","1"
"425","760005","5","0","0","1","set:jiangli image:25day","1"
"426","760005","6","0","0","1","","1"
"427","760005","7","0","0","1","set:jiangli image:27day","1"
"428","760005","8","0","0","1","","2"
"429","760005","9","0","0","1","","1"
"430","760005","10","0","0","1","set:jiangli image:30day","1"
"501","760005","1","0","0","1","","1"
"502","760005","1","0","0","1","set:jiangli image:2day","2"
"503","760005","1","0","0","1","","1"
"504","760005","1","0","0","1","","1"
"505","760005","1","0","0","1","set:jiangli image:5day","1"
"506","760005","1","0","0","1","","1"
"507","760005","1","0","0","1","set:jiangli image:7day","1"
"508","760005","1","0","0","1","","1"
"509","760005","1","0","0","1","","1"
"510","760005","1","0","0","1","set:jiangli image:10day","1"
"511","760005","1","0","0","1","","1"
"512","760005","1","0","0","1","set:jiangli image:12day","1"
"513","760005","1","0","0","1","","1"
"514","760005","1","0","0","1","","1"
"515","760005","1","0","0","1","set:jiangli image:15day","1"
"516","760005","1","0","0","1","","1"
"517","760005","1","0","0","1","set:jiangli image:17day","1"
"518","760005","1","0","0","1","","2"
"519","760005","1","0","0","1","","1"
"520","760005","1","0","0","1","set:jiangli image:20day","1"
"521","760005","1","0","0","1","","1"
"522","760005","1","0","0","1","set:jiangli image:22day","1"
"523","760005","2","0","0","1","","1"
"524","760005","3","0","0","1","","1"
"525","760005","4","0","0","1","set:jiangli image:25day","1"
"526","760005","5","0","0","1","","1"
"527","760005","6","0","0","1","set:jiangli image:27day","1"
"528","760005","7","0","0","1","","2"
"529","760005","8","0","0","1","","1"
"530","760005","9","0","0","1","set:jiangli image:30day","1"
"531","760005","10","0","0","1","","1"
"601","760005","1","0","0","1","","1"
"602","760005","1","0","0","1","set:jiangli image:2day","2"
"603","760005","1","0","0","1","","1"
"604","760005","1","0","0","1","","1"
"605","760005","1","0","0","1","set:jiangli image:5day","1"
"606","760005","1","0","0","1","","1"
"607","760005","1","0","0","1","set:jiangli image:7day","1"
"608","760005","1","0","0","1","","1"
"609","760005","1","0","0","1","","1"
"610","760005","1","0","0","1","set:jiangli image:10day","1"
"611","760005","1","0","0","1","","1"
"612","760005","1","0","0","1","set:jiangli image:12day","1"
"613","760005","1","0","0","1","","1"
"614","760005","1","0","0","1","","1"
"615","760005","1","0","0","1","set:jiangli image:15day","1"
"616","760005","1","0","0","1","","1"
"617","760005","1","0","0","1","set:jiangli image:17day","1"
"618","760005","1","0","0","1","","2"
"619","760005","1","0","0","1","","1"
"620","760005","1","0","0","1","set:jiangli image:20day","1"
"621","760005","1","0","0","1","","1"
"622","760005","2","0","0","1","set:jiangli image:22day","1"
"623","760005","3","0","0","1","","1"
"624","760005","4","0","0","1","","1"
"625","760005","5","0","0","1","set:jiangli image:25day","1"
"626","760005","6","0","0","1","","1"
"627","760005","7","0","0","1","set:jiangli image:27day","1"
"628","760005","8","0","0","1","","2"
"629","760005","9","0","0","1","","1"
"630","760005","10","0","0","1","set:jiangli image:30day","1"
"701","760005","1","0","0","1","","1"
"702","760005","1","0","0","1","set:jiangli image:2day","2"
"703","760005","1","0","0","1","","1"
"704","760005","1","0","0","1","","1"
"705","760005","1","0","0","1","set:jiangli image:5day","1"
"706","760005","1","0","0","1","","1"
"707","760005","1","0","0","1","set:jiangli image:7day","1"
"708","760005","1","0","0","1","","1"
"709","760005","1","0","0","1","","1"
"710","760005","1","0","0","1","set:jiangli image:10day","1"
"711","760005","1","0","0","1","","1"
"712","760005","1","0","0","1","set:jiangli image:12day","1"
"713","760005","1","0","0","1","","1"
"714","760005","1","0","0","1","","1"
"715","760005","1","0","0","1","set:jiangli image:15day","1"
"716","760005","1","0","0","1","","1"
"717","760005","1","0","0","1","set:jiangli image:17day","1"
"718","760005","1","0","0","1","","2"
"719","760005","1","0","0","1","","1"
"720","760005","1","0","0","1","set:jiangli image:20day","1"
"721","760005","1","0","0","1","","1"
"722","760005","1","0","0","1","set:jiangli image:22day","1"
"723","760005","2","0","0","1","","1"
"724","760005","3","0","0","1","","1"
"725","760005","4","0","0","1","set:jiangli image:25day","1"
"726","760005","5","0","0","1","","1"
"727","760005","6","0","0","1","set:jiangli image:27day","1"
"728","760005","7","0","0","1","","2"
"729","760005","8","0","0","1","","1"
"730","760005","9","0","0","1","set:jiangli image:30day","1"
"731","760005","10","0","0","1","","1"
"801","760005","1","0","0","1","","1"
"802","760005","1","0","0","1","set:jiangli image:2day","2"
"803","760005","1","0","0","1","","1"
"804","760005","1","0","0","1","","1"
"805","760005","1","0","0","1","set:jiangli image:5day","1"
"806","760005","1","0","0","1","","1"
"807","760005","1","0","0","1","set:jiangli image:7day","1"
"808","760005","1","0","0","1","","1"
"809","760005","1","0","0","1","","1"
"810","760005","1","0","0","1","set:jiangli image:10day","1"
"811","760005","1","0","0","1","","1"
"812","760005","1","0","0","1","set:jiangli image:12day","1"
"813","760005","1","0","0","1","","1"
"814","760005","1","0","0","1","","1"
"815","760005","1","0","0","1","set:jiangli image:15day","1"
"816","760005","1","0","0","1","","1"
"817","760005","1","0","0","1","set:jiangli image:17day","1"
"818","760005","1","0","0","1","","2"
"819","760005","1","0","0","1","","1"
"820","760005","1","0","0","1","set:jiangli image:20day","1"
"821","760005","1","0","0","1","","1"
"822","760005","1","0","0","1","set:jiangli image:22day","1"
"823","760005","2","0","0","1","","1"
"824","760005","3","0","0","1","","1"
"825","760005","4","0","0","1","set:jiangli image:25day","1"
"826","760005","5","0","0","1","","1"
"827","760005","6","0","0","1","set:jiangli image:27day","1"
"828","760005","7","0","0","1","","2"
"829","760005","8","0","0","1","","1"
"830","760005","9","0","0","1","set:jiangli image:30day","1"
"831","760005","10","0","0","1","","1"
"901","760005","1","0","0","1","","1"
"902","760005","1","0","0","1","set:jiangli image:2day","2"
"903","760005","1","0","0","1","","1"
"904","760005","1","0","0","1","","1"
"905","760005","1","0","0","1","set:jiangli image:5day","1"
"906","760005","1","0","0","1","","1"
"907","760005","1","0","0","1","set:jiangli image:7day","1"
"908","760005","1","0","0","1","","1"
"909","760005","1","0","0","1","","1"
"910","760005","1","0","0","1","set:jiangli image:10day","1"
"911","760005","1","0","0","1","","1"
"912","760005","1","0","0","1","set:jiangli image:12day","1"
"913","760005","1","0","0","1","","1"
"914","760005","1","0","0","1","","1"
"915","760005","1","0","0","1","set:jiangli image:15day","1"
"916","760005","1","0","0","1","","1"
"917","760005","1","0","0","1","set:jiangli image:17day","1"
"918","760005","1","0","0","1","","2"
"919","760005","1","0","0","1","","1"
"920","760005","1","0","0","1","set:jiangli image:20day","1"
"921","760005","1","0","0","1","","1"
"922","760005","2","0","0","1","set:jiangli image:22day","1"
"923","760005","3","0","0","1","","1"
"924","760005","4","0","0","1","","1"
"925","760005","5","0","0","1","set:jiangli image:25day","1"
"926","760005","6","0","0","1","","1"
"927","760005","7","0","0","1","set:jiangli image:27day","1"
"928","760005","8","0","0","1","","2"
"929","760005","9","0","0","1","","1"
"930","760005","10","0","0","1","set:jiangli image:30day","1"
"1001","760005","1","0","0","1","","1"
"1002","760005","1","0","0","1","set:jiangli image:2day","2"
"1003","760005","1","0","0","1","","1"
"1004","760005","1","0","0","1","","1"
"1005","760005","1","0","0","1","set:jiangli image:5day","1"
"1006","760005","1","0","0","1","","1"
"1007","760005","1","0","0","1","set:jiangli image:7day","1"
"1008","760005","1","0","0","1","","1"
"1009","760005","1","0","0","1","","1"
"1010","760005","1","0","0","1","set:jiangli image:10day","1"
"1011","760005","1","0","0","1","","1"
"1012","760005","1","0","0","1","set:jiangli image:12day","1"
"1013","760005","1","0","0","1","","1"
"1014","760005","1","0","0","1","","1"
"1015","760005","1","0","0","1","set:jiangli image:15day","1"
"1016","760005","1","0","0","1","","1"
"1017","760005","1","0","0","1","set:jiangli image:17day","1"
"1018","760005","1","0","0","1","","2"
"1019","760005","1","0","0","1","","1"
"1020","760005","1","0","0","1","set:jiangli image:20day","1"
"1021","760005","1","0","0","1","","1"
"1022","760005","1","0","0","1","set:jiangli image:22day","1"
"1023","760005","2","0","0","1","","1"
"1024","760005","3","0","0","1","","1"
"1025","760005","4","0","0","1","set:jiangli image:25day","1"
"1026","760005","5","0","0","1","","1"
"1027","760005","6","0","0","1","set:jiangli image:27day","1"
"1028","760005","7","0","0","1","","2"
"1029","760005","8","0","0","1","","1"
"1030","760005","9","0","0","1","set:jiangli image:30day","1"
"1031","760005","10","0","0","1","","1"
"1101","760005","1","0","0","1","","1"
"1102","760005","1","0","0","1","set:jiangli image:2day","2"
"1103","760005","1","0","0","1","","1"
"1104","760005","1","0","0","1","","1"
"1105","760005","1","0","0","1","set:jiangli image:5day","1"
"1106","760005","1","0","0","1","","1"
"1107","760005","1","0","0","1","set:jiangli image:7day","1"
"1108","760005","1","0","0","1","","1"
"1109","760005","1","0","0","1","","1"
"1110","760005","1","0","0","1","set:jiangli image:10day","1"
"1111","760005","1","0","0","1","","1"
"1112","760005","1","0","0","1","set:jiangli image:12day","1"
"1113","760005","1","0","0","1","","1"
"1114","760005","1","0","0","1","","1"
"1115","760005","1","0","0","1","set:jiangli image:15day","1"
"1116","760005","1","0","0","1","","1"
"1117","760005","1","0","0","1","set:jiangli image:17day","1"
"1118","760005","1","0","0","1","","2"
"1119","760005","1","0","0","1","","1"
"1120","760005","1","0","0","1","set:jiangli image:20day","1"
"1121","760005","1","0","0","1","","1"
"1122","760005","2","0","0","1","set:jiangli image:22day","1"
"1123","760005","3","0","0","1","","1"
"1124","760005","4","0","0","1","","1"
"1125","760005","5","0","0","1","set:jiangli image:25day","1"
"1126","760005","6","0","0","1","","1"
"1127","760005","7","0","0","1","set:jiangli image:27day","1"
"1128","760005","8","0","0","1","","2"
"1129","760005","9","0","0","1","","1"
"1130","760005","10","0","0","1","set:jiangli image:30day","1"
"1201","760005","1","0","0","1","","1"
"1202","760005","1","0","0","1","set:jiangli image:2day","2"
"1203","760005","1","0","0","1","","1"
"1204","760005","1","0","0","1","","1"
"1205","760005","1","0","0","1","set:jiangli image:5day","1"
"1206","760005","1","0","0","1","","1"
"1207","760005","1","0","0","1","set:jiangli image:7day","1"
"1208","760005","1","0","0","1","","1"
"1209","760005","1","0","0","1","","1"
"1210","760005","1","0","0","1","set:jiangli image:10day","1"
"1211","760005","1","0","0","1","","1"
"1212","760005","1","0","0","1","set:jiangli image:12day","1"
"1213","760005","1","0","0","1","","1"
"1214","760005","1","0","0","1","","1"
"1215","760005","1","0","0","1","set:jiangli image:15day","1"
"1216","760005","1","0","0","1","","1"
"1217","760005","1","0","0","1","set:jiangli image:17day","1"
"1218","760005","1","0","0","1","","2"
"1219","760005","1","0","0","1","","1"
"1220","760005","1","0","0","1","set:jiangli image:20day","1"
"1221","760005","1","0","0","1","","1"
"1222","760005","1","0","0","1","set:jiangli image:22day","1"
"1223","760005","2","0","0","1","","1"
"1224","760005","3","0","0","1","","1"
"1225","760005","4","0","0","1","set:jiangli image:25day","1"
"1226","760005","5","0","0","1","","1"
"1227","760005","6","0","0","1","set:jiangli image:27day","1"
"1228","760005","7","0","0","1","","2"
"1229","760005","8","0","0","1","","1"
"1230","760005","9","0","0","1","set:jiangli image:30day","1"
"1231","760005","10","0","0","1","","1"
"","","","","","","",""
"","","","","","","",""
"","","","","","","",""
"","","","","","","",""
"","","","","","","",""
"","","","","","","",""
"","","","","","","",""
"","","","","","","",""
