"id","服务器参数","客户端参数","备注"
"1","20","20","一天消耗符石"
"2","0","","统一消耗符石时间"
"3","20","","开始消耗符石的等级"
"4","2000","","双倍点数价钱(金币)"
"5","100","100","点卡服创建公会消耗100符石"
"6","50","50","临时"
"7","10000","10000","点卡服打工10000银币"
"8","144","144","活跃度界面上限"
"9","20","","提示开始等级"
"10","60","60","招募等级上限"
"11","10","10","招募每周领取次数限制"
"12","60","60","招募好友等级限制"
"13","4","4","我的招募的总数"
"14","340048","","招募新手礼包"
"15","30","30","招募限制"
"16","10","10","招募分享限制"
"426","","我叫MT3点卡版模拟器","我叫MT3模拟器"
"17","","http://m.vip.qq.com/club/act/2016/126642/64edf656ab.html?_wv=1&_wwv=4&ADTAG=123","点卡服QQ链接"
"","","",""
"","","",""
"","","",""
"","","",""
"","","",""
"","","",""
"","","",""
"","","",""
"","","",""
"","","",""
"","","",""
"","","",""
"","","",""
"","","",""
"","","",""
"","","",""
"","","",""
"","","",""
"","","",""
"","","",""
"","","",""
"","","",""
"","","",""
"","","",""
"","","",""
"","","",""
"","","",""
"","","",""
"","","",""
"","","",""
"","","",""
"","","",""
"","","",""
"","","",""
"","","",""
"","","",""
"","","",""
"","","",""
"","","",""
"","","",""
"","","",""
"","","",""
"","","",""
"","","",""
"","","",""
"","","",""
"","","",""
"","","",""
"","","",""
"","","",""
"","","",""
"","","",""
"","","",""
"","","",""
"","","",""
"","","",""
"","","",""
"","","",""
"","","",""
"","","",""
"","","",""
"","","",""
"","","",""
"","","",""
"","","",""
"","","",""
"","","",""
"","","",""
"","","",""
"","","",""
"","","",""
"","","",""
"","","",""
"","","",""
"","","",""
"","","",""
"","","",""
"","","",""
"","","",""
"","","",""
"","","",""
"","","",""
"","","",""
"","","",""
"","","",""
"","","",""
"","","",""
"","","",""
"","","",""
"","","",""
"","","",""
"","","",""
"","","",""
"","","",""
"","","",""
"","","",""
"","","",""
"","","",""
"","","",""
"","","",""
"","","",""
"","","",""
"","","",""
"","","",""
"","","",""
"","","",""
"","","",""
"","","",""
"","","",""
"","","",""
"","","",""
"","","",""
"","","",""
"","","",""
"","","",""
"","","",""
"","","",""
"","","",""
"","","",""
"","","",""
"","","",""
"","","",""
"","","",""
"","","",""
"","","",""
"","","",""
"","","",""
"","","",""
"","","",""
"","","",""
"","","",""
"","","",""
"","","",""
"","","",""
"","","",""
"","","",""
"","","",""
"","","",""
"","","",""
"","","",""
"","","",""
"","","",""
"","","",""
"","","",""
"","","",""
"","","",""
"","","",""
"","","",""
"","","",""
"","","",""
"","","",""
"","","",""
"","","",""
"","","",""
"","","",""
"","","",""
"","","",""
"","","",""
"","","",""
"","","",""
"","","",""
"","","",""
"","","",""
"","","",""
"","","",""
"","","",""
"","","",""
"","","",""
"","","",""
"","","",""
"","","",""
"","","",""
"","","",""
"","","",""
"","","",""
"","","",""
"","","",""
"","","",""
"","","",""
"","","",""
