"序号","页签类型","活动名","服务器id","需求等级","等级文本","未达等级到文本","上限等级","排序","参加一次红点即消失","开启时间","活动详情","活动要求","经验奖励","物品奖励","物品id","物品id2","物品id3","物品id4","物品id5","推荐度","标签图标","名字颜色","名字描边","图片id","活动周期","服务器发","是否显示最大次数","最大次数","无限制计次","重置次数类型","最大活跃度","每次获得活跃","限时活动对应id","进行中提示","参加类型","对应1","对应2","盈福经验","盈福经验奖励","盈福总次数","活动开关"
"101","2","师门任务","0","15","达到15级","40级开启","300","1","1","全天","<T t=""活动时间： "" c=""FFC28E54"" f=""simhei-11""></T><T t=""全天"" c=""FFFFF2DF"" f=""simhei-11""></T><B></B><T t=""任务形式： "" c=""FFC28E54"" f=""simhei-11""></T><T t=""单人任务"" c=""FFFFF2DF"" f=""simhei-11""></T><B></B><T t=""等级限制： "" c=""FFC28E54"" f=""simhei-11""></T><T t=""达到40级"" c=""FFFFF2DF"" f=""simhei-11""></T><B></B><T t=""任务描述： "" c=""FFC28E54"" f=""simhei-11""></T><T t=""师门任务奖励丰厚，并可获得门派贡献，是每天必做的任务哟。"" c=""FFFFF2DF"" f=""simhei-11""></T>","单人任务","","","254002","254003","254006","254010","","0","","fff08723","ff2d1600","1186","1,2,3,4,5,6,7","","1","20","0","1","20","1","-1","开启","6","","","0","0","0","1"
"105","2","好友试炼","0","30","达到30级","30级开启","300","2","1","全天","领取任务后，与好友组队通过任意途径击杀的怪物累计到一定数量后，会获得丰厚的经验奖励。","3-5人组队","大量经验","","338000","254006","","","","3","","fff08723","ff2d1600","1135","1,2,3,4,5,6,7","","1","1","0","1","5","5","-1","开启","4","100002","","1","19001","1","1"
"103","2","平定安邦","0","50","达到50级","50级开启","300","3","1","全天","<T t=""活动时间： "" c=""FFC28E54"" f=""simhei-11""></T><T t=""全天"" c=""FFFFF2DF"" f=""simhei-11""></T><B></B><T t=""任务形式： "" c=""FFC28E54"" f=""simhei-11""></T><T t=""组队任务"" c=""FFFFF2DF"" f=""simhei-11""></T><B></B><T t=""等级限制： "" c=""FFC28E54"" f=""simhei-11""></T><T t=""达到50级"" c=""FFFFF2DF"" f=""simhei-11""></T><B></B><T t=""任务描述： "" c=""FFC28E54"" f=""simhei-11""></T><T t=""领取任务后，与好友组队通过任意途径击杀的怪物累计到一定数量后，会获得丰厚的经验奖励。"" c=""FFFFF2DF"" f=""simhei-11""></T>","组队任务","","","338000","","","","","0","","fff08723","ff2d1600","1164","1,2,3,4,5,6,7","","1","1","0","1","0","0","-1","开启","4","100002","","0","0","0","0"
"104","2","宝图任务","0","50","达到50级","50级开启","300","4","1","全天","<T t=""活动时间： "" c=""FFC28E54"" f=""simhei-11""></T><T t=""全天"" c=""FFFFF2DF"" f=""simhei-11""></T><B></B><T t=""任务形式： "" c=""FFC28E54"" f=""simhei-11""></T><T t=""单人任务"" c=""FFFFF2DF"" f=""simhei-11""></T><B></B><T t=""等级限制： "" c=""FFC28E54"" f=""simhei-11""></T><T t=""达到50级"" c=""FFFFF2DF"" f=""simhei-11""></T><B></B><T t=""任务描述： "" c=""FFC28E54"" f=""simhei-11""></T><T t=""和店小二打听强盗的消息，击败强盗后，可以在强盗身上搜出珍贵的藏宝图哟。"" c=""FFFFF2DF"" f=""simhei-11""></T>","单人任务","","","331300","","","","","0","","ffc800c8","ff230023","1253","1,2,3,4,5,6,7","","1","20","0","1","10","1","-1","开启","1","161510","","0","0","0","1"
"119","2","秘境降妖","0","50","达到50级","50级开启","300","5","1","全天","<T t=""活动时间： "" c=""FFC28E54"" f=""simhei-11""></T><T t=""全天"" c=""FFFFF2DF"" f=""simhei-11""></T><B></B><T t=""任务形式： "" c=""FFC28E54"" f=""simhei-11""></T><T t=""单人任务"" c=""FFFFF2DF"" f=""simhei-11""></T><B></B><T t=""等级限制： "" c=""FFC28E54"" f=""simhei-11""></T><T t=""达到50级"" c=""FFFFF2DF"" f=""simhei-11""></T><B></B><T t=""任务描述： "" c=""FFC28E54"" f=""simhei-11""></T><T t=""单人挑战副本，闯关越多，奖励越丰富。"" c=""FFFFF2DF"" f=""simhei-11""></T>","单人任务","","","40015","310102","310001","254006","","0","","ffc800c8","ff2d1600","1304","1,2,3,4,5,6,7","","1","-1","0","1","10","1","-1","开启","1","161521","","0","0","0","1"
"213","2","三界奇缘","0","50","达到50级","50级开启","300","6","1","11:00-24:00","<T t=""活动时间： "" c=""FFC28E54"" f=""simhei-11""></T><T t=""每天中午11:00-23:00"" c=""FFFFF2DF"" f=""simhei-11""></T><B></B><T t=""任务形式： "" c=""FFC28E54"" f=""simhei-11""></T><T t=""单人任务"" c=""FFFFF2DF"" f=""simhei-11""></T><B></B><T t=""等级限制： "" c=""FFC28E54"" f=""simhei-11""></T><T t=""达到50级"" c=""FFFFF2DF"" f=""simhei-11""></T><B></B><T t=""任务描述： "" c=""FFC28E54"" f=""simhei-11""></T><T t=""了解梦幻西游的世界，还能获得丰厚的储备奖励噢~"" c=""FFFFF2DF"" f=""simhei-11""></T>","单人任务","","","32037","32038","","","","0","","ffc800c8","ff230023","1221","1,2,3,4,5,6,7","","1","10","0","1","10","1","213","开启","9","","","0","0","0","1"
"214","2","科举问答","0","50","达到50级","50级开启","300","7","1","17:00-24:00","<T t=""活动时间： "" c=""FFC28E54"" f=""simhei-11""></T><T t=""每天晚上18:00-19:00"" c=""FFFFF2DF"" f=""simhei-11""></T><B></B><T t=""任务形式： "" c=""FFC28E54"" f=""simhei-11""></T><T t=""单人任务"" c=""FFFFF2DF"" f=""simhei-11""></T><B></B><T t=""等级限制： "" c=""FFC28E54"" f=""simhei-11""></T><T t=""达到50级"" c=""FFFFF2DF"" f=""simhei-11""></T><B></B><T t=""任务描述： "" c=""FFC28E54"" f=""simhei-11""></T><T t=""科举问答，考验玩家的各方位知识，答对可获得丰厚奖励喔~"" c=""FFFFF2DF"" f=""simhei-11""></T>","单人任务","","","254002","254003","","","","0","","ffc800c8","ff230023","1177","1,2,3,4,5,6,7","","1","20","0","1","10","1","214","开启","10","","","0","0","0","1"
"107","2","押镖","0","50","达到50级","50级开启","300","8","1","全天","<T t=""活动时间： "" c=""FFC28E54"" f=""simhei-11""></T><T t=""全天"" c=""FFFFF2DF"" f=""simhei-11""></T><B></B><T t=""任务形式： "" c=""FFC28E54"" f=""simhei-11""></T><T t=""单人任务"" c=""FFFFF2DF"" f=""simhei-11""></T><B></B><T t=""等级限制： "" c=""FFC28E54"" f=""simhei-11""></T><T t=""达到50级"" c=""FFFFF2DF"" f=""simhei-11""></T><B></B><T t=""任务描述： "" c=""FFC28E54"" f=""simhei-11""></T><T t=""运镖任务为单人任务，不可组队参与。"" c=""FFFFF2DF"" f=""simhei-11""></T>","单人任务","","","254001","254002","","","","0","","ffc800c8","ff230023","1185","1,2,3,4,5,6,7","","1","10","0","1","10","1","-1","开启","1","260013","","0","0","0","1"
"108","2","帮派任务","0","50","达到50级","50级开启","300","9","1","全天","<T t=""活动时间： "" c=""FFC28E54"" f=""simhei-11""></T><T t=""全天"" c=""FFFFF2DF"" f=""simhei-11""></T><B></B><T t=""任务形式： "" c=""FFC28E54"" f=""simhei-11""></T><T t=""单人任务"" c=""FFFFF2DF"" f=""simhei-11""></T><B></B><T t=""等级限制： "" c=""FFC28E54"" f=""simhei-11""></T><T t=""达到50级"" c=""FFFFF2DF"" f=""simhei-11""></T><B></B><T t=""任务描述： "" c=""FFC28E54"" f=""simhei-11""></T><T t=""帮派青龙堂主负责发布帮派任务，完成任务会获得不错的帮贡奖励哦。"" c=""FFFFF2DF"" f=""simhei-11""></T>","单人任务","","","254014","680001","","","","0","","ffc800c8","ff2d1600","1167","1,2,3,4,5,6,7","","1","20","0","1","0","0","-1","开启","8","161301","","0","0","0","1"
"124","2","经验环","0","50","达到50级","50级开启","300","10","1","全天","<T t=""活动时间： "" c=""FFC28E54"" f=""simhei-11""></T><T t=""全天"" c=""FFFFF2DF"" f=""simhei-11""></T><B></B><T t=""任务形式： "" c=""FFC28E54"" f=""simhei-11""></T><T t=""单人任务"" c=""FFFFF2DF"" f=""simhei-11""></T><B></B><T t=""等级限制： "" c=""FFC28E54"" f=""simhei-11""></T><T t=""达到50级"" c=""FFFFF2DF"" f=""simhei-11""></T><B></B><T t=""任务描述： "" c=""FFC28E54"" f=""simhei-11""></T><T t=""帮陆萧然完成一些收集物品的任务，可获得超高额经验奖励。"" c=""FFFFF2DF"" f=""simhei-11""></T>","单人任务","","","254003","","","","","0","","fff08723","ff230023","1177","1,2,3,4,5,6,7","","1","300","0","1","0","0","-1","开启","1","161403","","0","0","0","1"
"102","2","捉鬼任务","0","40","达到40级","40级开启","300","11","1","全天","<T t=""活动时间： "" c=""FFC28E54"" f=""simhei-11""></T><T t=""全天"" c=""FFFFF2DF"" f=""simhei-11""></T><B></B><T t=""任务形式： "" c=""FFC28E54"" f=""simhei-11""></T><T t=""组队任务"" c=""FFFFF2DF"" f=""simhei-11""></T><B></B><T t=""等级限制： "" c=""FFC28E54"" f=""simhei-11""></T><T t=""达到40级"" c=""FFFFF2DF"" f=""simhei-11""></T><B></B><T t=""任务描述： "" c=""FFC28E54"" f=""simhei-11""></T><T t=""在钟馗处领取捉鬼任务，组队人数越多，奖励越丰富，请带上1-2名方寸山、普陀山、阴曹地府、化生寺的玩家，捉鬼难度会大幅度降低。记得开启双倍点数，可以获得更多的奖励哟。"" c=""FFFFF2DF"" f=""simhei-11""></T>","组队任务","","","254002","254003","927042","","","0","","ffc800c8","ff230023","1174","1,2,3,4,5,6,7","","1","2000","0","1","20","1","-1","开启","1","161501","","0","0","0","1"
"120","2","因缘绘副本","0","60","达到60级","60级开启","300","12","1","全天","<T t=""活动时间： "" c=""FFC28E54"" f=""simhei-11""></T><T t=""全天"" c=""FFFFF2DF"" f=""simhei-11""></T><B></B><T t=""任务形式： "" c=""FFC28E54"" f=""simhei-11""></T><T t=""组队任务"" c=""FFFFF2DF"" f=""simhei-11""></T><B></B><T t=""等级限制： "" c=""FFC28E54"" f=""simhei-11""></T><T t=""达到60级"" c=""FFFFF2DF"" f=""simhei-11""></T><B></B><T t=""任务描述： "" c=""FFC28E54"" f=""simhei-11""></T><T t=""每日副本，每天可参加5次，越高级的副本奖励越丰厚"" c=""FFFFF2DF"" f=""simhei-11""></T>","组队任务","","","254003","254012","254015","254006","254008","0","","ffc800c8","ff2d1600","1844","1,2,3,4,5,6,7","","1","5","0","1","10","10","-1","开启","1","161511","","0","0","0","1"
"270","2","大雁塔妖魔","0","50","达到50级","50级开启","300","13","1","全天","<T t=""活动时间： "" c=""FFC28E54"" f=""simhei-11""></T><T t=""全天整点投放"" c=""FFFFF2DF"" f=""simhei-11""></T><B></B><T t=""任务形式： "" c=""FFC28E54"" f=""simhei-11""></T><T t=""组队任务"" c=""FFFFF2DF"" f=""simhei-11""></T><B></B><T t=""等级限制： "" c=""FFC28E54"" f=""simhei-11""></T><T t=""达到50级"" c=""FFFFF2DF"" f=""simhei-11""></T><B></B><T t=""任务描述： "" c=""FFC28E54"" f=""simhei-11""></T><T t=""击杀大雁塔内的妖魔，队伍人数越多和人物等级越高则基础奖励越高。"" c=""FFFFF2DF"" f=""simhei-11""></T>","组队任务","","","254003","254002","927004","","","0","","ffc800c8","ff230023","1845","1,2,3,4,5,6,7","","1","50","0","1","0","0","-1","开启","1","500001","","0","0","0","1"
"271","2","封妖","0","50","达到50级","50级开启","300","14","1","全天","<T t=""活动时间： "" c=""FFC28E54"" f=""simhei-11""></T><T t=""全天整点投放"" c=""FFFFF2DF"" f=""simhei-11""></T><B></B><T t=""任务形式： "" c=""FFC28E54"" f=""simhei-11""></T><T t=""组队任务"" c=""FFFFF2DF"" f=""simhei-11""></T><B></B><T t=""等级限制： "" c=""FFC28E54"" f=""simhei-11""></T><T t=""达到50级"" c=""FFFFF2DF"" f=""simhei-11""></T><B></B><T t=""任务描述： "" c=""FFC28E54"" f=""simhei-11""></T><T t=""封印远古妖魔，每半小时会出现在"" c=""FFFFF2DF"" f=""simhei-11""></T><T t=""两界山"" c=""FFFFFF00"" f=""simhei-11""></T><T t=""，击杀后可获得丰厚奖励，组队人数越多基础奖励则越高。"" c=""FFFFF2DF"" f=""simhei-11""></T>","组队任务","","","254003","257002","257003","257004","927020","0","","ffc800c8","ff230023","1798","1,2,3,4,5,6,7","","1","20","0","1","10","1","-1","开启","5","","","0","0","0","1"
"272","2","二十八星宿","0","60","达到60级","60级开启","300","15","1","全天","<T t=""活动时间： "" c=""FFC28E54"" f=""simhei-11""></T><T t=""全天整点投放"" c=""FFFFF2DF"" f=""simhei-11""></T><B></B><T t=""任务形式： "" c=""FFC28E54"" f=""simhei-11""></T><T t=""组队任务"" c=""FFFFF2DF"" f=""simhei-11""></T><B></B><T t=""等级限制： "" c=""FFC28E54"" f=""simhei-11""></T><T t=""达到60级"" c=""FFFFF2DF"" f=""simhei-11""></T><B></B><T t=""任务描述： "" c=""FFC28E54"" f=""simhei-11""></T><T t=""难度挑战，每个整点，随机出现在"" c=""FFFFF2DF"" f=""simhei-11""></T><T t=""花果山"" c=""FFFFFF00"" f=""simhei-11""></T><T t=""。"" c=""FFFFF2DF"" f=""simhei-11""></T><T t=""分为"" c=""FFFFF2DF"" f=""simhei-11""></T><T t=""星宿之影、二十八星宿、星宿之怒"" c=""FF00FF00"" f=""simhei-11""></T><T t=""三种难度。"" c=""FFFFF2DF"" f=""simhei-11""></T>","组队任务","","","927014","927020","927023","927040","927041","0","","ffc800c8","ff230023","1841","1,2,3,4,5,6,7","","1","15","0","1","0","0","272","开启","0","","","0","0","0","1"
"273","2","十二元辰","0","60","达到60级","60级开启","300","16","1","全天","<T t=""活动时间： "" c=""FFC28E54"" f=""simhei-11""></T><T t=""全天整点投放"" c=""FFFFF2DF"" f=""simhei-11""></T><B></B><T t=""任务形式： "" c=""FFC28E54"" f=""simhei-11""></T><T t=""组队任务"" c=""FFFFF2DF"" f=""simhei-11""></T><B></B><T t=""等级限制： "" c=""FFC28E54"" f=""simhei-11""></T><T t=""达到60级"" c=""FFFFF2DF"" f=""simhei-11""></T><B></B><T t=""任务描述： "" c=""FFC28E54"" f=""simhei-11""></T><T t=""难度挑战，每个整点，随机出现在"" c=""FFFFF2DF"" f=""simhei-11""></T><T t=""两界山"" c=""FFFFFF00"" f=""simhei-11""></T><T t=""。"" c=""FFFFF2DF"" f=""simhei-11""></T>","组队任务","","","927015","927020","927023","927040","927041","0","","ffc800c8","ff230023","1842","1,2,3,4,5,6,7","","1","10","0","1","0","0","273","开启","0","","","0","0","0","1"
"274","2","四方星官","0","60","达到60级","60级开启","300","17","1","全天","<T t=""活动时间： "" c=""FFC28E54"" f=""simhei-11""></T><T t=""每天10：00-22:00、每两小时投放"" c=""FFFFF2DF"" f=""simhei-11""></T><B></B><T t=""任务形式： "" c=""FFC28E54"" f=""simhei-11""></T><T t=""组队任务"" c=""FFFFF2DF"" f=""simhei-11""></T><B></B><T t=""等级限制： "" c=""FFC28E54"" f=""simhei-11""></T><T t=""达到60级"" c=""FFFFF2DF"" f=""simhei-11""></T><B></B><T t=""任务描述： "" c=""FFC28E54"" f=""simhei-11""></T><T t=""高难度挑战，每天固定时间点随机出现在"" c=""FFFFF2DF"" f=""simhei-11""></T><T t=""大雪山"" c=""FFFFFF00"" f=""simhei-11""></T><T t=""。"" c=""FFFFF2DF"" f=""simhei-11""></T>","组队任务","","","927045","927003","927004","927020","927023","0","","ffc800c8","ff230023","1843","1,2,3,4,5,6,7","","1","8","0","1","0","0","274","开启","0","","","0","0","0","1"
"275","2","九曜星官","0","60","达到60级","60级开启","300","18","1","全天","<T t=""活动时间： "" c=""FFC28E54"" f=""simhei-11""></T><T t=""每天10：00-22:00、每两小时投放"" c=""FFFFF2DF"" f=""simhei-11""></T><B></B><T t=""任务形式： "" c=""FFC28E54"" f=""simhei-11""></T><T t=""组队任务"" c=""FFFFF2DF"" f=""simhei-11""></T><B></B><T t=""等级限制： "" c=""FFC28E54"" f=""simhei-11""></T><T t=""达到60级"" c=""FFFFF2DF"" f=""simhei-11""></T><B></B><T t=""任务描述： "" c=""FFC28E54"" f=""simhei-11""></T><T t=""高难度挑战，每天固定时间点随机出现在"" c=""FFFFF2DF"" f=""simhei-11""></T><T t=""大雪山"" c=""FFFFFF00"" f=""simhei-11""></T><T t=""。"" c=""FFFFF2DF"" f=""simhei-11""></T>","组队任务","","","927045","927003","927004","927020","927023","0","","ffc800c8","ff230023","1834","1,2,3,4,5,6,7","","1","7","0","1","0","0","275","开启","0","","","0","0","0","1"
"313","2","九幽地宫","0","50","达到50级","50级开启","300","19","1","全天","<T t=""活动时间： "" c=""FFC28E54"" f=""simhei-11""></T><T t=""全天投放"" c=""FFFFF2DF"" f=""simhei-11""></T><B></B><T t=""任务形式： "" c=""FFC28E54"" f=""simhei-11""></T><T t=""组队任务"" c=""FFFFF2DF"" f=""simhei-11""></T><B></B><T t=""等级限制： "" c=""FFC28E54"" f=""simhei-11""></T><T t=""达到50级、九幽首领需69级"" c=""FFFFF2DF"" f=""simhei-11""></T><B></B><T t=""任务描述： "" c=""FFC28E54"" f=""simhei-11""></T><T t=""九幽地宫内鬼物无数，击杀可获得高额经验奖励、每小时刷新4只"" c=""FFFFF2DF"" f=""simhei-11""></T><T t=""九幽首领"" c=""FF00FF00"" f=""simhei-11""></T><T t=""击杀可获得特殊奖励。"" c=""FFFFF2DF"" f=""simhei-11""></T><B></B><T t=""特殊说明： "" c=""FFC28E54"" f=""simhei-11""></T><T t=""九幽鬼物掉落的物品是"" c=""FFFFF2DF"" f=""simhei-11""></T><T t=""绑定"" c=""FFFFFF00"" f=""simhei-11""></T><T t=""的，九幽首领掉落的则"" c=""FFFFF2DF"" f=""simhei-11""></T><T t=""不绑定"" c=""FFFFFF00"" f=""simhei-11""></T><E e=""151""></E><T t=""（队伍分配均不绑定）"" c=""FFFFF2DF"" f=""simhei-11""></T>","组队任务","","","254003","254002","927013","927023","260003","0","","ffc800c8","ff230023","1846","1,2,3,4,5,6,7","","1","10","0","1","0","1","-1","开启","1","600001","","0","0","0","1"
"310","1","福利怪","0","50","达到50级","50级开启","300","1","1","全天","<T t=""活动时间： "" c=""FFC28E54"" f=""simhei-11""></T><T t=""全天整点投放"" c=""FFFFF2DF"" f=""simhei-11""></T><B></B><T t=""任务形式： "" c=""FFC28E54"" f=""simhei-11""></T><T t=""组队任务"" c=""FFFFF2DF"" f=""simhei-11""></T><B></B><T t=""等级限制： "" c=""FFC28E54"" f=""simhei-11""></T><T t=""达到50级"" c=""FFFFF2DF"" f=""simhei-11""></T><B></B><T t=""任务描述： "" c=""FFC28E54"" f=""simhei-11""></T><T t=""福利怪，每天固定时间点随机出现在"" c=""FFFFF2DF"" f=""simhei-11""></T><T t=""长安城福利怪场地"" c=""FFFFFF00"" f=""simhei-11""></T><T t=""，击杀后可获得丰厚奖励，组队人数越多基础奖励则越高。"" c=""FFFFF2DF"" f=""simhei-11""></T>","组队任务","","","254003","927013","927025","260003","927003","0","","ffc800c8","ff230023","1798","1,2,3,4,5,6,7","","1","20","0","1","0","1","-1","开启","1","500006","","0","0","0","1"
"300","1","挑战雁塔11层","0","80","达到80级","达到80级","300","2","1","全天","<T t=""活动时间： "" c=""FFC28E54"" f=""simhei-11""></T><T t=""每天00：00-23:59、每一小时投放"" c=""FFFFF2DF"" f=""simhei-11""></T><B></B><T t=""任务形式： "" c=""FFC28E54"" f=""simhei-11""></T><T t=""组队任务"" c=""FFFFF2DF"" f=""simhei-11""></T><B></B><T t=""等级限制： "" c=""FFC28E54"" f=""simhei-11""></T><T t=""达到80级"" c=""FFFFF2DF"" f=""simhei-11""></T><B></B><T t=""任务描述： "" c=""FFC28E54"" f=""simhei-11""></T><T t=""大雁塔11镇守妖，高难度挑战，每天固定时间点出现在大雁塔11层"" c=""FFFFF2DF"" f=""simhei-11""></T><T t=""击杀可以获得丰富奖励"" c=""FFFFFF00"" f=""simhei-11""></T><T t=""。"" c=""FFFFF2DF"" f=""simhei-11""></T>","组队任务","","","927006","927019","927022","927027","927028","0","","ffc800c8","ff230023","1845","1,2,3,4,5,6,7","","1","10","0","1","0","0","300","开启","5","","","0","0","0","1"
"301","1","挑战雁塔12层","0","80","达到80级","达到80级","300","3","1","全天","<T t=""活动时间： "" c=""FFC28E54"" f=""simhei-11""></T><T t=""每天00：00-23:59、每一小时投放"" c=""FFFFF2DF"" f=""simhei-11""></T><B></B><T t=""任务形式： "" c=""FFC28E54"" f=""simhei-11""></T><T t=""组队任务"" c=""FFFFF2DF"" f=""simhei-11""></T><B></B><T t=""等级限制： "" c=""FFC28E54"" f=""simhei-11""></T><T t=""达到80级"" c=""FFFFF2DF"" f=""simhei-11""></T><B></B><T t=""任务描述： "" c=""FFC28E54"" f=""simhei-11""></T><T t=""大雁塔12镇守妖，高难度挑战，每天固定时间点出现在大雁塔12层"" c=""FFFFF2DF"" f=""simhei-11""></T><T t=""击杀可以获得丰富奖励"" c=""FFFFFF00"" f=""simhei-11""></T><T t=""。"" c=""FFFFF2DF"" f=""simhei-11""></T>","组队任务","","","927006","927019","927022","927027","927028","0","","ffc800c8","ff230023","1845","1,2,3,4,5,6,7","","1","10","0","1","0","0","301","开启","5","","","0","0","0","1"
"305","1","挑战雁塔13层","0","80","达到80级","达到80级","300","4","1","全天","<T t=""活动时间： "" c=""FFC28E54"" f=""simhei-11""></T><T t=""每天00：00-23:59、每一小时投放"" c=""FFFFF2DF"" f=""simhei-11""></T><B></B><T t=""任务形式： "" c=""FFC28E54"" f=""simhei-11""></T><T t=""组队任务"" c=""FFFFF2DF"" f=""simhei-11""></T><B></B><T t=""等级限制： "" c=""FFC28E54"" f=""simhei-11""></T><T t=""达到80级"" c=""FFFFF2DF"" f=""simhei-11""></T><B></B><T t=""任务描述： "" c=""FFC28E54"" f=""simhei-11""></T><T t=""大雁塔13镇守妖，高难度挑战，每天固定时间点出现在大雁塔13层"" c=""FFFFF2DF"" f=""simhei-11""></T><T t=""击杀可以获得丰富奖励"" c=""FFFFFF00"" f=""simhei-11""></T><T t=""。"" c=""FFFFF2DF"" f=""simhei-11""></T>","组队任务","","","927007","927019","927022","927029","927030","0","","ffc800c8","ff230023","1845","1,2,3,4,5,6,7","","1","10","0","1","0","0","305","开启","5","","","0","0","0","1"
"306","1","挑战雁塔14层","0","80","达到80级","达到80级","300","5","1","全天","<T t=""活动时间： "" c=""FFC28E54"" f=""simhei-11""></T><T t=""每天00：00-23:59、每一小时投放"" c=""FFFFF2DF"" f=""simhei-11""></T><B></B><T t=""任务形式： "" c=""FFC28E54"" f=""simhei-11""></T><T t=""组队任务"" c=""FFFFF2DF"" f=""simhei-11""></T><B></B><T t=""等级限制： "" c=""FFC28E54"" f=""simhei-11""></T><T t=""达到80级"" c=""FFFFF2DF"" f=""simhei-11""></T><B></B><T t=""任务描述： "" c=""FFC28E54"" f=""simhei-11""></T><T t=""大雁塔14镇守妖，高难度挑战，每天固定时间点出现在大雁塔14层"" c=""FFFFF2DF"" f=""simhei-11""></T><T t=""击杀可以获得丰富奖励"" c=""FFFFFF00"" f=""simhei-11""></T><T t=""。"" c=""FFFFF2DF"" f=""simhei-11""></T>","组队任务","","","927007","927019","927022","927029","927030","0","","ffc800c8","ff230023","1845","1,2,3,4,5,6,7","","1","10","0","1","0","0","306","开启","5","","","0","0","0","1"
"307","1","挑战雁塔15层","0","80","达到80级","达到80级","300","6","1","全天","<T t=""活动时间： "" c=""FFC28E54"" f=""simhei-11""></T><T t=""每天00：00-23:59、每一小时投放"" c=""FFFFF2DF"" f=""simhei-11""></T><B></B><T t=""任务形式： "" c=""FFC28E54"" f=""simhei-11""></T><T t=""组队任务"" c=""FFFFF2DF"" f=""simhei-11""></T><B></B><T t=""等级限制： "" c=""FFC28E54"" f=""simhei-11""></T><T t=""达到80级"" c=""FFFFF2DF"" f=""simhei-11""></T><B></B><T t=""任务描述： "" c=""FFC28E54"" f=""simhei-11""></T><T t=""大雁塔15镇守妖，高难度挑战，每天固定时间点出现在大雁塔15层"" c=""FFFFF2DF"" f=""simhei-11""></T><T t=""击杀可以获得丰富奖励"" c=""FFFFFF00"" f=""simhei-11""></T><T t=""。"" c=""FFFFF2DF"" f=""simhei-11""></T>","组队任务","","","927008","927019","927022","927030","927031","0","","ffc800c8","ff230023","1845","1,2,3,4,5,6,7","","1","10","0","1","0","0","307","开启","5","","","0","0","0","1"
"308","1","挑战雁塔16层","0","80","达到80级","达到80级","300","7","1","全天","<T t=""活动时间： "" c=""FFC28E54"" f=""simhei-11""></T><T t=""每天00：00-23:59、每一小时投放"" c=""FFFFF2DF"" f=""simhei-11""></T><B></B><T t=""任务形式： "" c=""FFC28E54"" f=""simhei-11""></T><T t=""组队任务"" c=""FFFFF2DF"" f=""simhei-11""></T><B></B><T t=""等级限制： "" c=""FFC28E54"" f=""simhei-11""></T><T t=""达到80级"" c=""FFFFF2DF"" f=""simhei-11""></T><B></B><T t=""任务描述： "" c=""FFC28E54"" f=""simhei-11""></T><T t=""大雁塔16镇守妖，高难度挑战，每天固定时间点出现在大雁塔16层"" c=""FFFFF2DF"" f=""simhei-11""></T><T t=""击杀可以获得丰富奖励"" c=""FFFFFF00"" f=""simhei-11""></T><T t=""。"" c=""FFFFF2DF"" f=""simhei-11""></T>","组队任务","","","927008","927019","927022","927030","927031","0","","ffc800c8","ff230023","1845","1,2,3,4,5,6,7","","1","10","0","1","0","0","308","开启","5","","","0","0","0","1"
"309","1","挑战雁塔17层","0","80","达到80级","达到80级","300","8","1","全天","<T t=""活动时间： "" c=""FFC28E54"" f=""simhei-11""></T><T t=""每天00：00-23:59、每一小时投放"" c=""FFFFF2DF"" f=""simhei-11""></T><B></B><T t=""任务形式： "" c=""FFC28E54"" f=""simhei-11""></T><T t=""组队任务"" c=""FFFFF2DF"" f=""simhei-11""></T><B></B><T t=""等级限制： "" c=""FFC28E54"" f=""simhei-11""></T><T t=""达到80级"" c=""FFFFF2DF"" f=""simhei-11""></T><B></B><T t=""任务描述： "" c=""FFC28E54"" f=""simhei-11""></T><T t=""大雁塔17镇守妖，高难度挑战，每天固定时间点出现在大雁塔17层"" c=""FFFFF2DF"" f=""simhei-11""></T><T t=""击杀可以获得丰富奖励"" c=""FFFFFF00"" f=""simhei-11""></T><T t=""。"" c=""FFFFF2DF"" f=""simhei-11""></T>","组队任务","","","927009","927019","927022","927017","927032","0","","ffc800c8","ff230023","1845","1,2,3,4,5,6,7","","1","10","0","1","0","0","309","开启","5","","","0","0","0","1"
"312","1","挑战雁塔18层","0","80","达到80级","达到80级","300","9","1","全天","<T t=""活动时间： "" c=""FFC28E54"" f=""simhei-11""></T><T t=""每天00：00-23:59、每一小时投放"" c=""FFFFF2DF"" f=""simhei-11""></T><B></B><T t=""任务形式： "" c=""FFC28E54"" f=""simhei-11""></T><T t=""组队任务"" c=""FFFFF2DF"" f=""simhei-11""></T><B></B><T t=""等级限制： "" c=""FFC28E54"" f=""simhei-11""></T><T t=""达到80级"" c=""FFFFF2DF"" f=""simhei-11""></T><B></B><T t=""任务描述： "" c=""FFC28E54"" f=""simhei-11""></T><T t=""大雁塔18镇守妖，高难度挑战，每天固定时间点出现在大雁塔18层"" c=""FFFFF2DF"" f=""simhei-11""></T><T t=""击杀可以获得丰富奖励"" c=""FFFFFF00"" f=""simhei-11""></T><T t=""。"" c=""FFFFF2DF"" f=""simhei-11""></T>","组队任务","","","927009","927018","927021","927017","927032","0","","ffc800c8","ff230023","1845","1,2,3,4,5,6,7","","1","10","0","1","0","0","312","开启","5","","","0","0","0","1"
"314","1","挑战雁塔19层","0","80","达到80级","达到80级","300","10","1","全天","<T t=""活动时间： "" c=""FFC28E54"" f=""simhei-11""></T><T t=""每天00：00-23:59、每一小时投放"" c=""FFFFF2DF"" f=""simhei-11""></T><B></B><T t=""任务形式： "" c=""FFC28E54"" f=""simhei-11""></T><T t=""组队任务"" c=""FFFFF2DF"" f=""simhei-11""></T><B></B><T t=""等级限制： "" c=""FFC28E54"" f=""simhei-11""></T><T t=""达到80级"" c=""FFFFF2DF"" f=""simhei-11""></T><B></B><T t=""任务描述： "" c=""FFC28E54"" f=""simhei-11""></T><T t=""大雁塔19镇守妖，高难度挑战，每天固定时间点出现在大雁塔19层"" c=""FFFFF2DF"" f=""simhei-11""></T><T t=""击杀可以获得丰富奖励"" c=""FFFFFF00"" f=""simhei-11""></T><T t=""。"" c=""FFFFF2DF"" f=""simhei-11""></T>","组队任务","","","927010","927018","927021","927017","927032","0","","ffc800c8","ff230023","1845","1,2,3,4,5,6,7","","1","10","0","1","0","0","314","开启","5","","","0","0","0","1"
"315","1","挑战雁塔20层","0","80","达到80级","达到80级","300","11","1","全天","<T t=""活动时间： "" c=""FFC28E54"" f=""simhei-11""></T><T t=""每天00：00-23:59、每一小时投放"" c=""FFFFF2DF"" f=""simhei-11""></T><B></B><T t=""任务形式： "" c=""FFC28E54"" f=""simhei-11""></T><T t=""组队任务"" c=""FFFFF2DF"" f=""simhei-11""></T><B></B><T t=""等级限制： "" c=""FFC28E54"" f=""simhei-11""></T><T t=""达到80级"" c=""FFFFF2DF"" f=""simhei-11""></T><B></B><T t=""任务描述： "" c=""FFC28E54"" f=""simhei-11""></T><T t=""大雁塔20镇守妖，高难度挑战，每天固定时间点出现在大雁塔20层"" c=""FFFFF2DF"" f=""simhei-11""></T><T t=""击杀可以获得丰富奖励"" c=""FFFFFF00"" f=""simhei-11""></T><T t=""。"" c=""FFFFF2DF"" f=""simhei-11""></T>","组队任务","","","927010","927018","927021","927017","927032","0","","ffc800c8","ff230023","1845","1,2,3,4,5,6,7","","1","10","0","1","0","0","315","开启","5","","","0","0","0","1"
"303","1","年兽","0","60","达到60级","60级开启","300","12","1","全天","<T t=""活动时间： "" c=""FFC28E54"" f=""simhei-11""></T><T t=""每小时投放"" c=""FFFFF2DF"" f=""simhei-11""></T><B></B><T t=""任务形式： "" c=""FFC28E54"" f=""simhei-11""></T><T t=""组队任务"" c=""FFFFF2DF"" f=""simhei-11""></T><B></B><T t=""等级限制： "" c=""FFC28E54"" f=""simhei-11""></T><T t=""达到60级"" c=""FFFFF2DF"" f=""simhei-11""></T><B></B><T t=""任务描述： "" c=""FFC28E54"" f=""simhei-11""></T><T t=""高难度挑战，每天固定时间点随机出现在"" c=""FFFFF2DF"" f=""simhei-11""></T><T t=""长安城"" c=""FFFFFF00"" f=""simhei-11""></T><T t=""。"" c=""FFFFF2DF"" f=""simhei-11""></T>","组队任务","","","254003","927019","927003","927004","260003","0","","ffc800c8","ff230023","3208","1,2,3,4,5,6,7","","1","5","0","1","0","0","303","开启","0","","","0","0","0","1"
"331","1","泡泡乐园（109组）","0","90","达到90级","90级开启","300","14","1","全天","<T t=""活动时间： "" c=""FFC28E54"" f=""simhei-11""></T><T t=""每天00：00-23:59、每一小时投放"" c=""FFFFF2DF"" f=""simhei-11""></T><B></B><T t=""任务形式： "" c=""FFC28E54"" f=""simhei-11""></T><T t=""组队任务"" c=""FFFFF2DF"" f=""simhei-11""></T><B></B><T t=""等级限制： "" c=""FFC28E54"" f=""simhei-11""></T><T t=""达到90级"" c=""FFFFF2DF"" f=""simhei-11""></T><B></B><T t=""任务描述： "" c=""FFC28E54"" f=""simhei-11""></T><T t=""泡泡乐园（109组），长安城传送至专用地图"" c=""FFFFF2DF"" f=""simhei-11""></T><T t=""击杀可以获得丰富奖励"" c=""FFFFFF00"" f=""simhei-11""></T><T t=""。"" c=""FFFFF2DF"" f=""simhei-11""></T>","组队任务","","","927013","927003","927002","260003","927046","0","","ffc800c8","ff230023","3212","1,2,3,4,5,6,7","","1","10","0","1","0","0","331","开启","5","","","0","0","0","1"
"332","1","泡泡乐园（129组）","0","110","达到110级","110级开启","300","15","1","全天","<T t=""活动时间： "" c=""FFC28E54"" f=""simhei-11""></T><T t=""每天00：00-23:59、每一小时投放"" c=""FFFFF2DF"" f=""simhei-11""></T><B></B><T t=""任务形式： "" c=""FFC28E54"" f=""simhei-11""></T><T t=""组队任务"" c=""FFFFF2DF"" f=""simhei-11""></T><B></B><T t=""等级限制： "" c=""FFC28E54"" f=""simhei-11""></T><T t=""达到110级"" c=""FFFFF2DF"" f=""simhei-11""></T><B></B><T t=""任务描述： "" c=""FFC28E54"" f=""simhei-11""></T><T t=""泡泡乐园（129组），长安城传送至专用地图"" c=""FFFFF2DF"" f=""simhei-11""></T><T t=""击杀可以获得丰富奖励"" c=""FFFFFF00"" f=""simhei-11""></T><T t=""。"" c=""FFFFF2DF"" f=""simhei-11""></T>","组队任务","","","927013","927003","927002","260003","927046","0","","ffc800c8","ff230023","3212","1,2,3,4,5,6,7","","1","10","0","1","0","0","332","开启","5","","","0","0","0","1"
"330","1","泡泡乐园（89组）","0","60","达到60级","60级开启","300","13","1","全天","<T t=""活动时间： "" c=""FFC28E54"" f=""simhei-11""></T><T t=""每天00：00-23:59、每一小时投放"" c=""FFFFF2DF"" f=""simhei-11""></T><B></B><T t=""任务形式： "" c=""FFC28E54"" f=""simhei-11""></T><T t=""组队任务"" c=""FFFFF2DF"" f=""simhei-11""></T><B></B><T t=""等级限制： "" c=""FFC28E54"" f=""simhei-11""></T><T t=""达到60级"" c=""FFFFF2DF"" f=""simhei-11""></T><B></B><T t=""任务描述： "" c=""FFC28E54"" f=""simhei-11""></T><T t=""泡泡乐园（89组），长安城传送至专用地图"" c=""FFFFF2DF"" f=""simhei-11""></T><T t=""击杀可以获得丰富奖励"" c=""FFFFFF00"" f=""simhei-11""></T><T t=""。"" c=""FFFFF2DF"" f=""simhei-11""></T>","组队任务","","","927013","927003","927002","260003","927046","0","","ffc800c8","ff230023","3212","1,2,3,4,5,6,7","","1","10","0","1","0","0","330","开启","5","","","0","0","0","1"
"335","1","三十六天罡·天魁星","0","80","达到80级","60级开启","300","16","1","全天","<T t=""活动时间： "" c=""FFC28E54"" f=""simhei-11""></T><T t=""每天00：00-23:59、每一小时投放"" c=""FFFFF2DF"" f=""simhei-11""></T><B></B><T t=""任务形式： "" c=""FFC28E54"" f=""simhei-11""></T><T t=""组队任务"" c=""FFFFF2DF"" f=""simhei-11""></T><B></B><T t=""等级限制： "" c=""FFC28E54"" f=""simhei-11""></T><T t=""达到80级"" c=""FFFFF2DF"" f=""simhei-11""></T><B></B><T t=""任务描述： "" c=""FFC28E54"" f=""simhei-11""></T><T t=""在各门派地图捣乱"" c=""FFFFF2DF"" f=""simhei-11""></T><T t=""击杀可以获得丰富奖励"" c=""FFFFFF00"" f=""simhei-11""></><T t=""。"" c=""FFFFF2DF"" f=""simhei-11""></T>","1-5人组队","","","254003","254002","927013","927043","927044","0","","ffc800c8","ff230023","1837","1,2,3,4,5,6,7","","1","2","0","1","0","0","335","开启","0","","","0","0","0","1"
"336","1","三十六天罡·天雄星","0","80","达到80级","60级开启","300","17","1","全天","<T t=""活动时间： "" c=""FFC28E54"" f=""simhei-11""></T><T t=""每天00：00-23:59、每一小时投放"" c=""FFFFF2DF"" f=""simhei-11""></T><B></B><T t=""任务形式： "" c=""FFC28E54"" f=""simhei-11""></T><T t=""组队任务"" c=""FFFFF2DF"" f=""simhei-11""></T><B></B><T t=""等级限制： "" c=""FFC28E54"" f=""simhei-11""></T><T t=""达到80级"" c=""FFFFF2DF"" f=""simhei-11""></T><B></B><T t=""任务描述： "" c=""FFC28E54"" f=""simhei-11""></T><T t=""在各门派地图捣乱"" c=""FFFFF2DF"" f=""simhei-11""></T><T t=""击杀可以获得丰富奖励"" c=""FFFFFF00"" f=""simhei-11""></><T t=""。"" c=""FFFFF2DF"" f=""simhei-11""></T>","1-5人组队","","","254003","254002","927013","927043","927044","0","","ffc800c8","ff230023","1837","1,2,3,4,5,6,7","","1","2","0","1","0","0","336","开启","0","","","0","0","0","1"
"337","1","三十六天罡·天英星","0","80","达到80级","60级开启","300","18","1","全天","<T t=""活动时间： "" c=""FFC28E54"" f=""simhei-11""></T><T t=""每天00：00-23:59、每一小时投放"" c=""FFFFF2DF"" f=""simhei-11""></T><B></B><T t=""任务形式： "" c=""FFC28E54"" f=""simhei-11""></T><T t=""组队任务"" c=""FFFFF2DF"" f=""simhei-11""></T><B></B><T t=""等级限制： "" c=""FFC28E54"" f=""simhei-11""></T><T t=""达到80级"" c=""FFFFF2DF"" f=""simhei-11""></T><B></B><T t=""任务描述： "" c=""FFC28E54"" f=""simhei-11""></T><T t=""在各门派地图捣乱"" c=""FFFFF2DF"" f=""simhei-11""></T><T t=""击杀可以获得丰富奖励"" c=""FFFFFF00"" f=""simhei-11""></><T t=""。"" c=""FFFFF2DF"" f=""simhei-11""></T>","1-5人组队","","","254003","254002","927013","927043","927044","0","","ffc800c8","ff230023","1837","1,2,3,4,5,6,7","","1","2","0","1","0","0","337","开启","0","","","0","0","0","1"
"338","1","三十六天罡·天贵星","0","80","达到80级","60级开启","300","19","1","全天","<T t=""活动时间： "" c=""FFC28E54"" f=""simhei-11""></T><T t=""每天00：00-23:59、每一小时投放"" c=""FFFFF2DF"" f=""simhei-11""></T><B></B><T t=""任务形式： "" c=""FFC28E54"" f=""simhei-11""></T><T t=""组队任务"" c=""FFFFF2DF"" f=""simhei-11""></T><B></B><T t=""等级限制： "" c=""FFC28E54"" f=""simhei-11""></T><T t=""达到80级"" c=""FFFFF2DF"" f=""simhei-11""></T><B></B><T t=""任务描述： "" c=""FFC28E54"" f=""simhei-11""></T><T t=""在各门派地图捣乱"" c=""FFFFF2DF"" f=""simhei-11""></T><T t=""击杀可以获得丰富奖励"" c=""FFFFFF00"" f=""simhei-11""></><T t=""。"" c=""FFFFF2DF"" f=""simhei-11""></T>","1-5人组队","","","254003","254002","927013","927043","927044","0","","ffc800c8","ff230023","1837","1,2,3,4,5,6,7","","1","2","0","1","0","0","338","开启","0","","","0","0","0","1"
"339","1","三十六天罡·天伤星","0","80","达到80级","60级开启","300","20","1","全天","<T t=""活动时间： "" c=""FFC28E54"" f=""simhei-11""></T><T t=""每天00：00-23:59、每一小时投放"" c=""FFFFF2DF"" f=""simhei-11""></T><B></B><T t=""任务形式： "" c=""FFC28E54"" f=""simhei-11""></T><T t=""组队任务"" c=""FFFFF2DF"" f=""simhei-11""></T><B></B><T t=""等级限制： "" c=""FFC28E54"" f=""simhei-11""></T><T t=""达到80级"" c=""FFFFF2DF"" f=""simhei-11""></T><B></B><T t=""任务描述： "" c=""FFC28E54"" f=""simhei-11""></T><T t=""在各门派地图捣乱"" c=""FFFFF2DF"" f=""simhei-11""></T><T t=""击杀可以获得丰富奖励"" c=""FFFFFF00"" f=""simhei-11""></><T t=""。"" c=""FFFFF2DF"" f=""simhei-11""></T>","1-5人组队","","","254003","254002","927013","927043","927044","0","","ffc800c8","ff230023","1837","1,2,3,4,5,6,7","","1","2","0","1","0","0","339","开启","0","","","0","0","0","1"
"340","1","三十六天罡·天立星","0","80","达到80级","60级开启","300","21","1","全天","<T t=""活动时间： "" c=""FFC28E54"" f=""simhei-11""></T><T t=""每天00：00-23:59、每一小时投放"" c=""FFFFF2DF"" f=""simhei-11""></T><B></B><T t=""任务形式： "" c=""FFC28E54"" f=""simhei-11""></T><T t=""组队任务"" c=""FFFFF2DF"" f=""simhei-11""></T><B></B><T t=""等级限制： "" c=""FFC28E54"" f=""simhei-11""></T><T t=""达到80级"" c=""FFFFF2DF"" f=""simhei-11""></T><B></B><T t=""任务描述： "" c=""FFC28E54"" f=""simhei-11""></T><T t=""在各门派地图捣乱"" c=""FFFFF2DF"" f=""simhei-11""></T><T t=""击杀可以获得丰富奖励"" c=""FFFFFF00"" f=""simhei-11""></><T t=""。"" c=""FFFFF2DF"" f=""simhei-11""></T>","1-5人组队","","","254003","254002","927013","927043","927044","0","","ffc800c8","ff230023","1837","1,2,3,4,5,6,7","","1","2","0","1","0","0","340","开启","0","","","0","0","0","1"
"341","1","三十六天罡·天捷星","0","80","达到80级","60级开启","300","22","1","全天","<T t=""活动时间： "" c=""FFC28E54"" f=""simhei-11""></T><T t=""每天00：00-23:59、每一小时投放"" c=""FFFFF2DF"" f=""simhei-11""></T><B></B><T t=""任务形式： "" c=""FFC28E54"" f=""simhei-11""></T><T t=""组队任务"" c=""FFFFF2DF"" f=""simhei-11""></T><B></B><T t=""等级限制： "" c=""FFC28E54"" f=""simhei-11""></T><T t=""达到80级"" c=""FFFFF2DF"" f=""simhei-11""></T><B></B><T t=""任务描述： "" c=""FFC28E54"" f=""simhei-11""></T><T t=""在各门派地图捣乱"" c=""FFFFF2DF"" f=""simhei-11""></T><T t=""击杀可以获得丰富奖励"" c=""FFFFFF00"" f=""simhei-11""></><T t=""。"" c=""FFFFF2DF"" f=""simhei-11""></T>","1-5人组队","","","254003","254002","927013","927043","927044","0","","ffc800c8","ff230023","1837","1,2,3,4,5,6,7","","1","2","0","1","0","0","341","开启","0","","","0","0","0","1"
"342","1","三十六天罡·天暗星","0","80","达到80级","60级开启","300","23","1","全天","<T t=""活动时间： "" c=""FFC28E54"" f=""simhei-11""></T><T t=""每天00：00-23:59、每一小时投放"" c=""FFFFF2DF"" f=""simhei-11""></T><B></B><T t=""任务形式： "" c=""FFC28E54"" f=""simhei-11""></T><T t=""组队任务"" c=""FFFFF2DF"" f=""simhei-11""></T><B></B><T t=""等级限制： "" c=""FFC28E54"" f=""simhei-11""></T><T t=""达到80级"" c=""FFFFF2DF"" f=""simhei-11""></T><B></B><T t=""任务描述： "" c=""FFC28E54"" f=""simhei-11""></T><T t=""在各门派地图捣乱"" c=""FFFFF2DF"" f=""simhei-11""></T><T t=""击杀可以获得丰富奖励"" c=""FFFFFF00"" f=""simhei-11""></><T t=""。"" c=""FFFFF2DF"" f=""simhei-11""></T>","1-5人组队","","","254003","254002","927013","927043","927044","0","","ffc800c8","ff230023","1837","1,2,3,4,5,6,7","","1","2","0","1","0","0","342","开启","0","","","0","0","0","1"
"343","1","三十六天罡·天佑星","0","80","达到80级","60级开启","300","24","1","全天","<T t=""活动时间： "" c=""FFC28E54"" f=""simhei-11""></T><T t=""每天00：00-23:59、每一小时投放"" c=""FFFFF2DF"" f=""simhei-11""></T><B></B><T t=""任务形式： "" c=""FFC28E54"" f=""simhei-11""></T><T t=""组队任务"" c=""FFFFF2DF"" f=""simhei-11""></T><B></B><T t=""等级限制： "" c=""FFC28E54"" f=""simhei-11""></T><T t=""达到80级"" c=""FFFFF2DF"" f=""simhei-11""></T><B></B><T t=""任务描述： "" c=""FFC28E54"" f=""simhei-11""></T><T t=""在各门派地图捣乱"" c=""FFFFF2DF"" f=""simhei-11""></T><T t=""击杀可以获得丰富奖励"" c=""FFFFFF00"" f=""simhei-11""></><T t=""。"" c=""FFFFF2DF"" f=""simhei-11""></T>","1-5人组队","","","254003","254002","927013","927043","927044","0","","ffc800c8","ff230023","1837","1,2,3,4,5,6,7","","1","2","0","1","0","0","343","开启","0","","","0","0","0","1"
"276","4","地煞1星","0","80","达到80级","60级开启","300","1","1","全天","<T t=""活动时间： "" c=""FFC28E54"" f=""simhei-11""></T><T t=""每天00：00-23:59、每一小时投放"" c=""FFFFF2DF"" f=""simhei-11""></T><B></B><T t=""任务形式： "" c=""FFC28E54"" f=""simhei-11""></T><T t=""组队任务"" c=""FFFFF2DF"" f=""simhei-11""></T><B></B><T t=""等级限制： "" c=""FFC28E54"" f=""simhei-11""></T><T t=""达到80级"" c=""FFFFF2DF"" f=""simhei-11""></T><B></B><T t=""任务描述： "" c=""FFC28E54"" f=""simhei-11""></T><T t=""地煞星，高难度挑战，每天固定时间点随机出现在"" c=""FFFFF2DF"" f=""simhei-11""></T><T t=""建邺城、东海湾"" c=""FFFFFF00"" f=""simhei-11""></T><T t=""。"" c=""FFFFF2DF"" f=""simhei-11""></T>","组队任务","","","927047","927013","927016","927019","927022","0","","ffc800c8","ff230023","1179","1,2,3,4,5,6,7","","1","3","0","1","0","0","276","开启","0","","","0","0","0","1"
"346","4","地煞2星","0","80","达到80级","60级开启","300","2","1","全天","<T t=""活动时间： "" c=""FFC28E54"" f=""simhei-11""></T><T t=""每天00：00-23:59、每一小时投放"" c=""FFFFF2DF"" f=""simhei-11""></T><B></B><T t=""任务形式： "" c=""FFC28E54"" f=""simhei-11""></T><T t=""组队任务"" c=""FFFFF2DF"" f=""simhei-11""></T><B></B><T t=""等级限制： "" c=""FFC28E54"" f=""simhei-11""></T><T t=""达到80级"" c=""FFFFF2DF"" f=""simhei-11""></T><B></B><T t=""任务描述： "" c=""FFC28E54"" f=""simhei-11""></T><T t=""地煞星，高难度挑战，每天固定时间点随机出现在"" c=""FFFFF2DF"" f=""simhei-11""></T><T t=""建邺城、东海湾"" c=""FFFFFF00"" f=""simhei-11""></T><T t=""。"" c=""FFFFF2DF"" f=""simhei-11""></T>","组队任务","","","927047","927013","927016","927019","927022","0","","ffc800c8","ff230023","1179","1,2,3,4,5,6,7","","1","3","0","1","0","0","346","开启","0","","","0","0","0","1"
"347","4","地煞3星","0","80","达到80级","60级开启","300","3","1","全天","<T t=""活动时间： "" c=""FFC28E54"" f=""simhei-11""></T><T t=""每天00：00-23:59、每一小时投放"" c=""FFFFF2DF"" f=""simhei-11""></T><B></B><T t=""任务形式： "" c=""FFC28E54"" f=""simhei-11""></T><T t=""组队任务"" c=""FFFFF2DF"" f=""simhei-11""></T><B></B><T t=""等级限制： "" c=""FFC28E54"" f=""simhei-11""></T><T t=""达到80级"" c=""FFFFF2DF"" f=""simhei-11""></T><B></B><T t=""任务描述： "" c=""FFC28E54"" f=""simhei-11""></T><T t=""地煞星，高难度挑战，每天固定时间点随机出现在"" c=""FFFFF2DF"" f=""simhei-11""></T><T t=""建邺城、东海湾"" c=""FFFFFF00"" f=""simhei-11""></T><T t=""。"" c=""FFFFF2DF"" f=""simhei-11""></T>","组队任务","","","927047","927013","927016","927019","927022","0","","ffc800c8","ff230023","1179","1,2,3,4,5,6,7","","1","3","0","1","0","0","347","开启","0","","","0","0","0","1"
"348","4","地煞4星","0","80","达到80级","60级开启","300","4","1","全天","<T t=""活动时间： "" c=""FFC28E54"" f=""simhei-11""></T><T t=""每天00：00-23:59、每一小时投放"" c=""FFFFF2DF"" f=""simhei-11""></T><B></B><T t=""任务形式： "" c=""FFC28E54"" f=""simhei-11""></T><T t=""组队任务"" c=""FFFFF2DF"" f=""simhei-11""></T><B></B><T t=""等级限制： "" c=""FFC28E54"" f=""simhei-11""></T><T t=""达到80级"" c=""FFFFF2DF"" f=""simhei-11""></T><B></B><T t=""任务描述： "" c=""FFC28E54"" f=""simhei-11""></T><T t=""地煞星，高难度挑战，每天固定时间点随机出现在"" c=""FFFFF2DF"" f=""simhei-11""></T><T t=""建邺城、东海湾"" c=""FFFFFF00"" f=""simhei-11""></T><T t=""。"" c=""FFFFF2DF"" f=""simhei-11""></T>","组队任务","","","927047","927013","927016","927019","927022","0","","ffc800c8","ff230023","1179","1,2,3,4,5,6,7","","1","3","0","1","0","0","348","开启","0","","","0","0","0","1"
"349","4","地煞5星","0","80","达到80级","60级开启","300","5","1","全天","<T t=""活动时间： "" c=""FFC28E54"" f=""simhei-11""></T><T t=""每天00：00-23:59、每一小时投放"" c=""FFFFF2DF"" f=""simhei-11""></T><B></B><T t=""任务形式： "" c=""FFC28E54"" f=""simhei-11""></T><T t=""组队任务"" c=""FFFFF2DF"" f=""simhei-11""></T><B></B><T t=""等级限制： "" c=""FFC28E54"" f=""simhei-11""></T><T t=""达到80级"" c=""FFFFF2DF"" f=""simhei-11""></T><B></B><T t=""任务描述： "" c=""FFC28E54"" f=""simhei-11""></T><T t=""地煞星，高难度挑战，每天固定时间点随机出现在"" c=""FFFFF2DF"" f=""simhei-11""></T><T t=""建邺城、东海湾"" c=""FFFFFF00"" f=""simhei-11""></T><T t=""。"" c=""FFFFF2DF"" f=""simhei-11""></T>","组队任务","","","927047","927013","927016","927019","927022","0","","ffc800c8","ff230023","1179","1,2,3,4,5,6,7","","1","3","0","1","0","0","349","开启","0","","","0","0","0","1"
"350","4","地煞6星","0","80","达到80级","60级开启","300","6","1","全天","<T t=""活动时间： "" c=""FFC28E54"" f=""simhei-11""></T><T t=""每天00：00-23:59、每一小时投放"" c=""FFFFF2DF"" f=""simhei-11""></T><B></B><T t=""任务形式： "" c=""FFC28E54"" f=""simhei-11""></T><T t=""组队任务"" c=""FFFFF2DF"" f=""simhei-11""></T><B></B><T t=""等级限制： "" c=""FFC28E54"" f=""simhei-11""></T><T t=""达到80级"" c=""FFFFF2DF"" f=""simhei-11""></T><B></B><T t=""任务描述： "" c=""FFC28E54"" f=""simhei-11""></T><T t=""地煞星，高难度挑战，每天固定时间点随机出现在"" c=""FFFFF2DF"" f=""simhei-11""></T><T t=""建邺城、东海湾"" c=""FFFFFF00"" f=""simhei-11""></T><T t=""。"" c=""FFFFF2DF"" f=""simhei-11""></T>","组队任务","","","927047","927013","927016","927019","927022","0","","ffc800c8","ff230023","1179","1,2,3,4,5,6,7","","1","3","0","1","0","0","350","开启","0","","","0","0","0","1"
"351","4","地煞7星","0","80","达到80级","60级开启","300","7","1","全天","<T t=""活动时间： "" c=""FFC28E54"" f=""simhei-11""></T><T t=""每天00：00-23:59、每一小时投放"" c=""FFFFF2DF"" f=""simhei-11""></T><B></B><T t=""任务形式： "" c=""FFC28E54"" f=""simhei-11""></T><T t=""组队任务"" c=""FFFFF2DF"" f=""simhei-11""></T><B></B><T t=""等级限制： "" c=""FFC28E54"" f=""simhei-11""></T><T t=""达到80级"" c=""FFFFF2DF"" f=""simhei-11""></T><B></B><T t=""任务描述： "" c=""FFC28E54"" f=""simhei-11""></T><T t=""地煞星，高难度挑战，每天固定时间点随机出现在"" c=""FFFFF2DF"" f=""simhei-11""></T><T t=""建邺城、东海湾"" c=""FFFFFF00"" f=""simhei-11""></T><T t=""。"" c=""FFFFF2DF"" f=""simhei-11""></T>","组队任务","","","927047","927013","927016","927019","927022","0","","ffc800c8","ff230023","1179","1,2,3,4,5,6,7","","1","3","0","1","0","0","351","开启","0","","","0","0","0","1"
"352","4","地煞8星","0","80","达到80级","60级开启","300","8","1","全天","<T t=""活动时间： "" c=""FFC28E54"" f=""simhei-11""></T><T t=""每天00：00-23:59、每一小时投放"" c=""FFFFF2DF"" f=""simhei-11""></T><B></B><T t=""任务形式： "" c=""FFC28E54"" f=""simhei-11""></T><T t=""组队任务"" c=""FFFFF2DF"" f=""simhei-11""></T><B></B><T t=""等级限制： "" c=""FFC28E54"" f=""simhei-11""></T><T t=""达到80级"" c=""FFFFF2DF"" f=""simhei-11""></T><B></B><T t=""任务描述： "" c=""FFC28E54"" f=""simhei-11""></T><T t=""地煞星，高难度挑战，每天固定时间点随机出现在"" c=""FFFFF2DF"" f=""simhei-11""></T><T t=""建邺城、东海湾"" c=""FFFFFF00"" f=""simhei-11""></T><T t=""。"" c=""FFFFF2DF"" f=""simhei-11""></T>","组队任务","","","927047","927013","927016","927019","927022","0","","ffc800c8","ff230023","1179","1,2,3,4,5,6,7","","1","3","0","1","0","0","352","开启","0","","","0","0","0","1"
"293","4","天罡1星","0","100","达到100级","60级开启","300","9","1","全天","<T t=""活动时间： "" c=""FFC28E54"" f=""simhei-11""></T><T t=""每天00：00-23:59、每一小时投放"" c=""FFFFF2DF"" f=""simhei-11""></T><B></B><T t=""任务形式： "" c=""FFC28E54"" f=""simhei-11""></T><T t=""组队任务"" c=""FFFFF2DF"" f=""simhei-11""></T><B></B><T t=""等级限制： "" c=""FFC28E54"" f=""simhei-11""></T><T t=""达到100级"" c=""FFFFF2DF"" f=""simhei-11""></T><B></B><T t=""任务描述： "" c=""FFC28E54"" f=""simhei-11""></T><T t=""地煞星，高难度挑战，每天固定时间点随机出现在"" c=""FFFFF2DF"" f=""simhei-11""></T><T t=""海底迷宫、地狱迷宫、瑶池、女娲神迹、战神山"" c=""FFFFFF00"" f=""simhei-11""></T><T t=""。"" c=""FFFFF2DF"" f=""simhei-11""></T>","组队任务","","","927048","927012","927016","927018","927021","0","","ffc800c8","ff230023","1837","1,2,3,4,5,6,7","","1","3","0","1","0","0","293","开启","0","","","0","0","0","1"
"353","4","天罡2星","0","100","达到100级","60级开启","300","10","1","全天","<T t=""活动时间： "" c=""FFC28E54"" f=""simhei-11""></T><T t=""每天00：00-23:59、每一小时投放"" c=""FFFFF2DF"" f=""simhei-11""></T><B></B><T t=""任务形式： "" c=""FFC28E54"" f=""simhei-11""></T><T t=""组队任务"" c=""FFFFF2DF"" f=""simhei-11""></T><B></B><T t=""等级限制： "" c=""FFC28E54"" f=""simhei-11""></T><T t=""达到100级"" c=""FFFFF2DF"" f=""simhei-11""></T><B></B><T t=""任务描述： "" c=""FFC28E54"" f=""simhei-11""></T><T t=""地煞星，高难度挑战，每天固定时间点随机出现在"" c=""FFFFF2DF"" f=""simhei-11""></T><T t=""海底迷宫、地狱迷宫、瑶池、女娲神迹、战神山"" c=""FFFFFF00"" f=""simhei-11""></T><T t=""。"" c=""FFFFF2DF"" f=""simhei-11""></T>","组队任务","","","927048","927012","927016","927018","927021","0","","ffc800c8","ff230023","1837","1,2,3,4,5,6,7","","1","3","0","1","0","0","353","开启","0","","","0","0","0","1"
"354","4","天罡3星","0","100","达到100级","60级开启","300","11","1","全天","<T t=""活动时间： "" c=""FFC28E54"" f=""simhei-11""></T><T t=""每天00：00-23:59、每一小时投放"" c=""FFFFF2DF"" f=""simhei-11""></T><B></B><T t=""任务形式： "" c=""FFC28E54"" f=""simhei-11""></T><T t=""组队任务"" c=""FFFFF2DF"" f=""simhei-11""></T><B></B><T t=""等级限制： "" c=""FFC28E54"" f=""simhei-11""></T><T t=""达到100级"" c=""FFFFF2DF"" f=""simhei-11""></T><B></B><T t=""任务描述： "" c=""FFC28E54"" f=""simhei-11""></T><T t=""地煞星，高难度挑战，每天固定时间点随机出现在"" c=""FFFFF2DF"" f=""simhei-11""></T><T t=""海底迷宫、地狱迷宫、瑶池、女娲神迹、战神山"" c=""FFFFFF00"" f=""simhei-11""></T><T t=""。"" c=""FFFFF2DF"" f=""simhei-11""></T>","组队任务","","","927048","927012","927016","927018","927021","0","","ffc800c8","ff230023","1837","1,2,3,4,5,6,7","","1","3","0","1","0","0","354","开启","0","","","0","0","0","1"
"355","4","天罡4星","0","100","达到100级","60级开启","300","12","1","全天","<T t=""活动时间： "" c=""FFC28E54"" f=""simhei-11""></T><T t=""每天00：00-23:59、每一小时投放"" c=""FFFFF2DF"" f=""simhei-11""></T><B></B><T t=""任务形式： "" c=""FFC28E54"" f=""simhei-11""></T><T t=""组队任务"" c=""FFFFF2DF"" f=""simhei-11""></T><B></B><T t=""等级限制： "" c=""FFC28E54"" f=""simhei-11""></T><T t=""达到100级"" c=""FFFFF2DF"" f=""simhei-11""></T><B></B><T t=""任务描述： "" c=""FFC28E54"" f=""simhei-11""></T><T t=""地煞星，高难度挑战，每天固定时间点随机出现在"" c=""FFFFF2DF"" f=""simhei-11""></T><T t=""海底迷宫、地狱迷宫、瑶池、女娲神迹、战神山"" c=""FFFFFF00"" f=""simhei-11""></T><T t=""。"" c=""FFFFF2DF"" f=""simhei-11""></T>","组队任务","","","927048","927012","927016","927018","927021","0","","ffc800c8","ff230023","1837","1,2,3,4,5,6,7","","1","3","0","1","0","0","355","开启","0","","","0","0","0","1"
"356","4","天罡5星","0","100","达到100级","60级开启","300","13","1","全天","<T t=""活动时间： "" c=""FFC28E54"" f=""simhei-11""></T><T t=""每天00：00-23:59、每一小时投放"" c=""FFFFF2DF"" f=""simhei-11""></T><B></B><T t=""任务形式： "" c=""FFC28E54"" f=""simhei-11""></T><T t=""组队任务"" c=""FFFFF2DF"" f=""simhei-11""></T><B></B><T t=""等级限制： "" c=""FFC28E54"" f=""simhei-11""></T><T t=""达到100级"" c=""FFFFF2DF"" f=""simhei-11""></T><B></B><T t=""任务描述： "" c=""FFC28E54"" f=""simhei-11""></T><T t=""地煞星，高难度挑战，每天固定时间点随机出现在"" c=""FFFFF2DF"" f=""simhei-11""></T><T t=""海底迷宫、地狱迷宫、瑶池、女娲神迹、战神山"" c=""FFFFFF00"" f=""simhei-11""></T><T t=""。"" c=""FFFFF2DF"" f=""simhei-11""></T>","组队任务","","","927048","927012","927016","927018","927021","0","","ffc800c8","ff230023","1837","1,2,3,4,5,6,7","","1","3","0","1","0","0","356","开启","0","","","0","0","0","1"
"326","4","嫦娥","0","60","达到60级","60级开启","300","14","1","全天","<T t=""活动时间： "" c=""FFC28E54"" f=""simhei-11""></T><T t=""每天00：00-23:59、每一小时投放"" c=""FFFFF2DF"" f=""simhei-11""></T><B></B><T t=""任务形式： "" c=""FFC28E54"" f=""simhei-11""></T><T t=""组队任务"" c=""FFFFF2DF"" f=""simhei-11""></T><B></B><T t=""等级限制： "" c=""FFC28E54"" f=""simhei-11""></T><T t=""达到60级"" c=""FFFFF2DF"" f=""simhei-11""></T><B></B><T t=""任务描述： "" c=""FFC28E54"" f=""simhei-11""></T><T t=""嫦娥，高难度挑战，每天固定时间点出现在傲来渔港"" c=""FFFFF2DF"" f=""simhei-11""></T><T t=""击杀可以获得丰富奖励"" c=""FFFFFF00"" f=""simhei-11""></T><T t=""。"" c=""FFFFF2DF"" f=""simhei-11""></T>","组队任务","","","927003","927004","260003","260004","260005","0","","ffc800c8","ff230023","30390","1,2,3,4,5,6,7","","1","5","0","1","0","0","326","开启","0","","","0","0","0","1"
"327","4","天蓬","0","60","达到60级","60级开启","300","15","1","全天","<T t=""活动时间： "" c=""FFC28E54"" f=""simhei-11""></T><T t=""每天00：00-23:59、每一小时投放"" c=""FFFFF2DF"" f=""simhei-11""></T><B></B><T t=""任务形式： "" c=""FFC28E54"" f=""simhei-11""></T><T t=""组队任务"" c=""FFFFF2DF"" f=""simhei-11""></T><B></B><T t=""等级限制： "" c=""FFC28E54"" f=""simhei-11""></T><T t=""达到60级"" c=""FFFFF2DF"" f=""simhei-11""></T><B></B><T t=""任务描述： "" c=""FFC28E54"" f=""simhei-11""></T><T t=""天蓬，高难度挑战，每天固定时间点出现在傲来渔港"" c=""FFFFF2DF"" f=""simhei-11""></T><T t=""击杀可以获得丰富奖励"" c=""FFFFFF00"" f=""simhei-11""></T><T t=""。"" c=""FFFFF2DF"" f=""simhei-12""></T>","组队任务","","","927031","927039","260003","260004","260005","0","","ffc800c8","ff230023","30368","1,2,3,4,5,6,7","","1","5","0","1","0","0","327","开启","0","","","0","0","0","1"
"328","4","天罡","0","60","达到60级","60级开启","300","16","1","全天","<T t=""活动时间： "" c=""FFC28E54"" f=""simhei-11""></T><T t=""每天00：00-23:59、每一小时投放"" c=""FFFFF2DF"" f=""simhei-11""></T><B></B><T t=""任务形式： "" c=""FFC28E54"" f=""simhei-11""></T><T t=""组队任务"" c=""FFFFF2DF"" f=""simhei-11""></T><B></B><T t=""等级限制： "" c=""FFC28E54"" f=""simhei-11""></T><T t=""达到60级"" c=""FFFFF2DF"" f=""simhei-11""></T><B></B><T t=""任务描述： "" c=""FFC28E54"" f=""simhei-11""></T><T t=""天罡，高难度挑战，每天固定时间点出现在宝象国"" c=""FFFFF2DF"" f=""simhei-11""></T><T t=""击杀可以获得丰富奖励"" c=""FFFFFF00"" f=""simhei-11""></T><T t=""。"" c=""FFFFF2DF"" f=""simhei-13""></T>","组队任务","","","927031","927041","260003","260004","260005","0","","ffc800c8","ff230023","3213","1,2,3,4,5,6,7","","1","5","0","1","0","0","328","开启","0","","","0","0","0","1"
"329","4","大力","0","60","达到60级","60级开启","300","17","1","全天","<T t=""活动时间： "" c=""FFC28E54"" f=""simhei-11""></T><T t=""每天00：00-23:59、每一小时投放"" c=""FFFFF2DF"" f=""simhei-11""></T><B></B><T t=""任务形式： "" c=""FFC28E54"" f=""simhei-11""></T><T t=""组队任务"" c=""FFFFF2DF"" f=""simhei-11""></T><B></B><T t=""等级限制： "" c=""FFC28E54"" f=""simhei-11""></T><T t=""达到60级"" c=""FFFFF2DF"" f=""simhei-11""></T><B></B><T t=""任务描述： "" c=""FFC28E54"" f=""simhei-11""></T><T t=""大力，高难度挑战，每天固定时间点出现在宝象国"" c=""FFFFF2DF"" f=""simhei-11""></T><T t=""击杀可以获得丰富奖励"" c=""FFFFFF00"" f=""simhei-11""></T><T t=""。"" c=""FFFFF2DF"" f=""simhei-14""></T>","组队任务","","","927031","927026","260003","260004","260005","0","","ffc800c8","ff230023","30295","1,2,3,4,5,6,7","","1","5","0","1","0","0","329","开启","0","","","0","0","0","1"
"333","4","不周山神","0","100","达到100级","60级开启","300","18","1","全天","<T t=""活动时间： "" c=""FFC28E54"" f=""simhei-11""></T><T t=""每天00：00-23:59、每一小时投放"" c=""FFFFF2DF"" f=""simhei-11""></T><B></B><T t=""任务形式： "" c=""FFC28E54"" f=""simhei-11""></T><T t=""组队任务"" c=""FFFFF2DF"" f=""simhei-11""></T><B></B><T t=""等级限制： "" c=""FFC28E54"" f=""simhei-11""></T><T t=""达到100级"" c=""FFFFF2DF"" f=""simhei-11""></T><B></B><T t=""任务描述： "" c=""FFC28E54"" f=""simhei-11""></T><T t=""不周山神，高难度挑战，每天固定时间点出现在长寿村"" c=""FFFFF2DF"" f=""simhei-11""></T><T t=""击杀可以获得丰富奖励"" c=""FFFFFF00"" f=""simhei-11""></T><T t=""。"" c=""FFFFF2DF"" f=""simhei-15""></T>","组队任务","","","927048","927012","260003","260004","260005","0","","ffc800c8","ff230023","30434","1,2,3,4,5,6,7","","1","3","0","1","0","0","333","开启","0","","","0","0","0","1"
"334","4","世界BOSS","0","100","达到100级","60级开启","300","19","1","全天","<T t=""活动时间： "" c=""FFC28E54"" f=""simhei-11""></T><T t=""每天00：00-23:59、每一小时投放"" c=""FFFFF2DF"" f=""simhei-11""></T><B></B><T t=""任务形式： "" c=""FFC28E54"" f=""simhei-11""></T><T t=""组队任务"" c=""FFFFF2DF"" f=""simhei-11""></T><B></B><T t=""等级限制： "" c=""FFC28E54"" f=""simhei-11""></T><T t=""达到100级"" c=""FFFFF2DF"" f=""simhei-11""></T><B></B><T t=""任务描述： "" c=""FFC28E54"" f=""simhei-11""></T><T t=""世界boss，高难度挑战，每天固定时间点出现在长寿村"" c=""FFFFF2DF"" f=""simhei-11""></T><T t=""击杀可以获得丰富奖励"" c=""FFFFFF00"" f=""simhei-11""></T><T t=""。"" c=""FFFFF2DF"" f=""simhei-16""></T>","组队任务","","","927048","927012","260003","260004","260005","0","","ffc800c8","ff230023","30348","1,2,3,4,5,6,7","","1","3","0","1","0","0","334","开启","0","","","0","0","0","1"
"299","4","泡泡王","0","100","达到100级","60级开启","300","20","1","全天","<T t=""活动时间： "" c=""FFC28E54"" f=""simhei-11""></T><T t=""每日可挑战一次"" c=""FFFFF2DF"" f=""simhei-11""></T><B></B><T t=""任务形式： "" c=""FFC28E54"" f=""simhei-11""></T><T t=""组队任务"" c=""FFFFF2DF"" f=""simhei-11""></T><B></B><T t=""等级限制： "" c=""FFC28E54"" f=""simhei-11""></T><T t=""达到100级"" c=""FFFFF2DF"" f=""simhei-11""></T><B></B><T t=""任务描述： "" c=""FFC28E54"" f=""simhei-11""></T><T t=""挑战泡泡王需去长安城寻找踪迹"" c=""FFFFF2DF"" f=""simhei-11""></T>","组队任务","","","927048","927012","260003","260004","260005","0","","ffc800c8","ff230023","30242","1,2,3,4,5,6,7","","1","3","0","1","0","0","299","开启","0","","","0","0","0","1"
"344","4","万年蜈蚣精","0","100","达到100级","80级开启","300","21","1","全天","<T t=""活动时间： "" c=""FFC28E54"" f=""simhei-11""></T><T t=""每日可挑战一次"" c=""FFFFF2DF"" f=""simhei-11""></T><B></B><T t=""任务形式： "" c=""FFC28E54"" f=""simhei-11""></T><T t=""组队任务"" c=""FFFFF2DF"" f=""simhei-11""></T><B></B><T t=""等级限制： "" c=""FFC28E54"" f=""simhei-11""></T><T t=""达到100级"" c=""FFFFF2DF"" f=""simhei-11""></T><B></B><T t=""任务描述： "" c=""FFC28E54"" f=""simhei-11""></T><T t=""请少侠至敦煌城寻找，谨慎挑战"" c=""FFFFF2DF"" f=""simhei-11""></T>","组队任务","","","927032","927017","927016","927018","927021","0","","ffc800c8","ff230023","3209","1,2,3,4,5,6,7","","1","3","0","1","0","0","344","开启","0","","","0","0","0","1"
"345","4","紫薇大帝","0","100","达到100级","80级开启","300","22","1","全天","<T t=""活动时间： "" c=""FFC28E54"" f=""simhei-11""></T><T t=""每日可挑战一次"" c=""FFFFF2DF"" f=""simhei-11""></T><B></B><T t=""任务形式： "" c=""FFC28E54"" f=""simhei-11""></T><T t=""组队任务"" c=""FFFFF2DF"" f=""simhei-11""></T><B></B><T t=""等级限制： "" c=""FFC28E54"" f=""simhei-11""></T><T t=""达到100级"" c=""FFFFF2DF"" f=""simhei-11""></T><B></B><T t=""任务描述： "" c=""FFC28E54"" f=""simhei-11""></T><T t=""请少侠至洛阳城寻找，谨慎挑战"" c=""FFFFF2DF"" f=""simhei-11""></T>","组队任务","","","927032","927017","927016","927018","927021","0","","ffc800c8","ff230023","3214","1,2,3,4,5,6,7","","1","3","0","1","0","0","345","开启","0","","","0","0","0","1"
"304","4","自在天魔","0","100","达到100级","80级开启","300","23","1","全天","自在天魔现世，拥有很强的战斗力少侠谨慎挑战。","组队任务","","","927032","927018","921004","927055","927002","0","","ffc800c8","ff230023","2401","1,2,3,4,5,6,7","","1","3","0","1","0","0","304","开启","5","","","0","0","0","1"
"302","4","蚩尤战神","0","100","达到100级","80级开启","300","24","1","全天","远古蚩尤战神，挑战成功可以获得高额奖励。","组队任务","","","927032","927021","921004","927054","927002","0","","ffc800c8","ff230023","2399","1,2,3,4,5,6,7","","1","3","0","1","0","0","302","开启","5","","","0","0","0","1"
"208","5","门派闯关","0","60","达到60级","60级开启","300","1","1","每天晚上20:00-21:00","<T t=""活动时间： "" c=""FFC28E54"" f=""simhei-11""></T><T t=""每天晚上20:00-21:00"" c=""FFFFF2DF"" f=""simhei-11""></T><B></B><T t=""任务形式： "" c=""FFC28E54"" f=""simhei-11""></T><T t=""组队任务"" c=""FFFFF2DF"" f=""simhei-11""></T><B></B><T t=""等级限制： "" c=""FFC28E54"" f=""simhei-11""></T><T t=""达到60级"" c=""FFFFF2DF"" f=""simhei-11""></T><B></B><T t=""任务描述： "" c=""FFC28E54"" f=""simhei-11""></T><T t=""组队挑战九大门派的弟子，速度最快的队伍有额外奖励，可在长安城(107.112)找门派闯关使者参加活动。"" c=""FFFFF2DF"" f=""simhei-11""></T>","组队任务","","","254003","254001","254018","","","0","","ffc800c8","ff230023","1191","1,2,3,4,5,6,7","","1","-1","0","1","10","1","208","开启","1","161515","","0","0","0","1"
"240","5","单人竞技场","0","60","达到60级","60级开启","300","2","1","周二、周四、周六晚上21:00-22:00","<T t=""活动时间： "" c=""FFC28E54"" f=""simhei-11""></T><T t=""每周二、周四、周六晚上21:00-22:00"" c=""FFFFF2DF"" f=""simhei-11""></T><B></B><T t=""任务形式： "" c=""FFC28E54"" f=""simhei-11""></T><T t=""单人任务"" c=""FFFFF2DF"" f=""simhei-11""></T><B></B><T t=""等级限制： "" c=""FFC28E54"" f=""simhei-11""></T><T t=""达到60级"" c=""FFFFF2DF"" f=""simhei-11""></T><B></B><T t=""任务描述： "" c=""FFC28E54"" f=""simhei-11""></T><T t=""单人携带伙伴的竞技活动，看看谁才是绝世英雄。"" c=""FFFFF2DF"" f=""simhei-11""></T>","单人任务","","","350700","350800","350900","351000","","0","","ffc800c8","ff230023","1312","2,4,6","","1","10","0","1","10","1","240","开启","1","161518","","0","0","0","1"
"241","5","华山论剑","0","60","达到60级","60级开启","300","3","1","周一、周三、周五晚上21:00-22:00","<T t=""活动时间： "" c=""FFC28E54"" f=""simhei-11""></T><T t=""每周一、三、周五晚上21:00-22:00"" c=""FFFFF2DF"" f=""simhei-11""></T><B></B><T t=""任务形式： "" c=""FFC28E54"" f=""simhei-11""></T><T t=""组队或单人"" c=""FFFFF2DF"" f=""simhei-11""></T><B></B><T t=""等级限制： "" c=""FFC28E54"" f=""simhei-11""></T><T t=""达到60级"" c=""FFFFF2DF"" f=""simhei-11""></T><B></B><T t=""任务描述： "" c=""FFC28E54"" f=""simhei-11""></T><T t=""三人组队竞技活动，看看谁才是盖世高手。"" c=""FFFFF2DF"" f=""simhei-11""></T>","组队或单人","","","350700","350800","350900","351000","","0","","ffc800c8","ff230023","1191","1,3,5","","1","15","0","1","10","1","241","开启","1","161519","","0","0","0","1"
"242","5","比武大会","0","60","达到60级","60级开启","300","4","1","周日晚上21:30-23:00","<T t=""活动时间： "" c=""FFC28E54"" f=""simhei-11""></T><T t=""每周六、日晚上21:00-21:30为比武大会准备时间; 21:30-23:00为比武大会时间。"" c=""FFFFF2DF"" f=""simhei-11""></T><B></B><T t=""任务形式： "" c=""FFC28E54"" f=""simhei-11""></T><T t=""组队或单人"" c=""FFFFF2DF"" f=""simhei-11""></T><B></B><T t=""等级限制： "" c=""FFC28E54"" f=""simhei-11""></T><T t=""达到60级"" c=""FFFFF2DF"" f=""simhei-11""></T><B></B><T t=""任务描述： "" c=""FFC28E54"" f=""simhei-11""></T><T t=""组队参加比武大会，看哪个队伍才是最强的。"" c=""FFFFF2DF"" f=""simhei-11""></T>","组队或单人","","","350700","350800","350900","351000","","0","","ffc800c8","ff230023","1312","7","","1","-1","0","1","10","1","242","开启","1","161520","","0","0","0","1"
"316","5","虎符战将","0","60","达到60级","60级开启","300","5","1","周一21:00-22:00","<T t=""活动时间： "" c=""FFC28E54"" f=""simhei-11""></T><T t=""周一晚上21:00-22:00"" c=""FFFFF2DF"" f=""simhei-11""></T><B></B><T t=""任务形式： "" c=""FFC28E54"" f=""simhei-11""></T><T t=""组队任务"" c=""FFFFF2DF"" f=""simhei-11""></T><B></B><T t=""等级限制： "" c=""FFC28E54"" f=""simhei-11""></T><T t=""达到60级"" c=""FFFFF2DF"" f=""simhei-11""></T><B></B><T t=""任务描述： "" c=""FFC28E54"" f=""simhei-11""></T><T t=""组队挑战虎符战将获得高额奖励，请至长安城月湖传送点。"" c=""FFFFF2DF"" f=""simhei-11""></T>","组队任务","","","254003","254002","923004","927005","260003","0","","fff08723","ff230023","30427","1,2,3,4,5,6,7","","1","99","0","1","0","0","316","开启","5","","","0","0","0","1"
"317","5","巨力神将","0","60","达到60级","60级开启","300","6","1","周二21:00-22:00","<T t=""活动时间： "" c=""FFC28E54"" f=""simhei-11""></T><T t=""周二晚上21:00-22:00"" c=""FFFFF2DF"" f=""simhei-11""></T><B></B><T t=""任务形式： "" c=""FFC28E54"" f=""simhei-11""></T><T t=""组队任务"" c=""FFFFF2DF"" f=""simhei-11""></T><B></B><T t=""等级限制： "" c=""FFC28E54"" f=""simhei-11""></T><T t=""达到60级"" c=""FFFFF2DF"" f=""simhei-11""></T><B></B><T t=""任务描述： "" c=""FFC28E54"" f=""simhei-11""></T><T t=""组队挑战巨力神将，请至长安城月湖传送点。"" c=""FFFFF2DF"" f=""simhei-11""></T>","组队任务","","","254003","254002","927011","927005","260003","0","","fff08723","ff230023","30269","1,2,3,4,5,6,7","","1","99","0","1","0","0","317","开启","5","","","0","0","0","1"
"318","5","降龙尊者","0","60","达到60级","60级开启","300","7","1","周三21:00-22:00","<T t=""活动时间： "" c=""FFC28E54"" f=""simhei-11""></T><T t=""周三晚上21:00-22:00"" c=""FFFFF2DF"" f=""simhei-11""></T><B></B><T t=""任务形式： "" c=""FFC28E54"" f=""simhei-11""></T><T t=""组队任务"" c=""FFFFF2DF"" f=""simhei-11""></T><B></B><T t=""等级限制： "" c=""FFC28E54"" f=""simhei-11""></T><T t=""达到60级"" c=""FFFFF2DF"" f=""simhei-11""></T><B></B><T t=""任务描述： "" c=""FFC28E54"" f=""simhei-11""></T><T t=""组队挑战降龙尊者，请至长安城月湖传送点。"" c=""FFFFF2DF"" f=""simhei-11""></T>","组队任务","","","254003","254002","927012","927005","260003","0","","fff08723","ff230023","3209","1,2,3,4,5,6,7","","1","99","0","1","0","0","318","开启","5","","","0","0","0","1"
"319","5","伏虎尊者","0","60","达到60级","60级开启","300","8","1","周四21:00-22:00","<T t=""活动时间： "" c=""FFC28E54"" f=""simhei-11""></T><T t=""周四晚上21:00-22:00"" c=""FFFFF2DF"" f=""simhei-11""></T><B></B><T t=""任务形式： "" c=""FFC28E54"" f=""simhei-11""></T><T t=""组队任务"" c=""FFFFF2DF"" f=""simhei-11""></T><B></B><T t=""等级限制： "" c=""FFC28E54"" f=""simhei-11""></T><T t=""达到60级"" c=""FFFFF2DF"" f=""simhei-11""></T><B></B><T t=""任务描述： "" c=""FFC28E54"" f=""simhei-11""></T><T t=""组队挑战伏虎尊者，请至长安城月湖传送点。"" c=""FFFFF2DF"" f=""simhei-11""></T>","组队任务","","","254003","254002","927005","927002","927016","0","","fff08723","ff230023","30429","1,2,3,4,5,6,7","","1","99","0","1","0","0","319","开启","5","","","0","0","0","1"
"320","5","释迦摩尼","0","60","达到60级","60级开启","300","9","1","周五21:00-22:00","<T t=""活动时间： "" c=""FFC28E54"" f=""simhei-11""></T><T t=""周五晚上21:00-22:00"" c=""FFFFF2DF"" f=""simhei-11""></T><B></B><T t=""任务形式： "" c=""FFC28E54"" f=""simhei-11""></T><T t=""组队任务"" c=""FFFFF2DF"" f=""simhei-11""></T><B></B><T t=""等级限制： "" c=""FFC28E54"" f=""simhei-11""></T><T t=""达到60级"" c=""FFFFF2DF"" f=""simhei-11""></T><B></B><T t=""任务描述： "" c=""FFC28E54"" f=""simhei-11""></T><T t=""组队挑战释迦摩尼，请至长安城月湖传送点。"" c=""FFFFF2DF"" f=""simhei-11""></T>","组队任务","","","254003","254002","927005","927002","927046","0","","fff08723","ff230023","30393","1,2,3,4,5,6,7","","1","99","0","1","0","0","320","开启","5","","","0","0","0","1"
"321","5","摩诃迦叶","0","60","达到60级","60级开启","300","10","1","周六10:00-11:00","<T t=""活动时间： "" c=""FFC28E54"" f=""simhei-11""></T><T t=""周六晚上20:00-21:00"" c=""FFFFF2DF"" f=""simhei-11""></T><B></B><T t=""任务形式： "" c=""FFC28E54"" f=""simhei-11""></T><T t=""组队任务"" c=""FFFFF2DF"" f=""simhei-11""></T><B></B><T t=""等级限制： "" c=""FFC28E54"" f=""simhei-11""></T><T t=""达到60级"" c=""FFFFF2DF"" f=""simhei-11""></T><B></B><T t=""任务描述： "" c=""FFC28E54"" f=""simhei-11""></T><T t=""组队挑战摩诃迦叶，请至长安城月湖传送点。"" c=""FFFFF2DF"" f=""simhei-11""></T>","组队任务","","","254003","254002","927005","260004","260005","0","","fff08723","ff230023","30394","1,2,3,4,5,6,7","","1","99","0","1","0","0","321","开启","5","","","0","0","0","1"
"322","5","青狮魔王","0","60","达到60级","60级开启","300","11","1","周六21:00-22:00","<T t=""活动时间： "" c=""FFC28E54"" f=""simhei-11""></T><T t=""周六晚上20:00-21:00"" c=""FFFFF2DF"" f=""simhei-11""></T><B></B><T t=""任务形式： "" c=""FFC28E54"" f=""simhei-11""></T><T t=""组队任务"" c=""FFFFF2DF"" f=""simhei-11""></T><B></B><T t=""等级限制： "" c=""FFC28E54"" f=""simhei-11""></T><T t=""达到60级"" c=""FFFFF2DF"" f=""simhei-11""></T><B></B><T t=""任务描述： "" c=""FFC28E54"" f=""simhei-11""></T><T t=""组队挑战青狮魔王，请至长安城月湖传送点。"" c=""FFFFF2DF"" f=""simhei-11""></T>","组队任务","","","254003","254002","927005","927017","927049","0","","fff08723","ff230023","30376","1,2,3,4,5,6,7","","1","99","0","1","0","0","322","开启","5","","","0","0","0","1"
"323","5","白象魔王","0","60","达到60级","60级开启","300","12","1","周日10:00-11:00","<T t=""活动时间： "" c=""FFC28E54"" f=""simhei-11""></T><T t=""周日晚上20:00-21:00"" c=""FFFFF2DF"" f=""simhei-11""></T><B></B><T t=""任务形式： "" c=""FFC28E54"" f=""simhei-11""></T><T t=""组队任务"" c=""FFFFF2DF"" f=""simhei-11""></T><B></B><T t=""等级限制： "" c=""FFC28E54"" f=""simhei-11""></T><T t=""达到60级"" c=""FFFFF2DF"" f=""simhei-11""></T><B></B><T t=""任务描述： "" c=""FFC28E54"" f=""simhei-11""></T><T t=""组队挑战白象魔王，请至长安城月湖传送点。"" c=""FFFFF2DF"" f=""simhei-11""></T>","组队任务","","","254003","254002","927005","927018","927019","0","","fff08723","ff230023","30375","1,2,3,4,5,6,7","","1","99","0","1","0","0","323","开启","5","","","0","0","0","1"
"324","5","大鹏魔王","0","60","达到60级","60级开启","300","13","1","周日15:00-16:00","<T t=""活动时间： "" c=""FFC28E54"" f=""simhei-11""></T><T t=""周日晚上20:00-21:00"" c=""FFFFF2DF"" f=""simhei-11""></T><B></B><T t=""任务形式： "" c=""FFC28E54"" f=""simhei-11""></T><T t=""组队任务"" c=""FFFFF2DF"" f=""simhei-11""></T><B></B><T t=""等级限制： "" c=""FFC28E54"" f=""simhei-11""></T><T t=""达到60级"" c=""FFFFF2DF"" f=""simhei-11""></T><B></B><T t=""任务描述： "" c=""FFC28E54"" f=""simhei-11""></T><T t=""组队挑战大鹏魔王，请至长安城月湖传送点。"" c=""FFFFF2DF"" f=""simhei-11""></T>","组队任务","","","254003","254002","927005","927021","927022","0","","fff08723","ff230023","30374","1,2,3,4,5,6,7","","1","99","0","1","0","0","324","开启","5","","","0","0","0","1"
"325","5","冥界鬼王","0","60","达到60级","60级开启","300","14","1","周日21:00-22:00","<T t=""活动时间： "" c=""FFC28E54"" f=""simhei-11""></T><T t=""周日晚上20:00-21:00"" c=""FFFFF2DF"" f=""simhei-11""></T><B></B><T t=""任务形式： "" c=""FFC28E54"" f=""simhei-11""></T><T t=""组队任务"" c=""FFFFF2DF"" f=""simhei-11""></T><B></B><T t=""等级限制： "" c=""FFC28E54"" f=""simhei-11""></T><T t=""达到60级"" c=""FFFFF2DF"" f=""simhei-11""></T><B></B><T t=""任务描述： "" c=""FFC28E54"" f=""simhei-11""></T><T t=""组队挑战冥界鬼王，请至长安城月湖传送点。"" c=""FFFFF2DF"" f=""simhei-11""></T>","组队任务","","","254003","254002","927005","927024","927026","0","","fff08723","ff230023","3214","1,2,3,4,5,6,7","","1","99","0","1","0","0","325","开启","5","","","0","0","0","1"
