"id","服务1","服务2","服务3","服务4","服务5","服务6","服务7","服务8","服务9","服务10","服务11","服务12","描述"
"13100","3000","3010","100022","600017","","","","","","","","",""
"13101","3001","3011","100023","600017","","","","","","","","",""
"13102","3002","3012","100024","600017","","","","","","","","",""
"13103","3003","3013","100025","600017","","","","","","","","",""
"13104","3004","3014","100026","600017","","","","","","","","",""
"13105","3005","3015","100027","600017","","","","","","","","",""
"13106","3016","3019","100029","600017","","","","","","","","",""
"13107","3017","3020","100030","600017","","","","","","","","",""
"13108","3018","3021","100031","600017","","","","","","","","",""
"13109","3024","3027","100034","600017","","","","","","","","",""
"13110","3029","3032","999443","600017","","","","","","","","",""
"13111","3023","3026","100033","600017","","","","","","","","",""
"13112","3030","3033","999444","600017","","","","","","","","",""
"13113","3029","3032","999443","600017","","","","","","","","",""
"13114","3030","3033","999444","600017","","","","","","","","",""
"99998","999999","","","","","","","","","","","",""
"99999","999999","","","","","","","","","","","",""
"160509","100018","","","","","","","","","","","",""
"160801","","","","","","","","","","","","",""
"161301","100017","100016","","","","","","","","","","",""
"161302","100601","","","","","","","","","","","",""
"161304","","","","","","","","","","","","",""
"161501","4000","4002","4003","","","","","","","","","",""
"161502","30000","","","","","","","","","","","",""
"161503","30001","","","","","","","","","","","",""
"161504","30001","","","","","","","","","","","",""
"250374","30001","","","","","","","","","","","",""
"161505","30003","100703","","","","","","","","","","","宠物商店"
"161506","30004","","","","","","","","","","","",""
"161507","910301","910302","910303","200001","200002","","","","","","","","突破任务"
"161509","999010","253999","253998","","","","","","","","","","神兽相关袁天罡"
"161510","100001","100013","","","","","","","","","","","店小二"
"161511","100400","100187","100049","","","","","","","","","","因缘绘副本"
"161512","900050","900051","900052","","","","","","","","","",""
"161513","100018","","","","","","","","","","","",""
"161515","166","100602","","","","","","","","","","",""
"161516","100800","100801","","","","","","","","","","",""
"161518","910000","910001","910005","","","","","","","","","",""
"161519","910010","910011","910015","","","","","","","","","",""
"161520","910020","910021","910025","","","","","","","","","",""
"161521","355","900053","","","","","","","","","","",""
"161522","600026","","","","","","","","","","","",""
"161525","910101","910102","910103","910104","","","","","","","","",""
"161527","910106","910107","910112","801530","","","","","","","","","超级泡泡使者"
"161528","999011","100014","","","","","","","","","","",""
"161529","910106","910107","910112","","","","","","","","","",""
"161531","910030","910031","","","","","","","","","","",""
"161532","101001","910118","","","","","","","","","","",""
"161533","101002","","","","","","","","","","","",""
"161534","910119","","","","","","","","","","","",""
"161541","999007","999008","999009","999010","999011","999012","999013","999014","999015","999016","","",""
"161545","30001","910106","","","","","","","","","","",""
"180490","101003","","","","","","","","","","","",""
"180491","101004","","","","","","","","","","","",""
"161702","171","","","","","","","","","","","",""
"161803","171","","","","","","","","","","","",""
"161902","171","","","","","","","","","","","",""
"162002","171","","","","","","","","","","","",""
"162102","171","","","","","","","","","","","",""
"162202","171","","","","","","","","","","","",""
"161701","","","","","","","","","","","","","龙宫首席"
"161801","","","","","","","","","","","","","大唐首席"
"161901","","","","","","","","","","","","","普陀首席"
"162001","","","","","","","","","","","","","狮驼首席"
"162101","","","","","","","","","","","","","方寸首席"
"162201","","","","","","","","","","","","",""
"169001","","","","","","","","","","","","","月宫首席"
"169101","","","","","","","","","","","","",""
"169201","","","","","","","","","","","","","化生首席"
"220501","","","","","","","","","","","","","小雷音"
"165001","910113","","","","","","","","","","","",""
"165601","910002","910003","910004","","","","","","","","","",""
"165701","910012","910013","910014","","","","","","","","","",""
"165801","910022","910023","910024","","","","","","","","","",""
"169901","910022","910023","910024","","","","","","","","","",""
"169002","171","","","","","","","","","","","",""
"169102","171","","","","","","","","","","","",""
"169202","171","","","","","","","","","","","",""
"170000","100010","","","","","","","","","","","",""
"170001","100010","","","","","","","","","","","",""
"170002","100010","","","","","","","","","","","",""
"170003","100010","","","","","","","","","","","",""
"170004","100010","","","","","","","","","","","",""
"170005","100010","","","","","","","","","","","",""
"170006","100010","","","","","","","","","","","",""
"170007","100010","","","","","","","","","","","",""
"170008","100010","","","","","","","","","","","",""
"170009","100010","","","","","","","","","","","",""
"170010","100010","","","","","","","","","","","",""
"170051","","","","","","","","","","","","",""
"170052","","","","","","","","","","","","",""
"170053","","","","","","","","","","","","",""
"170054","","","","","","","","","","","","",""
"170055","","","","","","","","","","","","",""
"170056","","","","","","","","","","","","",""
"170057","","","","","","","","","","","","",""
"170058","","","","","","","","","","","","",""
"170059","","","","","","","","","","","","",""
"170060","","","","","","","","","","","","",""
"170061","","","","","","","","","","","","",""
"170062","","","","","","","","","","","","",""
"170063","","","","","","","","","","","","",""
"170064","","","","","","","","","","","","",""
"170065","","","","","","","","","","","","",""
"170066","","","","","","","","","","","","",""
"170067","","","","","","","","","","","","",""
"170068","","","","","","","","","","","","",""
"170069","","","","","","","","","","","","",""
"170070","","","","","","","","","","","","",""
"170071","","","","","","","","","","","","",""
"170072","","","","","","","","","","","","",""
"170073","","","","","","","","","","","","",""
"170074","","","","","","","","","","","","",""
"170075","","","","","","","","","","","","",""
"170076","","","","","","","","","","","","",""
"170077","","","","","","","","","","","","",""
"170078","","","","","","","","","","","","",""
"170079","","","","","","","","","","","","",""
"170080","","","","","","","","","","","","",""
"170081","","","","","","","","","","","","",""
"170082","","","","","","","","","","","","",""
"170083","","","","","","","","","","","","",""
"170084","","","","","","","","","","","","",""
"170085","","","","","","","","","","","","",""
"170086","","","","","","","","","","","","",""
"170087","","","","","","","","","","","","",""
"170088","","","","","","","","","","","","",""
"170089","","","","","","","","","","","","",""
"170090","","","","","","","","","","","","",""
"170091","","","","","","","","","","","","",""
"170092","","","","","","","","","","","","",""
"170093","","","","","","","","","","","","",""
"170094","","","","","","","","","","","","",""
"170095","","","","","","","","","","","","",""
"170096","","","","","","","","","","","","",""
"170097","","","","","","","","","","","","",""
"170100","","","","","","","","","","","","",""
"170101","","","","","","","","","","","","",""
"170102","","","","","","","","","","","","",""
"170103","","","","","","","","","","","","",""
"170104","","","","","","","","","","","","",""
"170105","","","","","","","","","","","","",""
"170106","","","","","","","","","","","","",""
"170107","","","","","","","","","","","","",""
"170108","","","","","","","","","","","","",""
"170109","","","","","","","","","","","","",""
"170110","","","","","","","","","","","","",""
"170201","100011","","","","","","","","","","","",""
"170210","","","","","","","","","","","","",""
"170211","","","","","","","","","","","","",""
"170212","","","","","","","","","","","","",""
"170213","","","","","","","","","","","","",""
"170214","","","","","","","","","","","","",""
"170215","","","","","","","","","","","","",""
"170216","","","","","","","","","","","","",""
"170217","","","","","","","","","","","","",""
"170218","","","","","","","","","","","","",""
"170219","","","","","","","","","","","","",""
"170220","","","","","","","","","","","","",""
"170221","","","","","","","","","","","","",""
"170222","","","","","","","","","","","","",""
"170223","","","","","","","","","","","","",""
"170224","","","","","","","","","","","","",""
"170225","","","","","","","","","","","","",""
"170226","","","","","","","","","","","","",""
"170227","","","","","","","","","","","","",""
"170228","","","","","","","","","","","","",""
"170229","","","","","","","","","","","","",""
"170230","","","","","","","","","","","","",""
"170231","","","","","","","","","","","","",""
"170232","","","","","","","","","","","","",""
"170233","","","","","","","","","","","","",""
"170234","","","","","","","","","","","","",""
"170235","","","","","","","","","","","","",""
"170236","","","","","","","","","","","","",""
"170237","","","","","","","","","","","","",""
"170238","","","","","","","","","","","","",""
"170239","","","","","","","","","","","","",""
"170240","","","","","","","","","","","","",""
"170241","","","","","","","","","","","","",""
"170242","","","","","","","","","","","","",""
"170243","","","","","","","","","","","","",""
"170244","","","","","","","","","","","","",""
"170245","","","","","","","","","","","","",""
"170246","","","","","","","","","","","","",""
"170247","","","","","","","","","","","","",""
"170248","","","","","","","","","","","","",""
"170249","","","","","","","","","","","","",""
"170250","","","","","","","","","","","","",""
"170251","","","","","","","","","","","","",""
"170252","","","","","","","","","","","","",""
"170253","","","","","","","","","","","","",""
"170254","","","","","","","","","","","","",""
"170255","","","","","","","","","","","","",""
"170256","","","","","","","","","","","","",""
"170257","","","","","","","","","","","","",""
"170258","","","","","","","","","","","","",""
"170259","","","","","","","","","","","","",""
"170260","","","","","","","","","","","","",""
"170261","","","","","","","","","","","","",""
"170262","","","","","","","","","","","","",""
"170263","","","","","","","","","","","","",""
"170264","","","","","","","","","","","","",""
"170265","","","","","","","","","","","","",""
"170266","","","","","","","","","","","","",""
"170267","","","","","","","","","","","","",""
"170268","","","","","","","","","","","","",""
"170269","","","","","","","","","","","","",""
"170270","","","","","","","","","","","","",""
"170271","","","","","","","","","","","","",""
"170272","","","","","","","","","","","","",""
"170273","","","","","","","","","","","","",""
"170274","","","","","","","","","","","","",""
"170275","","","","","","","","","","","","",""
"170276","","","","","","","","","","","","",""
"170277","","","","","","","","","","","","",""
"170278","","","","","","","","","","","","",""
"170279","","","","","","","","","","","","",""
"170280","","","","","","","","","","","","",""
"170281","","","","","","","","","","","","",""
"170282","","","","","","","","","","","","",""
"170283","","","","","","","","","","","","",""
"170284","","","","","","","","","","","","",""
"170285","","","","","","","","","","","","",""
"170286","","","","","","","","","","","","",""
"170287","","","","","","","","","","","","",""
"170288","","","","","","","","","","","","",""
"170289","","","","","","","","","","","","",""
"170290","","","","","","","","","","","","",""
"170291","","","","","","","","","","","","",""
"180101","100051","","","","","","","","","","","",""
"180102","100052","","","","","","","","","","","",""
"180103","100053","","","","","","","","","","","",""
"180104","100054","","","","","","","","","","","",""
"180105","100055","","","","","","","","","","","",""
"180111","100061","","","","","","","","","","","",""
"180112","100062","","","","","","","","","","","",""
"180113","100063","","","","","","","","","","","",""
"180114","100064","","","","","","","","","","","",""
"180115","100065","","","","","","","","","","","",""
"180121","100071","","","","","","","","","","","",""
"180122","100072","","","","","","","","","","","",""
"180123","100073","","","","","","","","","","","",""
"180124","100074","","","","","","","","","","","",""
"180125","100075","","","","","","","","","","","",""
"180131","100081","","","","","","","","","","","",""
"180132","100082","","","","","","","","","","","",""
"180133","100083","","","","","","","","","","","",""
"180134","100084","","","","","","","","","","","",""
"180135","100085","","","","","","","","","","","",""
"180141","100091","","","","","","","","","","","",""
"180142","100092","","","","","","","","","","","",""
"180143","100093","","","","","","","","","","","",""
"180144","100094","","","","","","","","","","","",""
"180145","100095","","","","","","","","","","","",""
"180151","100101","","","","","","","","","","","",""
"180152","100102","","","","","","","","","","","",""
"180153","100103","","","","","","","","","","","",""
"180154","100104","","","","","","","","","","","",""
"180155","100105","","","","","","","","","","","",""
"180161","100111","","","","","","","","","","","",""
"180162","100112","","","","","","","","","","","",""
"180163","100113","","","","","","","","","","","",""
"180164","100114","","","","","","","","","","","",""
"180165","100115","","","","","","","","","","","",""
"180171","100121","","","","","","","","","","","",""
"180172","100122","","","","","","","","","","","",""
"180173","100123","","","","","","","","","","","",""
"180174","100124","","","","","","","","","","","",""
"180175","100125","","","","","","","","","","","",""
"180181","100131","","","","","","","","","","","",""
"180182","100132","","","","","","","","","","","",""
"180183","100133","","","","","","","","","","","",""
"180184","100134","","","","","","","","","","","",""
"180185","100135","","","","","","","","","","","",""
"180191","100141","","","","","","","","","","","",""
"180192","100142","","","","","","","","","","","",""
"180193","100143","","","","","","","","","","","",""
"180194","100144","","","","","","","","","","","",""
"180195","100145","","","","","","","","","","","",""
"180201","100151","","","","","","","","","","","",""
"180202","100152","","","","","","","","","","","",""
"180203","100153","","","","","","","","","","","",""
"180204","100154","","","","","","","","","","","",""
"180205","100155","","","","","","","","","","","",""
"180211","100161","","","","","","","","","","","",""
"180212","100162","","","","","","","","","","","",""
"180213","100163","","","","","","","","","","","",""
"180214","100164","","","","","","","","","","","",""
"180215","100165","","","","","","","","","","","",""
"180216","100186","","","","","","","","","","","",""
"180217","100186","","","","","","","","","","","",""
"180218","100186","","","","","","","","","","","",""
"180219","100186","","","","","","","","","","","",""
"180220","100186","","","","","","","","","","","",""
"180221","100186","","","","","","","","","","","",""
"180222","100186","","","","","","","","","","","",""
"180223","100186","","","","","","","","","","","",""
"180301","100308","","","","","","","","","","","",""
"180302","100308","","","","","","","","","","","",""
"180303","100308","","","","","","","","","","","",""
"180304","100308","","","","","","","","","","","",""
"180305","100308","","","","","","","","","","","",""
"180306","100308","","","","","","","","","","","",""
"180307","100308","","","","","","","","","","","",""
"180308","100308","","","","","","","","","","","",""
"180309","100501","","","","","","","","","","","",""
"180310","100501","","","","","","","","","","","",""
"180311","100501","","","","","","","","","","","",""
"180312","100501","","","","","","","","","","","",""
"180313","100501","","","","","","","","","","","",""
"180314","100501","","","","","","","","","","","",""
"180315","100501","","","","","","","","","","","",""
"180316","100501","","","","","","","","","","","",""
"180320","100217","","","","","","","","","","","",""
"180351","100311","","","","","","","","","","","",""
"180352","100312","","","","","","","","","","","",""
"180353","100313","","","","","","","","","","","",""
"180354","100314","","","","","","","","","","","",""
"180355","100315","","","","","","","","","","","",""
"180356","100316","","","","","","","","","","","",""
"180357","100317","","","","","","","","","","","",""
"180358","100318","","","","","","","","","","","",""
"180359","100319","","","","","","","","","","","",""
"180360","100320","","","","","","","","","","","",""
"180361","100321","","","","","","","","","","","",""
"180362","100322","","","","","","","","","","","",""
"180363","100323","","","","","","","","","","","",""
"180364","100324","","","","","","","","","","","",""
"180365","100325","","","","","","","","","","","",""
"180366","100326","","","","","","","","","","","",""
"180367","100327","","","","","","","","","","","",""
"180368","100328","","","","","","","","","","","",""
"180369","100329","","","","","","","","","","","",""
"180370","100330","","","","","","","","","","","",""
"180371","100331","","","","","","","","","","","",""
"180372","100332","","","","","","","","","","","",""
"180373","100333","","","","","","","","","","","",""
"180374","100334","","","","","","","","","","","",""
"180375","100335","","","","","","","","","","","",""
"180376","100336","","","","","","","","","","","",""
"180377","100337","","","","","","","","","","","",""
"180378","100338","","","","","","","","","","","",""
"180379","100339","","","","","","","","","","","",""
"180380","100340","","","","","","","","","","","",""
"180381","100341","","","","","","","","","","","",""
"180382","100342","","","","","","","","","","","",""
"180383","100343","","","","","","","","","","","",""
"180401","100351","","","","","","","","","","","",""
"180402","100352","","","","","","","","","","","",""
"180403","100353","","","","","","","","","","","",""
"180404","100354","","","","","","","","","","","",""
"180405","100355","","","","","","","","","","","",""
"180406","100356","","","","","","","","","","","",""
"180407","100357","","","","","","","","","","","",""
"180408","100358","","","","","","","","","","","",""
"180409","100359","","","","","","","","","","","",""
"180410","100360","","","","","","","","","","","",""
"180411","100361","","","","","","","","","","","",""
"180412","100362","","","","","","","","","","","",""
"180413","100363","","","","","","","","","","","",""
"180414","100364","","","","","","","","","","","",""
"180415","100365","","","","","","","","","","","",""
"180416","100366","","","","","","","","","","","",""
"180417","100367","","","","","","","","","","","",""
"180418","100368","","","","","","","","","","","",""
"180419","100369","","","","","","","","","","","",""
"180420","100370","","","","","","","","","","","",""
"180421","100371","","","","","","","","","","","",""
"180422","100372","","","","","","","","","","","",""
"180423","100373","","","","","","","","","","","",""
"180424","100374","","","","","","","","","","","",""
"180425","100375","","","","","","","","","","","",""
"180426","100376","","","","","","","","","","","",""
"180427","100377","","","","","","","","","","","",""
"180428","100378","","","","","","","","","","","",""
"180429","100379","","","","","","","","","","","",""
"180430","100380","","","","","","","","","","","",""
"180431","100381","","","","","","","","","","","",""
"180432","100382","","","","","","","","","","","",""
"180433","100383","","","","","","","","","","","",""
"180451","100510","","","","","","","","","","","",""
"180452","100511","","","","","","","","","","","",""
"180453","100512","","","","","","","","","","","",""
"180454","100513","","","","","","","","","","","",""
"180455","100514","","","","","","","","","","","",""
"180456","100515","","","","","","","","","","","",""
"180457","100516","","","","","","","","","","","",""
"180458","100517","","","","","","","","","","","",""
"180459","100518","","","","","","","","","","","",""
"180460","100519","","","","","","","","","","","",""
"180461","100520","","","","","","","","","","","",""
"180462","100521","","","","","","","","","","","",""
"180463","100522","","","","","","","","","","","",""
"180464","100523","","","","","","","","","","","",""
"180465","100524","","","","","","","","","","","",""
"180466","100525","","","","","","","","","","","",""
"180467","100526","","","","","","","","","","","",""
"180468","100527","","","","","","","","","","","",""
"180469","100528","","","","","","","","","","","",""
"180470","100529","","","","","","","","","","","",""
"180471","100530","","","","","","","","","","","",""
"180472","100531","","","","","","","","","","","",""
"180473","100532","","","","","","","","","","","",""
"180474","100533","","","","","","","","","","","",""
"180475","100534","","","","","","","","","","","",""
"180476","100535","","","","","","","","","","","",""
"180477","100536","","","","","","","","","","","",""
"180478","100537","","","","","","","","","","","",""
"180479","100538","","","","","","","","","","","",""
"180480","100539","","","","","","","","","","","",""
"180481","100540","","","","","","","","","","","",""
"180482","100541","","","","","","","","","","","",""
"180483","100542","","","","","","","","","","","",""
"180651","100550","","","","","","","","","","","",""
"180652","100551","","","","","","","","","","","",""
"180653","100552","","","","","","","","","","","",""
"180654","100553","","","","","","","","","","","",""
"180655","100554","","","","","","","","","","","",""
"180656","100555","","","","","","","","","","","",""
"180657","100556","","","","","","","","","","","",""
"180658","100557","","","","","","","","","","","",""
"180659","100558","","","","","","","","","","","",""
"180660","100559","","","","","","","","","","","",""
"180661","100560","","","","","","","","","","","",""
"180662","100561","","","","","","","","","","","",""
"180663","100562","","","","","","","","","","","",""
"180664","100563","","","","","","","","","","","",""
"180665","100564","","","","","","","","","","","",""
"180666","100565","","","","","","","","","","","",""
"180667","100566","","","","","","","","","","","",""
"180668","100567","","","","","","","","","","","",""
"180669","100568","","","","","","","","","","","",""
"180670","100569","","","","","","","","","","","",""
"180671","100570","","","","","","","","","","","",""
"180672","100571","","","","","","","","","","","",""
"180673","100572","","","","","","","","","","","",""
"180674","100573","","","","","","","","","","","",""
"180675","100574","","","","","","","","","","","",""
"180676","100575","","","","","","","","","","","",""
"180677","100576","","","","","","","","","","","",""
"180678","100577","","","","","","","","","","","",""
"180679","100578","","","","","","","","","","","",""
"180680","100579","","","","","","","","","","","",""
"180681","100580","","","","","","","","","","","",""
"180682","100581","","","","","","","","","","","",""
"180683","100582","","","","","","","","","","","",""
"180501","100021","","","","","","","","","","","",""
"180502","100021","","","","","","","","","","","",""
"180503","100021","","","","","","","","","","","",""
"180504","100021","","","","","","","","","","","",""
"180505","100021","","","","","","","","","","","",""
"180506","100021","","","","","","","","","","","",""
"180507","100021","","","","","","","","","","","",""
"180508","100021","","","","","","","","","","","",""
"180601","100401","","","","","","","","","","","",""
"180602","100402","","","","","","","","","","","",""
"180603","100403","","","","","","","","","","","",""
"180604","100404","","","","","","","","","","","",""
"180605","100405","","","","","","","","","","","",""
"180606","100406","","","","","","","","","","","",""
"180607","100407","","","","","","","","","","","",""
"180608","100408","","","","","","","","","","","",""
"180609","100409","","","","","","","","","","","",""
"180610","100410","","","","","","","","","","","",""
"180611","100411","","","","","","","","","","","",""
"180612","100412","","","","","","","","","","","",""
"180613","100413","","","","","","","","","","","",""
"180614","100414","","","","","","","","","","","",""
"180615","100415","","","","","","","","","","","",""
"180616","100416","","","","","","","","","","","",""
"180617","100417","","","","","","","","","","","",""
"180618","100418","","","","","","","","","","","",""
"180619","100419","","","","","","","","","","","",""
"180620","100420","","","","","","","","","","","",""
"180621","100421","","","","","","","","","","","",""
"180622","100422","","","","","","","","","","","",""
"180623","100423","","","","","","","","","","","",""
"180624","100424","","","","","","","","","","","",""
"180625","100425","","","","","","","","","","","",""
"180626","100426","","","","","","","","","","","",""
"180627","100427","","","","","","","","","","","",""
"180628","100428","","","","","","","","","","","",""
"180629","100429","","","","","","","","","","","",""
"180630","100430","","","","","","","","","","","",""
"180631","100431","","","","","","","","","","","",""
"180632","100432","","","","","","","","","","","",""
"180633","100433","","","","","","","","","","","",""
"180634","100434","","","","","","","","","","","",""
"180635","100435","","","","","","","","","","","",""
"180636","100436","","","","","","","","","","","",""
"180637","100437","","","","","","","","","","","",""
"180638","100438","","","","","","","","","","","",""
"180639","100439","","","","","","","","","","","",""
"180640","100440","","","","","","","","","","","",""
"180641","100441","","","","","","","","","","","",""
"180642","100442","","","","","","","","","","","",""
"180643","100443","","","","","","","","","","","",""
"180644","100444","","","","","","","","","","","",""
"180645","100445","","","","","","","","","","","",""
"180646","100446","","","","","","","","","","","",""
"180647","100447","","","","","","","","","","","",""
"180648","100448","","","","","","","","","","","",""
"180649","100449","","","","","","","","","","","",""
"180650","100450","","","","","","","","","","","",""
"181000","100021","","","","","","","","","","","",""
"182101","1483","","","","","","","","","","","",""
"182102","1484","","","","","","","","","","","",""
"182103","1485","","","","","","","","","","","",""
"182104","1486","","","","","","","","","","","",""
"182105","1487","","","","","","","","","","","",""
"182201","1488","","","","","","","","","","","",""
"182202","1489","","","","","","","","","","","",""
"182203","1490","","","","","","","","","","","",""
"182204","1491","","","","","","","","","","","",""
"182205","1492","","","","","","","","","","","",""
"182301","1493","","","","","","","","","","","",""
"182302","1494","","","","","","","","","","","",""
"182303","1495","","","","","","","","","","","",""
"182304","1496","","","","","","","","","","","",""
"182305","1497","","","","","","","","","","","",""
"182401","1498","","","","","","","","","","","",""
"182402","1499","","","","","","","","","","","",""
"182403","1500","","","","","","","","","","","",""
"182404","1501","","","","","","","","","","","",""
"182405","1502","","","","","","","","","","","",""
"182501","1508","","","","","","","","","","","",""
"182502","1509","","","","","","","","","","","",""
"182503","1510","","","","","","","","","","","",""
"182504","1511","","","","","","","","","","","",""
"182505","1512","","","","","","","","","","","",""
"182601","1513","","","","","","","","","","","",""
"182602","1514","","","","","","","","","","","",""
"182603","1515","","","","","","","","","","","",""
"182604","1516","","","","","","","","","","","",""
"182605","1517","","","","","","","","","","","",""
"182701","1518","","","","","","","","","","","",""
"182702","1519","","","","","","","","","","","",""
"182703","1520","","","","","","","","","","","",""
"182704","1521","","","","","","","","","","","",""
"182705","1522","","","","","","","","","","","",""
"182801","1523","","","","","","","","","","","",""
"182802","1524","","","","","","","","","","","",""
"182803","1525","","","","","","","","","","","",""
"182804","1526","","","","","","","","","","","",""
"182805","1527","","","","","","","","","","","",""
"182901","1528","","","","","","","","","","","",""
"182902","1529","","","","","","","","","","","",""
"182903","1530","","","","","","","","","","","",""
"182904","1531","","","","","","","","","","","",""
"182905","1532","","","","","","","","","","","",""
"183001","1533","","","","","","","","","","","",""
"183002","1534","","","","","","","","","","","",""
"183003","1535","","","","","","","","","","","",""
"183004","1536","","","","","","","","","","","",""
"183005","1537","","","","","","","","","","","",""
"183101","1538","","","","","","","","","","","",""
"183102","1539","","","","","","","","","","","",""
"183103","1540","","","","","","","","","","","",""
"183104","1541","","","","","","","","","","","",""
"183105","1542","","","","","","","","","","","",""
"183201","1543","","","","","","","","","","","",""
"183202","1544","","","","","","","","","","","",""
"183203","1545","","","","","","","","","","","",""
"183204","1546","","","","","","","","","","","",""
"183205","1547","","","","","","","","","","","",""
"183301","1548","","","","","","","","","","","",""
"183302","1549","","","","","","","","","","","",""
"183303","1550","","","","","","","","","","","",""
"183304","1551","","","","","","","","","","","",""
"183305","1552","","","","","","","","","","","",""
"183401","1553","","","","","","","","","","","",""
"183402","1554","","","","","","","","","","","",""
"183403","1555","","","","","","","","","","","",""
"183404","1556","","","","","","","","","","","",""
"183405","1557","","","","","","","","","","","",""
"183501","1558","","","","","","","","","","","",""
"183502","1559","","","","","","","","","","","",""
"183503","1560","","","","","","","","","","","",""
"183504","1561","","","","","","","","","","","",""
"183505","1562","","","","","","","","","","","",""
"183601","1563","","","","","","","","","","","",""
"183602","1564","","","","","","","","","","","",""
"183603","1565","","","","","","","","","","","",""
"183604","1566","","","","","","","","","","","",""
"183605","1567","","","","","","","","","","","",""
"183701","1568","","","","","","","","","","","",""
"183702","1569","","","","","","","","","","","",""
"183703","1570","","","","","","","","","","","",""
"183704","1571","","","","","","","","","","","",""
"183705","1572","","","","","","","","","","","",""
"183801","1573","","","","","","","","","","","",""
"183802","1574","","","","","","","","","","","",""
"183901","1503","","","","","","","","","","","",""
"183902","1504","","","","","","","","","","","",""
"183903","1505","","","","","","","","","","","",""
"183904","1506","","","","","","","","","","","",""
"183905","1507","","","","","","","","","","","",""
"199901","999001","","","","","","","","","","","",""
"199902","999002","","","","","","","","","","","",""
"199903","999003","","","","","","","","","","","",""
"199904","999004","","","","","","","","","","","",""
"199905","999005","","","","","","","","","","","",""
"999999","900004","","","","","","","","","","","",""
"211107","","","","","","","","","","","","",""
"211108","","","","","","","","","","","","",""
"211109","","","","","","","","","","","","",""
"211110","","","","","","","","","","","","",""
"211111","","","","","","","","","","","","",""
"211112","","","","","","","","","","","","",""
"211113","","","","","","","","","","","","",""
"211114","","","","","","","","","","","","",""
"211115","","","","","","","","","","","","",""
"211116","","","","","","","","","","","","",""
"211117","","","","","","","","","","","","",""
"211118","","","","","","","","","","","","",""
"211119","","","","","","","","","","","","",""
"211120","","","","","","","","","","","","",""
"211121","","","","","","","","","","","","",""
"211122","","","","","","","","","","","","",""
"211123","","","","","","","","","","","","",""
"211124","","","","","","","","","","","","",""
"211125","","","","","","","","","","","","",""
"211126","","","","","","","","","","","","",""
"211127","","","","","","","","","","","","",""
"211128","4007","","","","","","","","","","","",""
"211129","4008","","","","","","","","","","","",""
"211130","4009","","","","","","","","","","","",""
"211131","","","","","","","","","","","","",""
"211132","","","","","","","","","","","","",""
"211133","","","","","","","","","","","","",""
"300001","200101","","","","","","","","","","","",""
"211134","","","","","","","","","","","","",""
"211135","","","","","","","","","","","","",""
"211136","","","","","","","","","","","","",""
"211137","","","","","","","","","","","","",""
"211138","","","","","","","","","","","","",""
"211139","","","","","","","","","","","","",""
"211140","","","","","","","","","","","","",""
"211141","","","","","","","","","","","","",""
"211142","","","","","","","","","","","","",""
"211143","","","","","","","","","","","","",""
"211144","","","","","","","","","","","","",""
"211145","","","","","","","","","","","","",""
"211146","","","","","","","","","","","","",""
"161508","","","","","","","","","","","","",""
"161617","910203","910204","","","","","","","","","","",""
"171221","910215","910207","910208","910209","","","","","","","","",""
"171202","910205","910206","910208","910210","","","","","","","","",""
"171206","910205","910206","910208","910211","","","","","","","","",""
"171210","910205","910206","910208","910212","","","","","","","","",""
"171214","910205","910206","910208","910213","","","","","","","","",""
"171218","910205","910206","910208","910214","","","","","","","","",""
"1615083","999007","999319","","","","","","","","","","",""
"1615078","999009","","","","","","","","","","","",""
"1615085","999010","","","","","","","","","","","",""
"1615079","999011","30000","","","","","","","","","","",""
"1615084","999012","","","","","","","","","","","",""
"1615090","999013","","","","","","","","","","","",""
"1615077","999014","30000","","","","","","","","","","",""
"1615081","999711","999714","999735","","","","","","","","","","熊猫使者"
"1615088","30001","999010","999690","","","","","","","","","",""
"1615087","999007","","","","","","","","","","","",""
"1615086","999007","","","","","","","","","","","",""
"1615089","999007","","","","","","","","","","","",""
"1615082","999007","30000","","","","","","","","","","",""
"1615091","999333","999334","","","","","","","","","","",""
"1615092","999320","999321","999322","999323","","","","","","","","",""
"170112","30000","","","","","","","","","","","",""
"290409","999999","","","","","","","","","","","","木桩"
"290413","999464","999465","999690","999701","","","","","","","","",""
"169505","","","","","","","","","","","","",""
"169506","999346","","","","","","","","","","","",""
"169507","30002","","","","","","","","","","","",""
"168905","999349","","","","","","","","","","","",""
"290346","30001","999999","","","","","","","","","","",""
"290347","30001","999999","","","","","","","","","","",""
"290348","30001","999999","","","","","","","","","","",""
"290349","30001","999999","","","","","","","","","","",""
"168802","","","","","","","","","","","","",""
"1615080","999400","999401","999402","999405","","","","","","","","",""
"290400","999422","999423","999424","999425","999426","999427","999428","999429","999454","","","",""
"290350","999422","999423","999424","999425","999426","999427","999428","999429","999454","","","",""
"290351","999430","999431","999432","999347","999348","999349","999350","999445","","","","",""
"290352","999433","999434","999435","999436","999437","999438","999439","999440","999441","","","",""
"290353","999446","999447","999448","999449","999450","999451","999452","999453","","","","",""
"169203","999437","","","","","","","","","","","",""
"169103","999437","","","","","","","","","","","",""
"169003","999437","","","","","","","","","","","",""
"162203","999437","","","","","","","","","","","",""
"162103","999437","","","","","","","","","","","",""
"162003","999437","","","","","","","","","","","",""
"161903","999437","","","","","","","","","","","",""
"161804","999437","","","","","","","","","","","",""
"161703","999437","","","","","","","","","","","",""
"168904","999437","","","","","","","","","","","",""
"169804","999437","","","","","","","","","","","",""
"162304","999437","","","","","","","","","","","",""
"210704","999437","","","","","","","","","","","",""
"210604","999437","","","","","","","","","","","",""
"210504","999437","","","","","","","","","","","",""
"290360","999456","999457","999458","","","","","","","","","",""
"290361","999351","","","","","","","","","","","",""
"290362","100019","","","","","","","","","","","",""
"290363","100020","","","","","","","","","","","",""
"290367","999588","999846","","","","","","","","","","","大雪人"
"290365","999681","999676","999660","","","","","","","","","",""
"221716","999344","","","","","","","","","","","",""
"180001","100171","","","","","","","","","","","",""
"180002","100172","","","","","","","","","","","",""
"180003","100173","","","","","","","","","","","",""
"180004","100174","","","","","","","","","","","",""
"180005","100175","","","","","","","","","","","",""
"180006","100176","","","","","","","","","","","",""
"180007","100177","","","","","","","","","","","",""
"180008","100178","","","","","","","","","","","",""
"180009","100179","","","","","","","","","","","",""
"180010","100180","","","","","","","","","","","",""
"180011","100181","","","","","","","","","","","",""
"180012","999461","","","","","","","","","","","",""
"180013","999461","","","","","","","","","","","",""
"180014","999461","","","","","","","","","","","",""
"180015","999461","","","","","","","","","","","",""
"180016","999461","","","","","","","","","","","",""
"180017","999461","","","","","","","","","","","",""
"180018","999461","","","","","","","","","","","",""
"180019","999461","","","","","","","","","","","",""
"180020","999461","","","","","","","","","","","",""
"180021","999461","","","","","","","","","","","",""
"88881","999345","","","","","","","","","","","",""
"88882","999345","","","","","","","","","","","",""
"88883","999345","","","","","","","","","","","",""
"88884","999345","","","","","","","","","","","",""
"88885","999345","","","","","","","","","","","",""
"88886","999345","","","","","","","","","","","",""
"88887","999345","","","","","","","","","","","",""
"88888","999345","","","","","","","","","","","",""
"88889","999345","","","","","","","","","","","",""
"88890","999345","","","","","","","","","","","",""
"88891","999352","","","","","","","","","","","",""
"88892","999352","","","","","","","","","","","",""
"88893","999352","","","","","","","","","","","",""
"88894","999352","","","","","","","","","","","",""
"88895","999352","","","","","","","","","","","",""
"88896","999352","","","","","","","","","","","",""
"88897","999352","","","","","","","","","","","",""
"88898","999352","","","","","","","","","","","",""
"88899","999352","","","","","","","","","","","",""
"88900","999352","","","","","","","","","","","",""
"290364","999487","","","","","","","","","","","",""
"90001","999471","","","","","","","","","","","",""
"90002","999472","","","","","","","","","","","",""
"90003","999473","","","","","","","","","","","",""
"90004","999474","","","","","","","","","","","",""
"90005","999475","","","","","","","","","","","",""
"90006","999476","","","","","","","","","","","",""
"90007","999477","","","","","","","","","","","",""
"90008","999478","","","","","","","","","","","",""
"90009","999479","","","","","","","","","","","",""
"90010","999480","","","","","","","","","","","",""
"90011","999481","","","","","","","","","","","",""
"90012","999482","","","","","","","","","","","",""
"90013","999483","","","","","","","","","","","",""
"90014","999484","","","","","","","","","","","",""
"90015","999485","","","","","","","","","","","",""
"221714","999486","","","","","","","","","","","",""
"288901","999471","","","","","","","","","","","",""
"288902","999472","","","","","","","","","","","",""
"288903","999473","","","","","","","","","","","",""
"288904","999474","","","","","","","","","","","",""
"288905","999475","","","","","","","","","","","",""
"288906","999476","","","","","","","","","","","",""
"288907","999477","","","","","","","","","","","",""
"288908","999478","","","","","","","","","","","",""
"288909","999479","","","","","","","","","","","",""
"288910","999480","","","","","","","","","","","",""
"288911","999481","","","","","","","","","","","",""
"288912","999482","","","","","","","","","","","",""
"288913","999483","","","","","","","","","","","",""
"288914","999484","","","","","","","","","","","",""
"288915","999485","","","","","","","","","","","",""
"88916","","","","","","","","","","","","",""
"88917","","","","","","","","","","","","",""
"88918","","","","","","","","","","","","",""
"88919","","","","","","","","","","","","",""
"88935","999489","999490","999491","999492","999493","999494","999495","999496","999497","","","",""
"88936","999498","999499","999500","999501","999502","999503","999504","999505","","","","",""
"88937","999506","999507","999508","999509","999510","999511","999512","999513","999514","","","",""
"88938","999515","999516","999517","999518","999519","999520","999521","999522","","","","",""
"88939","999523","999524","999525","999526","999527","999528","","","","","","",""
"88940","999529","999530","999531","999532","999533","999534","","","","","","",""
"88941","999535","999536","999537","999538","999539","999540","","","","","","",""
"88942","999541","999542","999543","999544","999545","999546","","","","","","",""
"88943","999547","999548","999549","999550","999551","999552","","","","","","",""
"88944","999553","999554","999555","999556","999557","999558","999559","999560","999561","","","",""
"88945","999562","999563","999564","999565","999566","999567","999568","999569","","","","",""
"88946","999570","999571","999572","999573","999574","999575","999576","999577","999578","","","",""
"88947","999579","999580","999581","999582","999583","999584","999585","999586","","","","",""
"88950","999589","","","","","","","","","","","",""
"88949","999590","300000","388888","","","","","","","","","",""
"161517","","","","","","","","","","","","",""
"290354","999596","","","","","","","","","","","",""
"290355","999597","","","","","","","","","","","",""
"290356","999598","","","","","","","","","","","",""
"290357","999599","","","","","","","","","","","",""
"290358","999600","","","","","","","","","","","",""
"290359","999601","","","","","","","","","","","",""
"88994","999602","999603","999604","999605","999606","999607","999608","999609","","","","",""
"88995","999610","999611","999612","999613","999614","999615","999616","999617","","","","",""
"88996","999618","999619","999620","999621","999622","999623","","","","","","",""
"88997","999624","999625","999626","999627","999628","999629","999630","999631","999632","","","",""
"88998","999633","999634","999635","999636","999637","999638","999639","999640","999641","","","",""
"221701","","","","","","","","","","","","",""
"221706","999999","","","","","","","","","","","",""
"221708","30001","","","","","","","","","","","",""
"180022","999691","","","","","","","","","","","",""
"180023","999692","","","","","","","","","","","",""
"180024","999693","","","","","","","","","","","",""
"180025","999694","","","","","","","","","","","",""
"180026","999695","","","","","","","","","","","",""
"180027","999696","","","","","","","","","","","",""
"180028","999697","","","","","","","","","","","",""
"180029","999698","","","","","","","","","","","",""
"180030","999699","","","","","","","","","","","",""
"180031","999700","","","","","","","","","","","",""
"160703","","","","","","","","","","","","",""
"161537","","","","","","","","","","","","",""
"161538","30001","","","","","","","","","","","",""
"260009","999726","","","","","","","","","","","",""
"260010","801532","802029","","","","","","","","","","",""
"260011","999733","999734","999735","999756","999757","","","","","","","",""
"260012","300000","999660","388888","999703","999704","999709","","","","","","",""
"260014","999759","999760","999761","999762","999767","","","","","","","",""
"260015","999768","","","","","","","","","","","",""
"260016","999769","","","","","","","","","","","",""
"260017","999770","","","","","","","","","","","",""
"260018","999771","","","","","","","","","","","",""
"160805","999772","","","","","","","","","","","",""
"260019","999773","","","","","","","","","","","",""
"260020","999774","","","","","","","","","","","",""
"260021","999775","","","","","","","","","","","",""
"260022","999776","","","","","","","","","","","",""
"260024","999778","","","","","","","","","","","",""
"260025","999779","","","","","","","","","","","",""
"260026","999780","","","","","","","","","","","",""
"260032","999781","999782","999783","999784","","","","","","","","",""
"260034","999785","","","","","","","","","","","",""
"290368","999998","999787","999997","999996","","","","","","","","","月老"
"260041","999855","","","","","","","","","","","","降龙罗汉"
"222404","111591","","","","","","","","","","","",""
"221720","30005","","","","","","","","","","","",""
"161850","800101","","","","","","","","","","","","大唐弟子"
"162150","800101","","","","","","","","","","","","方寸山弟子"
"162050","800101","","","","","","","","","","","","狮驼岭弟子"
"180250","800101","","","","","","","","","","","","阴曹地府弟子"
"161750","800101","","","","","","","","","","","","龙宫弟子"
"161950","800101","","","","","","","","","","","","普陀山弟子"
"169150","800101","","","","","","","","","","","","魔王寨弟子"
"169050","800101","","","","","","","","","","","","月宫弟子"
"169250","800101","","","","","","","","","","","","化生寺弟子"
"260000","600023","","","","","","","","","","","","大唐弟子"
"260001","600023","","","","","","","","","","","","方寸山弟子"
"260002","600023","","","","","","","","","","","","狮驼岭弟子"
"260003","600023","","","","","","","","","","","","阴曹地府弟子"
"260004","600023","","","","","","","","","","","","龙宫弟子"
"260005","600023","","","","","","","","","","","","普陀山弟子"
"260006","600023","","","","","","","","","","","","魔王寨弟子"
"260007","600023","","","","","","","","","","","","月宫弟子"
"260008","600023","","","","","","","","","","","","化生寺弟子"
"88951","801531","","","","","","","","","","","",""
"170152","802121","802137","802153","802169","802185","","","","","","","",""
"500001","","","","","","","","","","","","","进入战斗"
"500002","","","","","","","","","","","","","进入战斗"
"500003","","","","","","","","","","","","","进入战斗"
"500004","","","","","","","","","","","","","进入战斗"
"500005","","","","","","","","","","","","","进入战斗"
"500006","","","","","","","","","","","","","进入战斗"
"500007","","","","","","","","","","","","","进入战斗"
"500008","","","","","","","","","","","","","进入战斗"
"500009","","","","","","","","","","","","","进入战斗"
"500010","","","","","","","","","","","","","进入战斗"
"500011","","","","","","","","","","","","","进入战斗"
"500012","","","","","","","","","","","","","进入战斗"
"500013","","","","","","","","","","","","","进入战斗"
"500014","","","","","","","","","","","","","进入战斗"
"500015","","","","","","","","","","","","","进入战斗"
"500016","","","","","","","","","","","","","进入战斗"
"500017","","","","","","","","","","","","","进入战斗"
"500018","","","","","","","","","","","","","进入战斗"
"500019","","","","","","","","","","","","","进入战斗"
"500020","","","","","","","","","","","","","进入战斗"
"1615001","254001","910107","","","","","","","","","","","我来兑换超级神羊"
"1615002","254002","910107","","","","","","","","","","","我来兑换超级泡泡"
"1615003","254003","910107","","","","","","","","","","","我来兑换超级九色鹿"
"1615004","254004","910107","","","","","","","","","","","我来兑换超级大熊猫"
"1611000","250003","250004","250005","","","","","","","","","","兑换高级内丹"
"1611999","254200","254201","254202","","","","","","","","","","炼妖石合成"
"1611001","254005","910107","","","","","","","","","","","我来兑换超级神鸡"
"1611002","254006","910107","","","","","","","","","","","我来兑换超级神猴"
"1611003","254007","910107","","","","","","","","","","","我来兑换超级赤焰兽"
"1611004","254008","910107","","","","","","","","","","","我来兑换超级神龙"
"260013","600016","600017","","","","","","","","","","",""
"180492","101010","","","","","","","","","","","",""
"180493","800102","","","","","","","","","","","",""
"161606","100012","","","","","","","","","","","","宠物仓库"
"163001","999999","","","","","","","","","","","",""
"163002","999999","","","","","","","","","","","",""
"163003","999999","","","","","","","","","","","",""
"163004","999999","","","","","","","","","","","",""
"163005","999999","","","","","","","","","","","",""
"163006","999999","","","","","","","","","","","",""
"163007","999999","","","","","","","","","","","",""
"163008","999999","","","","","","","","","","","",""
"163009","999999","","","","","","","","","","","",""
"163010","999999","","","","","","","","","","","",""
"163011","999999","","","","","","","","","","","",""
"163012","999999","","","","","","","","","","","",""
"163013","999999","","","","","","","","","","","",""
"163014","999999","","","","","","","","","","","",""
"163015","999999","","","","","","","","","","","",""
"163016","999999","","","","","","","","","","","",""
"163017","999999","","","","","","","","","","","",""
"161536","130016","","","","","","","","","","","",""
"161403","600020","600021","","","","","","","","","","",""
"161305","30000","","","","","","","","","","","",""
"250289","602003","","","","","","","","","","","",""
"250290","602003","","","","","","","","","","","",""
"250291","602003","","","","","","","","","","","",""
"250292","602003","","","","","","","","","","","",""
"250293","602003","","","","","","","","","","","",""
"250294","602003","","","","","","","","","","","",""
"250295","602003","","","","","","","","","","","",""
"250296","602003","","","","","","","","","","","",""
"250297","602003","","","","","","","","","","","",""
"250298","602003","","","","","","","","","","","",""
"250299","602000","602001","","","","","","","","","","",""
"161539","700001","","","","","","","","","","","","宠物兑换"
"161540","700015","","","","","","","","","","","","灵兽兑换"
"221801","603001","","","","","","","","","","","",""
"221802","30001","","","","","","","","","","","",""
"250344","30001","","","","","","","","","","","",""
"161560","930670","810622","810623","","","","","","","","","",""
"250313","930120","","","","","","","","","","","",""
"250314","930121","","","","","","","","","","","",""
"250315","930122","","","","","","","","","","","",""
"250316","930123","","","","","","","","","","","",""
"250317","930124","","","","","","","","","","","",""
"250318","930125","","","","","","","","","","","",""
"250319","930126","","","","","","","","","","","",""
"250320","930127","","","","","","","","","","","",""
"250321","930128","","","","","","","","","","","",""
"250322","930129","","","","","","","","","","","",""
"250323","930130","","","","","","","","","","","",""
"250324","930131","","","","","","","","","","","",""
"250325","930132","","","","","","","","","","","",""
"250326","930133","","","","","","","","","","","",""
"250345","","","","","","","","","","","","",""
"250346","","","","","","","","","","","","",""
"250347","","","","","","","","","","","","",""
"250348","","","","","","","","","","","","",""
"250349","","","","","","","","","","","","",""
"250350","","","","","","","","","","","","",""
"250351","","","","","","","","","","","","",""
"250352","","","","","","","","","","","","",""
"250353","","","","","","","","","","","","",""
"250354","","","","","","","","","","","","",""
"250355","","","","","","","","","","","","",""
"250356","","","","","","","","","","","","",""
"250357","","","","","","","","","","","","",""
"250358","","","","","","","","","","","","",""
"250359","","","","","","","","","","","","",""
"250360","","","","","","","","","","","","",""
"250361","","","","","","","","","","","","",""
"250362","","","","","","","","","","","","",""
"250363","","","","","","","","","","","","",""
"250364","810388","810394","810400","810406","","","","","","","","",""
"250365","810412","","","","","","","","","","","",""
"250366","810413","","","","","","","","","","","",""
"250367","810414","","","","","","","","","","","",""
"250368","810415","","","","","","","","","","","",""
"250369","810416","","","","","","","","","","","",""
"250370","810417","","","","","","","","","","","",""
"250371","810418","","","","","","","","","","","",""
"250372","810419","","","","","","","","","","","",""
"250373","810420","","","","","","","","","","","",""
"250375","","","","","","","","","","","","",""
"250376","","","","","","","","","","","","",""
"250377","","","","","","","","","","","","",""
"250378","","","","","","","","","","","","",""
"250379","","","","","","","","","","","","",""
"250380","","","","","","","","","","","","",""
"250381","","","","","","","","","","","","",""
"250382","","","","","","","","","","","","",""
"250383","","","","","","","","","","","","",""
"250384","","","","","","","","","","","","",""
"250385","810421","810432","810443","","","","","","","","","",""
"250386","810498","810511","810524","810537","","","","","","","","",""
"250387","810550","810560","810570","810580","810590","810600","","","","","","",""
"250388","810616","","","","","","","","","","","","专属法宝"
"250389","810610","","","","","","","","","","","","棒棒糖"
"250390","","","","","","","","","","","","",""
"250391","","","","","","","","","","","","",""
"250392","","","","","","","","","","","","",""
"250393","","","","","","","","","","","","",""
"250394","","","","","","","","","","","","",""
"250395","","","","","","","","","","","","",""
"250396","","","","","","","","","","","","",""
"250397","","","","","","","","","","","","",""
"250398","","","","","","","","","","","","",""
"250399","","","","","","","","","","","","",""
"250400","","","","","","","","","","","","",""
"250401","","","","","","","","","","","","",""
"250402","","","","","","","","","","","","",""
"250403","","","","","","","","","","","","",""
"250404","","","","","","","","","","","","",""
"250405","","","","","","","","","","","","",""
"250406","","","","","","","","","","","","",""
"250407","","","","","","","","","","","","",""
"250408","","","","","","","","","","","","",""
"250409","","","","","","","","","","","","",""
"250410","","","","","","","","","","","","",""
"250411","","","","","","","","","","","","",""
"250412","","","","","","","","","","","","",""
"250413","","","","","","","","","","","","",""
"250414","","","","","","","","","","","","",""
"250415","","","","","","","","","","","","",""
"250416","","","","","","","","","","","","",""
"250417","","","","","","","","","","","","",""
"250418","","","","","","","","","","","","",""
"250419","","","","","","","","","","","","",""
"250420","","","","","","","","","","","","",""
"250421","","","","","","","","","","","","",""
"250422","","","","","","","","","","","","",""
"250423","","","","","","","","","","","","",""
"250424","","","","","","","","","","","","",""
"250425","","","","","","","","","","","","",""
"250426","","","","","","","","","","","","",""
"250427","","","","","","","","","","","","",""
"250428","","","","","","","","","","","","",""
"250429","","","","","","","","","","","","",""
"250430","","","","","","","","","","","","",""
"250431","","","","","","","","","","","","",""
"250432","","","","","","","","","","","","",""
"250433","","","","","","","","","","","","",""
"250434","810625","810626","810627","810628","810629","","","","","","","",""
"250435","810630","810635","810640","810645","810650","810655","810660","810665","","","","",""
