id,技能id,等级,制作变化卡1,制作变化卡2,制作变化卡3,消耗物品,消耗物品数量,简介
1,360027,0,332081,332082,332083,331101,1,1级可继承的卡片
2,360027,10,332081,332082,332083,331101,2,1级可继承的卡片
3,360027,20,332081,332082,332083,331101,3,2级可继承的卡片
4,360027,30,332081,332082,332083,331101,4,3级可继承的卡片
5,360027,40,332081,332082,332083,331101,5,4级可继承的卡片
6,360027,50,332081,332082,332083,331101,6,5级可继承的卡片
7,360027,60,332081,332082,332083,331101,7,6级可继承的卡片
8,360027,70,332081,332082,332083,331101,8,7级可继承的卡片
9,360027,80,332081,332082,332083,331101,9,8级可继承的卡片
10,360027,90,332081,332082,332083,331101,10,9级可继承的卡片
,,,,,,,,
,,,,,,,,
,,,,,,,,
,,,,,,,,
,,,,,,,,
,,,,,,,,
,,,,,,,,
,,,,,,,,
,,,,,,,,
,,,,,,,,
,,,,,,,,
,,,,,,,,
,,,,,,,,
,,,,,,,,
,,,,,,,,
,,,,,,,,
,,,,,,,,
